a,b,L,q,theta0,eta,gradient_S_q,theta1,P_before,P_after,delta_P,delta_P_pp,initial_query_fraction,q_critical_raw,initial_effect
0.75,0.5,6.0,0.1,0.0,0.1,0.031249999999999983,-0.0031249999999999984,0.5,0.497265693980028,-0.002734306019971988,-0.2734306019971988,0.07,0.125,harm
0.75,0.5,6.1,0.1,0.0,0.1,0.03437499999999999,-0.003437499999999999,0.5,0.496949315207617,-0.0030506847923830183,-0.3050684792383018,0.07,0.12704918032786883,harm
0.75,0.5,6.2,0.1,0.0,0.1,0.03749999999999999,-0.0037499999999999994,0.5,0.49662513145971954,-0.0033748685402804623,-0.33748685402804623,0.07,0.12903225806451613,harm
0.75,0.5,6.3,0.1,0.0,0.1,0.040624999999999994,-0.004062499999999999,0.5,0.49629314407166575,-0.0037068559283342517,-0.37068559283342517,0.07,0.13095238095238093,harm
0.75,0.5,6.4,0.1,0.0,0.1,0.04375,-0.0043749999999999995,0.5,0.49595335452103306,-0.004046645478966937,-0.4046645478966937,0.07,0.1328125,harm
0.75,0.5,6.5,0.1,0.0,0.1,0.046875,-0.004687500000000001,0.5,0.49560576443619125,-0.004394235563808746,-0.4394235563808746,0.07,0.1346153846153846,harm
0.75,0.5,6.6,0.1,0.0,0.1,0.049999999999999975,-0.0049999999999999975,0.5,0.4952503756050685,-0.004749624394931484,-0.4749624394931484,0.07,0.13636363636363635,harm
0.75,0.5,6.7,0.1,0.0,0.1,0.05312499999999998,-0.005312499999999998,0.5,0.4948871899841384,-0.005112810015861613,-0.5112810015861613,0.07,0.13805970149253732,harm
0.75,0.5,6.8,0.1,0.0,0.1,0.05625000000000001,-0.0056250000000000015,0.5,0.4945162097076269,-0.005483790292373114,-0.5483790292373114,0.07,0.13970588235294118,harm
0.75,0.5,6.9,0.1,0.0,0.1,0.05937499999999998,-0.005937499999999998,0.5,0.49413743709693847,-0.00586256290306153,-0.586256290306153,0.07,0.14130434782608697,harm
0.75,0.5,7.0,0.1,0.0,0.1,0.06250000000000001,-0.006250000000000002,0.5,0.49375087467029943,-0.006249125329700567,-0.6249125329700567,0.07,0.14285714285714285,harm
0.75,0.5,7.1,0.1,0.0,0.1,0.06562499999999999,-0.006562499999999999,0.5,0.49335652515261774,-0.006643474847382258,-0.6643474847382258,0.07,0.14436619718309857,harm
0.75,0.5,7.2,0.1,0.0,0.1,0.06875000000000002,-0.006875000000000003,0.5,0.492954391485558,-0.0070456085144420255,-0.7045608514442026,0.07,0.14583333333333334,harm
0.75,0.5,7.3,0.1,0.0,0.1,0.071875,-0.0071874999999999994,0.5,0.49254447683782954,-0.007455523162170463,-0.7455523162170463,0.07,0.14726027397260272,harm
0.75,0.5,7.4,0.1,0.0,0.1,0.07500000000000002,-0.007500000000000003,0.5,0.49212678461568715,-0.007873215384312848,-0.7873215384312848,0.07,0.14864864864864866,harm
0.75,0.5,7.5,0.1,0.0,0.1,0.078125,-0.0078125,0.5,0.4917013184736416,-0.008298681526358376,-0.8298681526358376,0.07,0.15,harm
0.75,0.5,7.6,0.1,0.0,0.1,0.08124999999999999,-0.008124999999999999,0.5,0.49126808232537855,-0.008731917674621448,-0.8731917674621448,0.07,0.1513157894736842,harm
0.75,0.5,7.7,0.1,0.0,0.1,0.084375,-0.0084375,0.5,0.4908270803548841,-0.009172919645115907,-0.9172919645115907,0.07,0.1525974025974026,harm
0.75,0.5,7.8,0.1,0.0,0.1,0.0875,-0.008749999999999999,0.5,0.49037831702777485,-0.009621682972225154,-0.9621682972225154,0.07,0.15384615384615385,harm
0.75,0.5,7.9,0.1,0.0,0.1,0.09062500000000001,-0.009062500000000001,0.5,0.48992179710283057,-0.01007820289716943,-1.007820289716943,0.07,0.1550632911392405,harm
0.75,0.5,8.0,0.1,0.0,0.1,0.09375,-0.009375000000000001,0.5,0.4894575256437258,-0.0105424743562742,-1.05424743562742,0.07,0.15625,harm
0.75,0.5,8.1,0.1,0.0,0.1,0.09687499999999998,-0.009687499999999998,0.5,0.48898550803095997,-0.01101449196904003,-1.101449196904003,0.07,0.15740740740740738,harm
0.75,0.5,8.2,0.1,0.0,0.1,0.09999999999999995,-0.009999999999999995,0.5,0.48850574997398166,-0.011494250026018338,-1.1494250026018338,0.07,0.15853658536585363,harm
0.75,0.5,8.3,0.1,0.0,0.1,0.10312500000000002,-0.010312500000000002,0.5,0.48801825752350536,-0.011981742476494639,-1.198174247649464,0.07,0.15963855421686748,harm
0.75,0.5,8.4,0.1,0.0,0.1,0.10625000000000001,-0.010625000000000002,0.5,0.48752303708401723,-0.01247696291598277,-1.247696291598277,0.07,0.1607142857142857,harm
0.75,0.5,8.5,0.1,0.0,0.1,0.10937499999999999,-0.0109375,0.5,0.4870200954264664,-0.012979904573533596,-1.2979904573533596,0.07,0.16176470588235292,harm
0.75,0.5,8.6,0.1,0.0,0.1,0.11249999999999996,-0.011249999999999996,0.5,0.4865094397011398,-0.0134905602988602,-1.34905602988602,0.07,0.16279069767441862,harm
0.75,0.5,8.7,0.1,0.0,0.1,0.11562499999999999,-0.0115625,0.5,0.48599107745071624,-0.014008922549283764,-1.4008922549283764,0.07,0.16379310344827586,harm
0.75,0.5,8.8,0.1,0.0,0.1,0.11875000000000002,-0.011875000000000004,0.5,0.48546501662349517,-0.014534983376504829,-1.4534983376504829,0.07,0.1647727272727273,harm
0.75,0.5,8.9,0.1,0.0,0.1,0.121875,-0.0121875,0.5,0.4849312655867987,-0.015068734413201279,-1.506873441320128,0.07,0.1657303370786517,harm
0.75,0.5,9.0,0.1,0.0,0.1,0.12499999999999997,-0.012499999999999997,0.5,0.4843898331405407,-0.015610166859459318,-1.5610166859459318,0.07,0.16666666666666669,harm
0.75,0.5,9.1,0.1,0.0,0.1,0.12812500000000002,-0.012812500000000003,0.5,0.48384072853095955,-0.016159271469040448,-1.6159271469040448,0.07,0.1675824175824176,harm
0.75,0.5,9.2,0.1,0.0,0.1,0.13124999999999998,-0.013124999999999998,0.5,0.4832839614645109,-0.016716038535489086,-1.6716038535489086,0.07,0.16847826086956522,harm
0.75,0.5,9.3,0.1,0.0,0.1,0.13437500000000002,-0.013437500000000003,0.5,0.4827195421219143,-0.017280457878085687,-1.7280457878085687,0.07,0.16935483870967744,harm
0.75,0.5,9.4,0.1,0.0,0.1,0.13749999999999998,-0.013749999999999998,0.5,0.4821474811723502,-0.01785251882764982,-1.7852518827649821,0.07,0.17021276595744683,harm
0.75,0.5,9.5,0.1,0.0,0.1,0.14062500000000003,-0.014062500000000004,0.5,0.4815677897878018,-0.018432210212198208,-1.8432210212198208,0.07,0.17105263157894737,harm
0.75,0.5,9.6,0.1,0.0,0.1,0.14375,-0.014374999999999999,0.5,0.48098047965753665,-0.019019520342463347,-1.9019520342463347,0.07,0.171875,harm
0.75,0.5,9.7,0.1,0.0,0.1,0.14687499999999998,-0.0146875,0.5,0.4803855630027215,-0.019614436997278495,-1.9614436997278495,0.07,0.17268041237113402,harm
0.75,0.5,9.8,0.1,0.0,0.1,0.15,-0.015,0.5,0.47978305259116716,-0.02021694740883284,-2.021694740883284,0.07,0.17346938775510207,harm
0.75,0.5,9.9,0.1,0.0,0.1,0.15312500000000004,-0.015312500000000005,0.5,0.4791729617521946,-0.020827038247805407,-2.0827038247805407,0.07,0.17424242424242425,harm
0.75,0.5,10.0,0.1,0.0,0.1,0.15625,-0.015625,0.5,0.4785553043916177,-0.021444695608382303,-2.14446956083823,0.07,0.175,harm
0.75,0.5,10.100000000000001,0.1,0.0,0.1,0.15937500000000004,-0.015937500000000004,0.5,0.4779300950068363,-0.02206990499316369,-2.206990499316369,0.07,0.17574257425742576,harm
0.75,0.5,10.2,0.1,0.0,0.1,0.16249999999999998,-0.016249999999999997,0.5,0.477297348702032,-0.022702651297968002,-2.2702651297968,0.07,0.1764705882352941,harm
0.75,0.5,10.3,0.1,0.0,0.1,0.16562500000000005,-0.016562500000000004,0.5,0.4766570812034603,-0.023342918796539713,-2.3342918796539713,0.07,0.17718446601941748,harm
0.75,0.5,10.4,0.1,0.0,0.1,0.16875,-0.016875,0.5,0.47600930887483234,-0.023990691125167662,-2.3990691125167665,0.07,0.1778846153846154,harm
0.75,0.5,10.5,0.1,0.0,0.1,0.171875,-0.0171875,0.5,0.47535404873277776,-0.024645951267222244,-2.4645951267222244,0.07,0.17857142857142858,harm
0.75,0.5,10.600000000000001,0.1,0.0,0.1,0.17500000000000002,-0.0175,0.5,0.47469131846238166,-0.02530868153761834,-2.530868153761834,0.07,0.17924528301886794,harm
0.75,0.5,10.7,0.1,0.0,0.1,0.17812499999999995,-0.017812499999999995,0.5,0.47402113643278776,-0.02597886356721224,-2.597886356721224,0.07,0.17990654205607476,harm
0.75,0.5,10.8,0.1,0.0,0.1,0.18125000000000002,-0.018125000000000002,0.5,0.4733435217128592,-0.026656478287140795,-2.6656478287140795,0.07,0.18055555555555558,harm
0.75,0.5,10.9,0.1,0.0,0.1,0.184375,-0.018437500000000002,0.5,0.4726584940868884,-0.027341505913111575,-2.7341505913111575,0.07,0.1811926605504587,harm
0.75,0.5,11.0,0.1,0.0,0.1,0.1875,-0.018750000000000003,0.5,0.4719660740703476,-0.028033925929652426,-2.803392592965243,0.07,0.18181818181818182,harm
0.75,0.5,11.100000000000001,0.1,0.0,0.1,0.19062500000000007,-0.01906250000000001,0.5,0.4712662829256701,-0.028733717074329923,-2.8733717074329923,0.07,0.18243243243243246,harm
0.75,0.5,11.2,0.1,0.0,0.1,0.19375,-0.019375000000000003,0.5,0.4705591426780549,-0.029440857321945124,-2.9440857321945124,0.07,0.1830357142857143,harm
0.75,0.5,11.3,0.1,0.0,0.1,0.19687500000000002,-0.019687500000000004,0.5,0.46984467613128167,-0.03015532386871833,-3.015532386871833,0.07,0.1836283185840708,harm
0.75,0.5,11.4,0.1,0.0,0.1,0.2,-0.020000000000000004,0.5,0.46912290688352976,-0.030877093116470244,-3.0877093116470244,0.07,0.1842105263157895,harm
0.75,0.5,11.5,0.1,0.0,0.1,0.20312499999999997,-0.020312499999999997,0.5,0.4683938593431892,-0.03160614065681078,-3.1606140656810777,0.07,0.18478260869565216,harm
0.75,0.5,11.600000000000001,0.1,0.0,0.1,0.20625000000000004,-0.020625000000000004,0.5,0.467657558744652,-0.03234244125534802,-3.234244125534802,0.07,0.1853448275862069,harm
0.75,0.5,11.7,0.1,0.0,0.1,0.20937499999999998,-0.020937499999999998,0.5,0.46691403116407615,-0.03308596883592385,-3.308596883592385,0.07,0.1858974358974359,harm
0.75,0.5,11.8,0.1,0.0,0.1,0.21250000000000002,-0.021250000000000005,0.5,0.4661633035351087,-0.03383669646489129,-3.383669646489129,0.07,0.1864406779661017,harm
0.75,0.5,11.9,0.1,0.0,0.1,0.21562499999999998,-0.0215625,0.5,0.46540540366455674,-0.03459459633544326,-3.459459633544326,0.07,0.1869747899159664,harm
0.75,0.5,12.0,0.1,0.0,0.1,0.21874999999999997,-0.021875,0.5,0.46464036024799626,-0.035359639752003735,-3.5359639752003735,0.07,0.1875,harm
0.75,0.5,12.100000000000001,0.1,0.0,0.1,0.22187500000000004,-0.022187500000000006,0.5,0.46386820288530517,-0.03613179711469483,-3.613179711469483,0.07,0.18801652892561985,harm
0.75,0.5,12.2,0.1,0.0,0.1,0.22499999999999998,-0.0225,0.5,0.4630889620961094,-0.03691103790389061,-3.691103790389061,0.07,0.1885245901639344,harm
0.75,0.5,12.3,0.1,0.0,0.1,0.228125,-0.0228125,0.5,0.46230266933512865,-0.037697330664871354,-3.7697330664871354,0.07,0.18902439024390244,harm
0.75,0.5,12.4,0.1,0.0,0.1,0.23124999999999998,-0.023125,0.5,0.46150935700741036,-0.03849064299258964,-3.849064299258964,0.07,0.18951612903225806,harm
0.75,0.5,12.5,0.1,0.0,0.1,0.234375,-0.0234375,0.5,0.4607090584834376,-0.03929094151656243,-3.9290941516562428,0.07,0.19,harm
0.75,0.5,12.600000000000001,0.1,0.0,0.1,0.23750000000000004,-0.023750000000000007,0.5,0.4599018081140974,-0.04009819188590258,-4.009819188590258,0.07,0.19047619047619047,harm
0.75,0.5,12.7,0.1,0.0,0.1,0.24062499999999998,-0.0240625,0.5,0.4590876412454983,-0.04091235875450172,-4.091235875450172,0.07,0.19094488188976377,harm
0.75,0.5,12.8,0.1,0.0,0.1,0.24375,-0.024375,0.5,0.45826659423361915,-0.04173340576638085,-4.173340576638084,0.07,0.19140625,harm
0.75,0.5,12.9,0.1,0.0,0.1,0.246875,-0.0246875,0.5,0.45743870445877977,-0.042561295541220234,-4.256129554122023,0.07,0.19186046511627908,harm
0.75,0.5,13.0,0.1,0.0,0.1,0.25,-0.025,0.5,0.45660401033991493,-0.043395989660085066,-4.339598966008507,0.07,0.1923076923076923,harm
0.75,0.5,13.100000000000001,0.1,0.0,0.1,0.25312500000000004,-0.025312500000000005,0.5,0.4557625513486403,-0.0442374486513597,-4.42374486513597,0.07,0.19274809160305345,harm
0.75,0.5,13.2,0.1,0.0,0.1,0.25625,-0.025625,0.5,0.45491436802309304,-0.04508563197690696,-4.508563197690696,0.07,0.19318181818181818,harm
0.75,0.5,13.3,0.1,0.0,0.1,0.259375,-0.025937500000000002,0.5,0.4540595019815337,-0.04594049801846628,-4.594049801846628,0.07,0.19360902255639098,harm
0.75,0.5,13.4,0.1,0.0,0.1,0.26249999999999996,-0.026249999999999996,0.5,0.45319799593569365,-0.046802004064306346,-4.680200406430634,0.07,0.19402985074626866,harm
0.75,0.5,13.5,0.1,0.0,0.1,0.265625,-0.026562500000000003,0.5,0.45232989370385157,-0.04767010629614843,-4.767010629614843,0.07,0.19444444444444445,harm
0.75,0.5,13.600000000000001,0.1,0.0,0.1,0.26875000000000004,-0.026875000000000007,0.5,0.45145524022362526,-0.048544759776374735,-4.854475977637474,0.07,0.1948529411764706,harm
0.75,0.5,13.7,0.1,0.0,0.1,0.271875,-0.0271875,0.5,0.45057408156446116,-0.04942591843553884,-4.942591843553884,0.07,0.19525547445255476,harm
0.75,0.5,13.8,0.1,0.0,0.1,0.27499999999999997,-0.027499999999999997,0.5,0.4496864649398058,-0.0503135350601942,-5.03135350601942,0.07,0.1956521739130435,harm
0.75,0.5,13.9,0.1,0.0,0.1,0.278125,-0.027812500000000004,0.5,0.44879243871894414,-0.05120756128105586,-5.120756128105586,0.07,0.1960431654676259,harm
0.75,0.5,14.0,0.1,0.0,0.1,0.28125000000000006,-0.028125000000000008,0.5,0.44789205243848695,-0.052107947561513046,-5.210794756151305,0.07,0.19642857142857142,harm
0.75,0.5,6.0,0.10250000000000001,0.0,0.1,0.02815432742440042,-0.0028154327424400423,0.5,0.4975365467946109,-0.002463453205389099,-0.2463453205389099,0.07175000000000001,0.125,harm
0.75,0.5,6.1,0.10250000000000001,0.0,0.1,0.031230448383733043,-0.0031230448383733045,0.5,0.4972283700405939,-0.002771629959406108,-0.2771629959406108,0.07175000000000001,0.12704918032786883,harm
0.75,0.5,6.2,0.10250000000000001,0.0,0.1,0.03430656934306569,-0.003430656934306569,0.5,0.4969125094139456,-0.0030874905860543977,-0.3087490586054398,0.07175000000000001,0.12903225806451613,harm
0.75,0.5,6.3,0.10250000000000001,0.0,0.1,0.03738269030239831,-0.0037382690302398313,0.5,0.49658896611643855,-0.003411033883561454,-0.3411033883561454,0.07175000000000001,0.13095238095238093,harm
0.75,0.5,6.4,0.10250000000000001,0.0,0.1,0.04045881126173096,-0.004045881126173097,0.5,0.4962577414816761,-0.003742258518323882,-0.3742258518323882,0.07175000000000001,0.1328125,harm
0.75,0.5,6.5,0.10250000000000001,0.0,0.1,0.0435349322210636,-0.00435349322210636,0.5,0.49591883698315464,-0.004081163016845357,-0.4081163016845357,0.07175000000000001,0.1346153846153846,harm
0.75,0.5,6.6,0.10250000000000001,0.0,0.1,0.04661105318039623,-0.004661105318039624,0.5,0.49557225424253654,-0.004427745757463464,-0.4427745757463464,0.07175000000000001,0.13636363636363635,harm
0.75,0.5,6.7,0.10250000000000001,0.0,0.1,0.049687174139728875,-0.004968717413972888,0.5,0.49521799503813624,-0.004782004961863762,-0.47820049618637617,0.07175000000000001,0.13805970149253732,harm
0.75,0.5,6.8,0.10250000000000001,0.0,0.1,0.052763295099061504,-0.005276329509906151,0.5,0.4948560613136159,-0.005143938686384075,-0.5143938686384075,0.07175000000000001,0.13970588235294118,harm
0.75,0.5,6.9,0.10250000000000001,0.0,0.1,0.055839416058394147,-0.005583941605839415,0.5,0.4944864551868905,-0.0055135448131095055,-0.5513544813109506,0.07175000000000001,0.14130434782608697,harm
0.75,0.5,7.0,0.10250000000000001,0.0,0.1,0.058915537017726796,-0.00589155370177268,0.5,0.4941091789592419,-0.00589082104075811,-0.589082104075811,0.07175000000000001,0.14285714285714285,harm
0.75,0.5,7.1,0.10250000000000001,0.0,0.1,0.0619916579770594,-0.00619916579770594,0.5,0.49372423512463987,-0.006275764875360135,-0.6275764875360135,0.07175000000000001,0.14436619718309857,harm
0.75,0.5,7.2,0.10250000000000001,0.0,0.1,0.06506777893639208,-0.006506777893639209,0.5,0.49333162637926953,-0.006668373620730472,-0.6668373620730472,0.07175000000000001,0.14583333333333334,harm
0.75,0.5,7.3,0.10250000000000001,0.0,0.1,0.06814389989572468,-0.006814389989572469,0.5,0.4929313556312636,-0.007068644368736388,-0.7068644368736388,0.07175000000000001,0.14726027397260272,harm
0.75,0.5,7.4,0.10250000000000001,0.0,0.1,0.07122002085505734,-0.007122002085505734,0.5,0.4925234260106378,-0.00747657398936219,-0.747657398936219,0.07175000000000001,0.14864864864864866,harm
0.75,0.5,7.5,0.10250000000000001,0.0,0.1,0.07429614181438998,-0.0074296141814389986,0.5,0.49210784087942816,-0.00789215912057184,-0.789215912057184,0.07175000000000001,0.15,harm
0.75,0.5,7.6,0.10250000000000001,0.0,0.1,0.07737226277372262,-0.007737226277372263,0.5,0.49168460384202933,-0.008315396157970667,-0.8315396157970667,0.07175000000000001,0.1513157894736842,harm
0.75,0.5,7.7,0.10250000000000001,0.0,0.1,0.08044838373305528,-0.00804483837330553,0.5,0.4912537187557303,-0.008746281244269682,-0.8746281244269682,0.07175000000000001,0.1525974025974026,harm
0.75,0.5,7.8,0.10250000000000001,0.0,0.1,0.08352450469238787,-0.008352450469238788,0.5,0.49081518974144767,-0.009184810258552334,-0.9184810258552334,0.07175000000000001,0.15384615384615385,harm
0.75,0.5,7.9,0.10250000000000001,0.0,0.1,0.08660062565172053,-0.008660062565172053,0.5,0.4903690211946533,-0.00963097880534669,-0.963097880534669,0.07175000000000001,0.1550632911392405,harm
0.75,0.5,8.0,0.10250000000000001,0.0,0.1,0.08967674661105317,-0.008967674661105316,0.5,0.4899152177964946,-0.010084782203505394,-1.0084782203505394,0.07175000000000001,0.15625,harm
0.75,0.5,8.1,0.10250000000000001,0.0,0.1,0.09275286757038581,-0.009275286757038582,0.5,0.48945378452510546,-0.010546215474894538,-1.0546215474894538,0.07175000000000001,0.15740740740740738,harm
0.75,0.5,8.2,0.10250000000000001,0.0,0.1,0.09582898852971841,-0.009582898852971842,0.5,0.4889847266671048,-0.011015273332895203,-1.1015273332895203,0.07175000000000001,0.15853658536585363,harm
0.75,0.5,8.3,0.10250000000000001,0.0,0.1,0.09890510948905111,-0.009890510948905112,0.5,0.4885080498292811,-0.011491950170718912,-1.1491950170718912,0.07175000000000001,0.15963855421686748,harm
0.75,0.5,8.4,0.10250000000000001,0.0,0.1,0.10198123044838371,-0.010198123044838373,0.5,0.4880237599504595,-0.01197624004954051,-1.197624004954051,0.07175000000000001,0.1607142857142857,harm
0.75,0.5,8.5,0.10250000000000001,0.0,0.1,0.10505735140771635,-0.010505735140771636,0.5,0.48753186331354936,-0.012468136686450637,-1.2468136686450637,0.07175000000000001,0.16176470588235292,harm
0.75,0.5,8.6,0.10250000000000001,0.0,0.1,0.108133472367049,-0.0108133472367049,0.5,0.4870323665577688,-0.012967633442231175,-1.2967633442231175,0.07175000000000001,0.16279069767441862,harm
0.75,0.5,8.7,0.10250000000000001,0.0,0.1,0.1112095933263816,-0.01112095933263816,0.5,0.4865252766910426,-0.013474723308957381,-1.3474723308957381,0.07175000000000001,0.16379310344827586,harm
0.75,0.5,8.8,0.10250000000000001,0.0,0.1,0.1142857142857143,-0.01142857142857143,0.5,0.48601060110257255,-0.013989398897427452,-1.3989398897427452,0.07175000000000001,0.1647727272727273,harm
0.75,0.5,8.9,0.10250000000000001,0.0,0.1,0.11736183524504694,-0.011736183524504694,0.5,0.48548834757557335,-0.014511652424426646,-1.4511652424426646,0.07175000000000001,0.1657303370786517,harm
0.75,0.5,9.0,0.10250000000000001,0.0,0.1,0.12043795620437954,-0.012043795620437954,0.5,0.4849585243001735,-0.015041475699826501,-1.50414756998265,0.07175000000000001,0.16666666666666669,harm
0.75,0.5,9.1,0.10250000000000001,0.0,0.1,0.1235140771637122,-0.012351407716371221,0.5,0.48442113988647517,-0.015578860113524828,-1.5578860113524828,0.07175000000000001,0.1675824175824176,harm
0.75,0.5,9.2,0.10250000000000001,0.0,0.1,0.12659019812304478,-0.01265901981230448,0.5,0.48387620337777104,-0.01612379662222896,-1.6123796622228959,0.07175000000000001,0.16847826086956522,harm
0.75,0.5,9.3,0.10250000000000001,0.0,0.1,0.1296663190823775,-0.01296663190823775,0.5,0.4833237242639118,-0.01667627573608821,-1.6676275736088209,0.07175000000000001,0.16935483870967744,harm
0.75,0.5,9.4,0.10250000000000001,0.0,0.1,0.13274244004171012,-0.013274244004171014,0.5,0.4827637124948218,-0.017236287505178194,-1.7236287505178194,0.07175000000000001,0.17021276595744683,harm
0.75,0.5,9.5,0.10250000000000001,0.0,0.1,0.13581856100104273,-0.013581856100104274,0.5,0.48219617849415775,-0.017803821505842254,-1.7803821505842254,0.07175000000000001,0.17105263157894737,harm
0.75,0.5,9.6,0.10250000000000001,0.0,0.1,0.13889468196037538,-0.013889468196037539,0.5,0.4816211331731046,-0.01837886682689538,-1.837886682689538,0.07175000000000001,0.171875,harm
0.75,0.5,9.7,0.10250000000000001,0.0,0.1,0.14197080291970798,-0.014197080291970799,0.5,0.48103858794430543,-0.01896141205569457,-1.896141205569457,0.07175000000000001,0.17268041237113402,harm
0.75,0.5,9.8,0.10250000000000001,0.0,0.1,0.14504692387904067,-0.014504692387904068,0.5,0.4804485547359187,-0.019551445264081313,-1.9551445264081313,0.07175000000000001,0.17346938775510207,harm
0.75,0.5,9.9,0.10250000000000001,0.0,0.1,0.14812304483837332,-0.014812304483837333,0.5,0.4798510460057986,-0.020148953994201413,-2.0148953994201415,0.07175000000000001,0.17424242424242425,harm
0.75,0.5,10.0,0.10250000000000001,0.0,0.1,0.15119916579770593,-0.015119916579770593,0.5,0.47924607475579173,-0.02075392524420827,-2.075392524420827,0.07175000000000001,0.175,harm
0.75,0.5,10.100000000000001,0.10250000000000001,0.0,0.1,0.1542752867570386,-0.015427528675703862,0.5,0.47863365454614504,-0.021366345453854962,-2.1366345453854962,0.07175000000000001,0.17574257425742576,harm
0.75,0.5,10.2,0.10250000000000001,0.0,0.1,0.15735140771637116,-0.015735140771637117,0.5,0.47801379951001943,-0.021986200489980567,-2.1986200489980567,0.07175000000000001,0.1764705882352941,harm
0.75,0.5,10.3,0.10250000000000001,0.0,0.1,0.16042752867570387,-0.016042752867570387,0.5,0.4773865243681006,-0.022613475631899416,-2.2613475631899416,0.07175000000000001,0.17718446601941748,harm
0.75,0.5,10.4,0.10250000000000001,0.0,0.1,0.1635036496350365,-0.01635036496350365,0.5,0.4767518444433033,-0.02324815555669668,-2.324815555669668,0.07175000000000001,0.1778846153846154,harm
0.75,0.5,10.5,0.10250000000000001,0.0,0.1,0.1665797705943691,-0.01665797705943691,0.5,0.4761097756755609,-0.023890224324439102,-2.38902243244391,0.07175000000000001,0.17857142857142858,harm
0.75,0.5,10.600000000000001,0.10250000000000001,0.0,0.1,0.1696558915537018,-0.01696558915537018,0.5,0.4754603346366919,-0.024539665363308094,-2.4539665363308094,0.07175000000000001,0.17924528301886794,harm
0.75,0.5,10.7,0.10250000000000001,0.0,0.1,0.17273201251303436,-0.017273201251303435,0.5,0.4748035385453394,-0.02519646145466059,-2.519646145466059,0.07175000000000001,0.17990654205607476,harm
0.75,0.5,10.8,0.10250000000000001,0.0,0.1,0.17580813347236704,-0.017580813347236705,0.5,0.4741394052819725,-0.025860594718027485,-2.5860594718027485,0.07175000000000001,0.18055555555555558,harm
0.75,0.5,10.9,0.10250000000000001,0.0,0.1,0.1788842544316997,-0.01788842544316997,0.5,0.4734679534039442,-0.02653204659605579,-2.653204659605579,0.07175000000000001,0.1811926605504587,harm
0.75,0.5,11.0,0.10250000000000001,0.0,0.1,0.1819603753910323,-0.01819603753910323,0.5,0.4727892021605968,-0.027210797839403222,-2.721079783940322,0.07175000000000001,0.18181818181818182,harm
0.75,0.5,11.100000000000001,0.10250000000000001,0.0,0.1,0.18503649635036498,-0.0185036496350365,0.5,0.4721031715084062,-0.027896828491593806,-2.7896828491593806,0.07175000000000001,0.18243243243243246,harm
0.75,0.5,11.2,0.10250000000000001,0.0,0.1,0.18811261730969758,-0.01881126173096976,0.5,0.47140988212615803,-0.02859011787384197,-2.8590117873841967,0.07175000000000001,0.1830357142857143,harm
0.75,0.5,11.3,0.10250000000000001,0.0,0.1,0.19118873826903024,-0.019118873826903027,0.5,0.47070935543014447,-0.02929064456985553,-2.929064456985553,0.07175000000000001,0.1836283185840708,harm
0.75,0.5,11.4,0.10250000000000001,0.0,0.1,0.19426485922836287,-0.019426485922836287,0.5,0.47000161358937476,-0.029998386410625244,-2.9998386410625244,0.07175000000000001,0.1842105263157895,harm
0.75,0.5,11.5,0.10250000000000001,0.0,0.1,0.19734098018769547,-0.019734098018769547,0.5,0.46928667954078906,-0.030713320459210935,-3.0713320459210935,0.07175000000000001,0.18478260869565216,harm
0.75,0.5,11.600000000000001,0.10250000000000001,0.0,0.1,0.20041710114702818,-0.02004171011470282,0.5,0.46856457700446574,-0.03143542299553426,-3.1435422995534257,0.07175000000000001,0.1853448275862069,harm
0.75,0.5,11.7,0.10250000000000001,0.0,0.1,0.20349322210636078,-0.02034932221063608,0.5,0.46783533049881315,-0.03216466950118685,-3.2164669501186847,0.07175000000000001,0.1858974358974359,harm
0.75,0.5,11.8,0.10250000000000001,0.0,0.1,0.2065693430656934,-0.02065693430656934,0.5,0.4670989653557347,-0.0329010346442653,-3.2901034644265303,0.07175000000000001,0.1864406779661017,harm
0.75,0.5,11.9,0.10250000000000001,0.0,0.1,0.20964546402502607,-0.020964546402502608,0.5,0.4663555077357576,-0.033644492264242376,-3.3644492264242376,0.07175000000000001,0.1869747899159664,harm
0.75,0.5,12.0,0.10250000000000001,0.0,0.1,0.21272158498435872,-0.021272158498435875,0.5,0.4656049846431143,-0.034395015356885716,-3.4395015356885716,0.07175000000000001,0.1875,harm
0.75,0.5,12.100000000000001,0.10250000000000001,0.0,0.1,0.21579770594369135,-0.021579770594369135,0.5,0.46484742394076517,-0.03515257605923483,-3.515257605923483,0.07175000000000001,0.18801652892561985,harm
0.75,0.5,12.2,0.10250000000000001,0.0,0.1,0.21887382690302395,-0.021887382690302395,0.5,0.46408285436535157,-0.03591714563464843,-3.591714563464843,0.07175000000000001,0.1885245901639344,harm
0.75,0.5,12.3,0.10250000000000001,0.0,0.1,0.2219499478623566,-0.022194994786235663,0.5,0.4633113055420684,-0.0366886944579316,-3.6688694457931605,0.07175000000000001,0.18902439024390244,harm
0.75,0.5,12.4,0.10250000000000001,0.0,0.1,0.22502606882168927,-0.02250260688216893,0.5,0.4625328079994432,-0.037467192000556815,-3.7467192000556815,0.07175000000000001,0.18951612903225806,harm
0.75,0.5,12.5,0.10250000000000001,0.0,0.1,0.2281021897810219,-0.02281021897810219,0.5,0.46174739318401037,-0.03825260681598963,-3.825260681598963,0.07175000000000001,0.19,harm
0.75,0.5,12.600000000000001,0.10250000000000001,0.0,0.1,0.23117831074035455,-0.023117831074035457,0.5,0.46095509347486835,-0.03904490652513165,-3.9044906525131653,0.07175000000000001,0.19047619047619047,harm
0.75,0.5,12.7,0.10250000000000001,0.0,0.1,0.23425443169968715,-0.023425443169968717,0.5,0.4601559421981069,-0.039844057801893096,-3.9844057801893094,0.07175000000000001,0.19094488188976377,harm
0.75,0.5,12.8,0.10250000000000001,0.0,0.1,0.23733055265901978,-0.02373305526590198,0.5,0.45934997364109165,-0.04065002635890835,-4.065002635890835,0.07175000000000001,0.19140625,harm
0.75,0.5,12.9,0.10250000000000001,0.0,0.1,0.24040667361835244,-0.024040667361835244,0.5,0.4585372230665935,-0.0414627769334065,-4.14627769334065,0.07175000000000001,0.19186046511627908,harm
0.75,0.5,13.0,0.10250000000000001,0.0,0.1,0.2434827945776851,-0.02434827945776851,0.5,0.45771772672674826,-0.042282273273251736,-4.228227327325174,0.07175000000000001,0.1923076923076923,harm
0.75,0.5,13.100000000000001,0.10250000000000001,0.0,0.1,0.24655891553701773,-0.024655891553701775,0.5,0.4568915218768349,-0.043108478123165095,-4.31084781231651,0.07175000000000001,0.19274809160305345,harm
0.75,0.5,13.2,0.10250000000000001,0.0,0.1,0.24963503649635033,-0.024963503649635035,0.5,0.4560586467888562,-0.043941353211143785,-4.394135321114378,0.07175000000000001,0.19318181818181818,harm
0.75,0.5,13.3,0.10250000000000001,0.0,0.1,0.252711157455683,-0.025271115745568302,0.5,0.45521914076491077,-0.04478085923508923,-4.478085923508923,0.07175000000000001,0.19360902255639098,harm
0.75,0.5,13.4,0.10250000000000001,0.0,0.1,0.25578727841501564,-0.025578727841501565,0.5,0.4543730441503392,-0.04562695584966081,-4.562695584966081,0.07175000000000001,0.19402985074626866,harm
0.75,0.5,13.5,0.10250000000000001,0.0,0.1,0.25886339937434827,-0.02588633993743483,0.5,0.4535203983466325,-0.04647960165336751,-4.647960165336751,0.07175000000000001,0.19444444444444445,harm
0.75,0.5,13.600000000000001,0.10250000000000001,0.0,0.1,0.26193952033368095,-0.026193952033368096,0.5,0.4526612458240863,-0.04733875417591371,-4.733875417591371,0.07175000000000001,0.1948529411764706,harm
0.75,0.5,13.7,0.10250000000000001,0.0,0.1,0.26501564129301347,-0.02650156412930135,0.5,0.45179563013418733,-0.04820436986581267,-4.820436986581267,0.07175000000000001,0.19525547445255476,harm
0.75,0.5,13.8,0.10250000000000001,0.0,0.1,0.26809176225234616,-0.026809176225234616,0.5,0.4509235959217165,-0.04907640407828351,-4.907640407828351,0.07175000000000001,0.1956521739130435,harm
0.75,0.5,13.9,0.10250000000000001,0.0,0.1,0.27116788321167884,-0.027116788321167887,0.5,0.4500451889365534,-0.049954811063446625,-4.995481106344663,0.07175000000000001,0.1960431654676259,harm
0.75,0.5,14.0,0.10250000000000001,0.0,0.1,0.27424400417101147,-0.027424400417101147,0.5,0.44916045604516763,-0.05083954395483237,-5.083954395483237,0.07175000000000001,0.19642857142857142,harm
0.75,0.5,6.0,0.10500000000000001,0.0,0.1,0.025052192066805822,-0.0025052192066805823,0.5,0.4978079687340323,-0.0021920312659676755,-0.21920312659676755,0.07350000000000001,0.125,harm
0.75,0.5,6.1,0.10500000000000001,0.0,0.1,0.02807933194154485,-0.0028079331941544853,0.5,0.4975080118646753,-0.0024919881353246964,-0.24919881353246964,0.07350000000000001,0.12704918032786883,harm
0.75,0.5,6.2,0.10500000000000001,0.0,0.1,0.031106471816283905,-0.0031106471816283905,0.5,0.4972004925705961,-0.00279950742940388,-0.279950742940388,0.07350000000000001,0.12903225806451613,harm
0.75,0.5,6.3,0.10500000000000001,0.0,0.1,0.034133611691022935,-0.0034133611691022935,0.5,0.49688541192773195,-0.003114588072268054,-0.3114588072268054,0.07350000000000001,0.13095238095238093,harm
0.75,0.5,6.4,0.10500000000000001,0.0,0.1,0.03716075156576199,-0.003716075156576199,0.5,0.4965627711338902,-0.0034372288661098094,-0.34372288661098094,0.07350000000000001,0.1328125,harm
0.75,0.5,6.5,0.10500000000000001,0.0,0.1,0.04018789144050102,-0.004018789144050103,0.5,0.4962325715163439,-0.0037674284836560767,-0.3767428483656077,0.07350000000000001,0.1346153846153846,harm
0.75,0.5,6.6,0.10500000000000001,0.0,0.1,0.04321503131524005,-0.004321503131524005,0.5,0.49589481453963047,-0.0041051854603695315,-0.41051854603695315,0.07350000000000001,0.13636363636363635,harm
0.75,0.5,6.7,0.10500000000000001,0.0,0.1,0.04624217118997911,-0.004624217118997911,0.5,0.4955495018135511,-0.004450498186448881,-0.44504981864488813,0.07350000000000001,0.13805970149253732,harm
0.75,0.5,6.8,0.10500000000000001,0.0,0.1,0.04926931106471814,-0.004926931106471814,0.5,0.4951966351013738,-0.004803364898626206,-0.48033648986262056,0.07350000000000001,0.13970588235294118,harm
0.75,0.5,6.9,0.10500000000000001,0.0,0.1,0.052296450939457194,-0.00522964509394572,0.5,0.4948362163282344,-0.0051637836717656205,-0.516378367176562,0.07350000000000001,0.14130434782608697,harm
0.75,0.5,7.0,0.10500000000000001,0.0,0.1,0.05532359081419622,-0.0055323590814196225,0.5,0.4944682475897385,-0.005531752410261492,-0.5531752410261492,0.07350000000000001,0.14285714285714285,harm
0.75,0.5,7.1,0.10500000000000001,0.0,0.1,0.05835073068893525,-0.005835073068893526,0.5,0.4940927311607622,-0.005907268839237811,-0.5907268839237811,0.07350000000000001,0.14436619718309857,harm
0.75,0.5,7.2,0.10500000000000001,0.0,0.1,0.06137787056367433,-0.006137787056367434,0.5,0.4937096695044486,-0.006290330495551388,-0.6290330495551388,0.07350000000000001,0.14583333333333334,harm
0.75,0.5,7.3,0.10500000000000001,0.0,0.1,0.06440501043841336,-0.006440501043841336,0.5,0.4933190652814026,-0.0066809347185973755,-0.6680934718597376,0.07350000000000001,0.14726027397260272,harm
0.75,0.5,7.4,0.10500000000000001,0.0,0.1,0.06743215031315239,-0.006743215031315239,0.5,0.4929209213590793,-0.007079078640920722,-0.7079078640920722,0.07350000000000001,0.14864864864864866,harm
0.75,0.5,7.5,0.10500000000000001,0.0,0.1,0.07045929018789142,-0.007045929018789142,0.5,0.4925152408213662,-0.007484759178633782,-0.7484759178633782,0.07350000000000001,0.15,harm
0.75,0.5,7.6,0.10500000000000001,0.0,0.1,0.07348643006263045,-0.007348643006263045,0.5,0.49210202697835836,-0.007897973021641636,-0.7897973021641636,0.07350000000000001,0.1513157894736842,harm
0.75,0.5,7.7,0.10500000000000001,0.0,0.1,0.07651356993736953,-0.007651356993736954,0.5,0.4916812833763235,-0.008318716623676503,-0.8318716623676503,0.07350000000000001,0.1525974025974026,harm
0.75,0.5,7.8,0.10500000000000001,0.0,0.1,0.07954070981210856,-0.007954070981210856,0.5,0.49125301380785613,-0.008746986192143869,-0.8746986192143869,0.07350000000000001,0.15384615384615385,harm
0.75,0.5,7.9,0.10500000000000001,0.0,0.1,0.08256784968684759,-0.008256784968684759,0.5,0.4908172223222193,-0.009182777677780696,-0.9182777677780696,0.07350000000000001,0.1550632911392405,harm
0.75,0.5,8.0,0.10500000000000001,0.0,0.1,0.08559498956158662,-0.008559498956158663,0.5,0.49037391323587154,-0.009626086764128461,-0.9626086764128461,0.07350000000000001,0.15625,harm
0.75,0.5,8.1,0.10500000000000001,0.0,0.1,0.08862212943632565,-0.008862212943632566,0.5,0.48992309114317667,-0.01007690885682333,-1.007690885682333,0.07350000000000001,0.15740740740740738,harm
0.75,0.5,8.2,0.10500000000000001,0.0,0.1,0.09164926931106468,-0.009164926931106468,0.5,0.48946476092729596,-0.010535239072704039,-1.053523907270404,0.07350000000000001,0.15853658536585363,harm
0.75,0.5,8.3,0.10500000000000001,0.0,0.1,0.09467640918580376,-0.009467640918580378,0.5,0.48899892777125803,-0.01100107222874197,-1.100107222874197,0.07350000000000001,0.15963855421686748,harm
0.75,0.5,8.4,0.10500000000000001,0.0,0.1,0.0977035490605428,-0.00977035490605428,0.5,0.4885255971692062,-0.011474402830793817,-1.1474402830793817,0.07350000000000001,0.1607142857142857,harm
0.75,0.5,8.5,0.10500000000000001,0.0,0.1,0.10073068893528182,-0.010073068893528183,0.5,0.4880447749378197,-0.011955225062180275,-1.1955225062180275,0.07350000000000001,0.16176470588235292,harm
0.75,0.5,8.6,0.10500000000000001,0.0,0.1,0.10375782881002085,-0.010375782881002086,0.5,0.48755646722790624,-0.012443532772093757,-1.2443532772093757,0.07350000000000001,0.16279069767441862,harm
0.75,0.5,8.7,0.10500000000000001,0.0,0.1,0.10678496868475988,-0.010678496868475988,0.5,0.48706068053616336,-0.01293931946383664,-1.293931946383664,0.07350000000000001,0.16379310344827586,harm
0.75,0.5,8.8,0.10500000000000001,0.0,0.1,0.10981210855949897,-0.010981210855949898,0.5,0.4865574217171055,-0.013442578282894524,-1.3442578282894524,0.07350000000000001,0.1647727272727273,harm
0.75,0.5,8.9,0.10500000000000001,0.0,0.1,0.112839248434238,-0.0112839248434238,0.5,0.48604669799515343,-0.013953302004846568,-1.3953302004846568,0.07350000000000001,0.1657303370786517,harm
0.75,0.5,9.0,0.10500000000000001,0.0,0.1,0.11586638830897703,-0.011586638830897703,0.5,0.4855285169768835,-0.014471483023116516,-1.4471483023116516,0.07350000000000001,0.16666666666666669,harm
0.75,0.5,9.1,0.10500000000000001,0.0,0.1,0.11889352818371605,-0.011889352818371605,0.5,0.48500288666343205,-0.014997113336567947,-1.4997113336567947,0.07350000000000001,0.1675824175824176,harm
0.75,0.5,9.2,0.10500000000000001,0.0,0.1,0.12192066805845508,-0.01219206680584551,0.5,0.4844698154630532,-0.015530184536946823,-1.5530184536946823,0.07350000000000001,0.16847826086956522,harm
0.75,0.5,9.3,0.10500000000000001,0.0,0.1,0.12494780793319415,-0.012494780793319416,0.5,0.48392931220382374,-0.016070687796176264,-1.6070687796176264,0.07350000000000001,0.16935483870967744,harm
0.75,0.5,9.4,0.10500000000000001,0.0,0.1,0.1279749478079332,-0.01279749478079332,0.5,0.4833813861464943,-0.016618613853505715,-1.6618613853505715,0.07350000000000001,0.17021276595744683,harm
0.75,0.5,9.5,0.10500000000000001,0.0,0.1,0.1310020876826722,-0.013100208768267223,0.5,0.4828260469974797,-0.01717395300252028,-1.7173953002520281,0.07350000000000001,0.17105263157894737,harm
0.75,0.5,9.6,0.10500000000000001,0.0,0.1,0.13402922755741126,-0.013402922755741127,0.5,0.4822633049219859,-0.01773669507801412,-1.773669507801412,0.07350000000000001,0.171875,harm
0.75,0.5,9.7,0.10500000000000001,0.0,0.1,0.13705636743215027,-0.013705636743215028,0.5,0.4816931705572687,-0.01830682944273132,-1.830682944273132,0.07350000000000001,0.17268041237113402,harm
0.75,0.5,9.8,0.10500000000000001,0.0,0.1,0.14008350730688937,-0.014008350730688937,0.5,0.4811156550260195,-0.018884344973980505,-1.8884344973980505,0.07350000000000001,0.17346938775510207,harm
0.75,0.5,9.9,0.10500000000000001,0.0,0.1,0.1431106471816284,-0.01431106471816284,0.5,0.4805307699498725,-0.019469230050127517,-1.9469230050127517,0.07350000000000001,0.17424242424242425,harm
0.75,0.5,10.0,0.10500000000000001,0.0,0.1,0.14613778705636743,-0.014613778705636744,0.5,0.4799385274630298,-0.020061472536970215,-2.0061472536970215,0.07350000000000001,0.175,harm
0.75,0.5,10.100000000000001,0.10500000000000001,0.0,0.1,0.1491649269311065,-0.01491649269311065,0.5,0.47933894022599743,-0.020661059774002566,-2.0661059774002566,0.07350000000000001,0.17574257425742576,harm
0.75,0.5,10.2,0.10500000000000001,0.0,0.1,0.1521920668058455,-0.01521920668058455,0.5,0.47873202143942756,-0.021267978560572443,-2.1267978560572445,0.07350000000000001,0.1764705882352941,harm
0.75,0.5,10.3,0.10500000000000001,0.0,0.1,0.15521920668058456,-0.015521920668058457,0.5,0.47811778485806167,-0.021882215141938333,-2.1882215141938333,0.07350000000000001,0.17718446601941748,harm
0.75,0.5,10.4,0.10500000000000001,0.0,0.1,0.1582463465553236,-0.01582463465553236,0.5,0.4774962448047675,-0.02250375519523251,-2.250375519523251,0.07350000000000001,0.1778846153846154,harm
0.75,0.5,10.5,0.10500000000000001,0.0,0.1,0.16127348643006262,-0.016127348643006263,0.5,0.47686741618466455,-0.02313258381533545,-2.313258381533545,0.07350000000000001,0.17857142857142858,harm
0.75,0.5,10.600000000000001,0.10500000000000001,0.0,0.1,0.1643006263048017,-0.01643006263048017,0.5,0.47623131449933165,-0.02376868550066835,-2.376868550066835,0.07350000000000001,0.17924528301886794,harm
0.75,0.5,10.7,0.10500000000000001,0.0,0.1,0.16732776617954068,-0.016732776617954068,0.5,0.47558795586108915,-0.02441204413891085,-2.441204413891085,0.07350000000000001,0.17990654205607476,harm
0.75,0.5,10.8,0.10500000000000001,0.0,0.1,0.17035490605427975,-0.017035490605427975,0.5,0.47493735700735024,-0.025062642992649764,-2.506264299264976,0.07350000000000001,0.18055555555555558,harm
0.75,0.5,10.9,0.10500000000000001,0.0,0.1,0.1733820459290188,-0.01733820459290188,0.5,0.47427953531503286,-0.025720464684967137,-2.5720464684967137,0.07350000000000001,0.1811926605504587,harm
0.75,0.5,11.0,0.10500000000000001,0.0,0.1,0.17640918580375783,-0.017640918580375784,0.5,0.4736145088150259,-0.026385491184974075,-2.6385491184974077,0.07350000000000001,0.18181818181818182,harm
0.75,0.5,11.100000000000001,0.10500000000000001,0.0,0.1,0.1794363256784969,-0.017943632567849692,0.5,0.4729422962067015,-0.027057703793298526,-2.7057703793298526,0.07350000000000001,0.18243243243243246,harm
0.75,0.5,11.2,0.10500000000000001,0.0,0.1,0.1824634655532359,-0.01824634655532359,0.5,0.4722629168724663,-0.0277370831275337,-2.77370831275337,0.07350000000000001,0.1830357142857143,harm
0.75,0.5,11.3,0.10500000000000001,0.0,0.1,0.18549060542797496,-0.018549060542797497,0.5,0.47157639089234227,-0.028423609107657732,-2.8423609107657732,0.07350000000000001,0.1836283185840708,harm
0.75,0.5,11.4,0.10500000000000001,0.0,0.1,0.18851774530271398,-0.018851774530271398,0.5,0.4708827390585706,-0.029117260941429413,-2.9117260941429413,0.07350000000000001,0.1842105263157895,harm
0.75,0.5,11.5,0.10500000000000001,0.0,0.1,0.19154488517745302,-0.019154488517745302,0.5,0.4701819828902286,-0.02981801710977139,-2.981801710977139,0.07350000000000001,0.18478260869565216,harm
0.75,0.5,11.600000000000001,0.10500000000000001,0.0,0.1,0.1945720250521921,-0.01945720250521921,0.5,0.4694741446478514,-0.03052585535214858,-3.052585535214858,0.07350000000000001,0.1853448275862069,harm
0.75,0.5,11.7,0.10500000000000001,0.0,0.1,0.19759916492693103,-0.019759916492693104,0.5,0.46875924734804947,-0.031240752651950532,-3.124075265195053,0.07350000000000001,0.1858974358974359,harm
0.75,0.5,11.8,0.10500000000000001,0.0,0.1,0.20062630480167015,-0.020062630480167015,0.5,0.46803731477811217,-0.03196268522188783,-3.196268522188783,0.07350000000000001,0.1864406779661017,harm
0.75,0.5,11.9,0.10500000000000001,0.0,0.1,0.2036534446764092,-0.02036534446764092,0.5,0.4673083715105882,-0.03269162848941182,-3.269162848941182,0.07350000000000001,0.1869747899159664,harm
0.75,0.5,12.0,0.10500000000000001,0.0,0.1,0.20668058455114818,-0.02066805845511482,0.5,0.4665724429178334,-0.033427557082166603,-3.3427557082166603,0.07350000000000001,0.1875,harm
0.75,0.5,12.100000000000001,0.10500000000000001,0.0,0.1,0.2097077244258873,-0.02097077244258873,0.5,0.4658295551865145,-0.03417044481348552,-3.4170444813485523,0.07350000000000001,0.18801652892561985,harm
0.75,0.5,12.2,0.10500000000000001,0.0,0.1,0.21273486430062624,-0.021273486430062626,0.5,0.4650797353320604,-0.03492026466793963,-3.4920264667939627,0.07350000000000001,0.1885245901639344,harm
0.75,0.5,12.3,0.10500000000000001,0.0,0.1,0.21576200417536537,-0.021576200417536537,0.5,0.4643230112130485,-0.035676988786951525,-3.5676988786951522,0.07350000000000001,0.18902439024390244,harm
0.75,0.5,12.4,0.10500000000000001,0.0,0.1,0.21878914405010436,-0.021878914405010438,0.5,0.46355941154551666,-0.036440588454483336,-3.644058845448334,0.07350000000000001,0.18951612903225806,harm
0.75,0.5,12.5,0.10500000000000001,0.0,0.1,0.22181628392484337,-0.02218162839248434,0.5,0.4627889659171891,-0.0372110340828109,-3.72110340828109,0.07350000000000001,0.19,harm
0.75,0.5,12.600000000000001,0.10500000000000001,0.0,0.1,0.2248434237995825,-0.02248434237995825,0.5,0.4620117048016046,-0.037988295198395416,-3.7988295198395416,0.07350000000000001,0.19047619047619047,harm
0.75,0.5,12.7,0.10500000000000001,0.0,0.1,0.22787056367432143,-0.022787056367432144,0.5,0.46122765957213674,-0.03877234042786326,-3.877234042786326,0.07350000000000001,0.19094488188976377,harm
0.75,0.5,12.8,0.10500000000000001,0.0,0.1,0.2308977035490605,-0.02308977035490605,0.5,0.4604368625158919,-0.03956313748410811,-3.9563137484108113,0.07350000000000001,0.19140625,harm
0.75,0.5,12.9,0.10500000000000001,0.0,0.1,0.23392484342379954,-0.023392484342379956,0.5,0.4596393468474762,-0.040360653152523795,-4.0360653152523795,0.07350000000000001,0.19186046511627908,harm
0.75,0.5,13.0,0.10500000000000001,0.0,0.1,0.2369519832985386,-0.02369519832985386,0.5,0.45883514672261655,-0.04116485327738345,-4.116485327738345,0.07350000000000001,0.1923076923076923,harm
0.75,0.5,13.100000000000001,0.10500000000000001,0.0,0.1,0.23997912317327766,-0.023997912317327768,0.5,0.45802429725162375,-0.041975702748376253,-4.197570274837625,0.07350000000000001,0.19274809160305345,harm
0.75,0.5,13.2,0.10500000000000001,0.0,0.1,0.24300626304801665,-0.024300626304801665,0.5,0.45720683451268623,-0.04279316548731377,-4.2793165487313765,0.07350000000000001,0.19318181818181818,harm
0.75,0.5,13.3,0.10500000000000001,0.0,0.1,0.24603340292275572,-0.024603340292275573,0.5,0.4563827955649802,-0.04361720443501982,-4.361720443501982,0.07350000000000001,0.19360902255639098,harm
0.75,0.5,13.4,0.10500000000000001,0.0,0.1,0.24906054279749473,-0.024906054279749474,0.5,0.4555522184615829,-0.04444778153841711,-4.44477815384171,0.07350000000000001,0.19402985074626866,harm
0.75,0.5,13.5,0.10500000000000001,0.0,0.1,0.25208768267223375,-0.025208768267223375,0.5,0.454715142262177,-0.04528485773782298,-4.5284857737822986,0.07350000000000001,0.19444444444444445,harm
0.75,0.5,13.600000000000001,0.10500000000000001,0.0,0.1,0.2551148225469729,-0.02551148225469729,0.5,0.4538716070455311,-0.04612839295446891,-4.612839295446891,0.07350000000000001,0.1948529411764706,harm
0.75,0.5,13.7,0.10500000000000001,0.0,0.1,0.25814196242171183,-0.025814196242171183,0.5,0.45302165392174304,-0.04697834607825696,-4.697834607825696,0.07350000000000001,0.19525547445255476,harm
0.75,0.5,13.8,0.10500000000000001,0.0,0.1,0.2611691022964509,-0.02611691022964509,0.5,0.45216532504423246,-0.04783467495576754,-4.783467495576755,0.07350000000000001,0.1956521739130435,harm
0.75,0.5,13.9,0.10500000000000001,0.0,0.1,0.2641962421711899,-0.026419624217118992,0.5,0.4513026636214682,-0.0486973363785318,-4.86973363785318,0.07350000000000001,0.1960431654676259,harm
0.75,0.5,14.0,0.10500000000000001,0.0,0.1,0.267223382045929,-0.0267223382045929,0.5,0.45043371392841614,-0.049566286071583865,-4.956628607158386,0.07350000000000001,0.19642857142857142,harm
0.75,0.5,6.0,0.10750000000000001,0.0,0.1,0.021943573667711595,-0.0021943573667711595,0.5,0.4980799611878561,-0.0019200388121439205,-0.19200388121439205,0.07525000000000001,0.125,harm
0.75,0.5,6.1,0.10750000000000001,0.0,0.1,0.024921630094043856,-0.0024921630094043856,0.5,0.4977882420867212,-0.0022117579132788223,-0.22117579132788223,0.07525000000000001,0.12704918032786883,harm
0.75,0.5,6.2,0.10750000000000001,0.0,0.1,0.027899686520376166,-0.002789968652037617,0.5,0.4974890823518019,-0.0025109176481981077,-0.25109176481981077,0.07525000000000001,0.12903225806451613,harm
0.75,0.5,6.3,0.10750000000000001,0.0,0.1,0.03087774294670845,-0.003087774294670845,0.5,0.49718248294075135,-0.002817517059248653,-0.2817517059248653,0.07525000000000001,0.13095238095238093,harm
0.75,0.5,6.4,0.10750000000000001,0.0,0.1,0.033855799373040736,-0.003385579937304074,0.5,0.4968684449235811,-0.0031315550764188793,-0.31315550764188793,0.07525000000000001,0.1328125,harm
0.75,0.5,6.5,0.10750000000000001,0.0,0.1,0.03683385579937302,-0.003683385579937302,0.5,0.4965469694898066,-0.003453030510193411,-0.3453030510193411,0.07525000000000001,0.1346153846153846,harm
0.75,0.5,6.6,0.10750000000000001,0.0,0.1,0.039811912225705307,-0.003981191222570531,0.5,0.49621805795578655,-0.003781942044213449,-0.3781942044213449,0.07525000000000001,0.13636363636363635,harm
0.75,0.5,6.7,0.10750000000000001,0.0,0.1,0.042789968652037616,-0.004278996865203762,0.5,0.4958817117722553,-0.004118288227744682,-0.4118288227744682,0.07525000000000001,0.13805970149253732,harm
0.75,0.5,6.8,0.10750000000000001,0.0,0.1,0.04576802507836988,-0.004576802507836988,0.5,0.49553793253204714,-0.004462067467952857,-0.4462067467952857,0.07525000000000001,0.13970588235294118,harm
0.75,0.5,6.9,0.10750000000000001,0.0,0.1,0.048746081504702186,-0.004874608150470219,0.5,0.4951867219780124,-0.00481327802198761,-0.48132780219876103,0.07525000000000001,0.14130434782608697,harm
0.75,0.5,7.0,0.10750000000000001,0.0,0.1,0.05172413793103447,-0.005172413793103447,0.5,0.49482808201112416,-0.00517191798887584,-0.517191798887584,0.07525000000000001,0.14285714285714285,harm
0.75,0.5,7.1,0.10750000000000001,0.0,0.1,0.05470219435736676,-0.005470219435736676,0.5,0.49446201469877504,-0.005537985301224957,-0.5537985301224957,0.07525000000000001,0.14436619718309857,harm
0.75,0.5,7.2,0.10750000000000001,0.0,0.1,0.05768025078369906,-0.0057680250783699065,0.5,0.4940885222832626,-0.00591147771673739,-0.591147771673739,0.07525000000000001,0.14583333333333334,harm
0.75,0.5,7.3,0.10750000000000001,0.0,0.1,0.06065830721003133,-0.006065830721003133,0.5,0.49370760719046225,-0.00629239280953775,-0.629239280953775,0.07525000000000001,0.14726027397260272,harm
0.75,0.5,7.4,0.10750000000000001,0.0,0.1,0.06363636363636363,-0.006363636363636363,0.5,0.49331927203868753,-0.0066807279613124715,-0.6680727961312471,0.07525000000000001,0.14864864864864866,harm
0.75,0.5,7.5,0.10750000000000001,0.0,0.1,0.0666144200626959,-0.00666144200626959,0.5,0.49292351964773584,-0.007076480352264158,-0.7076480352264158,0.07525000000000001,0.15,harm
0.75,0.5,7.6,0.10750000000000001,0.0,0.1,0.06959247648902821,-0.006959247648902821,0.5,0.49252035304811764,-0.007479646951882357,-0.7479646951882357,0.07525000000000001,0.1513157894736842,harm
0.75,0.5,7.7,0.10750000000000001,0.0,0.1,0.07257053291536046,-0.0072570532915360465,0.5,0.4921097754904692,-0.007890224509530808,-0.7890224509530808,0.07525000000000001,0.1525974025974026,harm
0.75,0.5,7.8,0.10750000000000001,0.0,0.1,0.07554858934169277,-0.007554858934169278,0.5,0.49169179045514655,-0.008308209544853451,-0.8308209544853451,0.07525000000000001,0.15384615384615385,harm
0.75,0.5,7.9,0.10750000000000001,0.0,0.1,0.07852664576802508,-0.007852664576802509,0.5,0.491266401661999,-0.008733598338001025,-0.8733598338001025,0.07525000000000001,0.1550632911392405,harm
0.75,0.5,8.0,0.10750000000000001,0.0,0.1,0.08150470219435735,-0.008150470219435735,0.5,0.4908336130803215,-0.009166386919678526,-0.9166386919678526,0.07525000000000001,0.15625,harm
0.75,0.5,8.1,0.10750000000000001,0.0,0.1,0.0844827586206896,-0.008448275862068961,0.5,0.49039342893898175,-0.009606571061018254,-0.9606571061018254,0.07525000000000001,0.15740740740740738,harm
0.75,0.5,8.2,0.10750000000000001,0.0,0.1,0.08746081504702191,-0.00874608150470219,0.5,0.48994585373672395,-0.010054146263276054,-1.0054146263276054,0.07525000000000001,0.15853658536585363,harm
0.75,0.5,8.3,0.10750000000000001,0.0,0.1,0.09043887147335422,-0.009043887147335422,0.5,0.48949089225264303,-0.010509107747356972,-1.0509107747356972,0.07525000000000001,0.15963855421686748,harm
0.75,0.5,8.4,0.10750000000000001,0.0,0.1,0.09341692789968649,-0.00934169278996865,0.5,0.48902854955683,-0.010971450443169994,-1.0971450443169994,0.07525000000000001,0.1607142857142857,harm
0.75,0.5,8.5,0.10750000000000001,0.0,0.1,0.0963949843260188,-0.009639498432601881,0.5,0.4885588310211856,-0.01144116897881442,-1.144116897881442,0.07525000000000001,0.16176470588235292,harm
0.75,0.5,8.6,0.10750000000000001,0.0,0.1,0.09937304075235105,-0.009937304075235106,0.5,0.4880817423303991,-0.011918257669600918,-1.1918257669600918,0.07525000000000001,0.16279069767441862,harm
0.75,0.5,8.7,0.10750000000000001,0.0,0.1,0.10235109717868332,-0.010235109717868333,0.5,0.48759728949309034,-0.012402710506909664,-1.2402710506909664,0.07525000000000001,0.16379310344827586,harm
0.75,0.5,8.8,0.10750000000000001,0.0,0.1,0.10532915360501567,-0.010532915360501568,0.5,0.48710547885311256,-0.012894521146887439,-1.2894521146887439,0.07525000000000001,0.1647727272727273,harm
0.75,0.5,8.9,0.10750000000000001,0.0,0.1,0.10830721003134794,-0.010830721003134794,0.5,0.48660631710101265,-0.013393682898987347,-1.3393682898987347,0.07525000000000001,0.1657303370786517,harm
0.75,0.5,9.0,0.10750000000000001,0.0,0.1,0.11128526645768025,-0.011128526645768026,0.5,0.4860998112856463,-0.013900188714353723,-1.3900188714353723,0.07525000000000001,0.16666666666666669,harm
0.75,0.5,9.1,0.10750000000000001,0.0,0.1,0.1142633228840125,-0.011426332288401252,0.5,0.4855859688259443,-0.014414031174055708,-1.4414031174055708,0.07525000000000001,0.1675824175824176,harm
0.75,0.5,9.2,0.10750000000000001,0.0,0.1,0.11724137931034477,-0.011724137931034478,0.5,0.4850647975228287,-0.014935202477171283,-1.4935202477171283,0.07525000000000001,0.16847826086956522,harm
0.75,0.5,9.3,0.10750000000000001,0.0,0.1,0.12021943573667712,-0.012021943573667713,0.5,0.4845363055712722,-0.015463694428727803,-1.5463694428727803,0.07525000000000001,0.16935483870967744,harm
0.75,0.5,9.4,0.10750000000000001,0.0,0.1,0.12319749216300939,-0.01231974921630094,0.5,0.48400050157250035,-0.015999498427499648,-1.5999498427499648,0.07525000000000001,0.17021276595744683,harm
0.75,0.5,9.5,0.10750000000000001,0.0,0.1,0.12617554858934166,-0.012617554858934166,0.5,0.48345739454633085,-0.016542605453669146,-1.6542605453669146,0.07525000000000001,0.17105263157894737,harm
0.75,0.5,9.6,0.10750000000000001,0.0,0.1,0.12915360501567394,-0.012915360501567394,0.5,0.4829069939436472,-0.017093006056352777,-1.7093006056352777,0.07525000000000001,0.171875,harm
0.75,0.5,9.7,0.10750000000000001,0.0,0.1,0.13213166144200622,-0.013213166144200622,0.5,0.48234930965900147,-0.01765069034099853,-1.7650690340998532,0.07525000000000001,0.17268041237113402,harm
0.75,0.5,9.8,0.10750000000000001,0.0,0.1,0.13510971786833856,-0.013510971786833857,0.5,0.4817843520433434,-0.01821564795665659,-1.8215647956656589,0.07525000000000001,0.17346938775510207,harm
0.75,0.5,9.9,0.10750000000000001,0.0,0.1,0.13808777429467084,-0.013808777429467085,0.5,0.4812121319168701,-0.018787868083129877,-1.8787868083129877,0.07525000000000001,0.17424242424242425,harm
0.75,0.5,10.0,0.10750000000000001,0.0,0.1,0.1410658307210031,-0.01410658307210031,0.5,0.4806326605819923,-0.019367339418007723,-1.9367339418007723,0.07525000000000001,0.175,harm
0.75,0.5,10.100000000000001,0.10750000000000001,0.0,0.1,0.14404388714733546,-0.014404388714733547,0.5,0.48004594983641236,-0.019954050163587644,-1.9954050163587644,0.07525000000000001,0.17574257425742576,harm
0.75,0.5,10.2,0.10750000000000001,0.0,0.1,0.14702194357366766,-0.014702194357366766,0.5,0.4794520119863093,-0.020547988013690677,-2.054798801369068,0.07525000000000001,0.1764705882352941,harm
0.75,0.5,10.3,0.10750000000000001,0.0,0.1,0.14999999999999997,-0.014999999999999998,0.5,0.4788508598596247,-0.021149140140375278,-2.1149140140375278,0.07525000000000001,0.17718446601941748,harm
0.75,0.5,10.4,0.10750000000000001,0.0,0.1,0.15297805642633228,-0.015297805642633229,0.5,0.47824250681944513,-0.021757493180554865,-2.1757493180554865,0.07525000000000001,0.1778846153846154,harm
0.75,0.5,10.5,0.10750000000000001,0.0,0.1,0.15595611285266453,-0.015595611285266453,0.5,0.47762696677747485,-0.02237303322252515,-2.237303322252515,0.07525000000000001,0.17857142857142858,harm
0.75,0.5,10.600000000000001,0.10750000000000001,0.0,0.1,0.1589341692789969,-0.01589341692789969,0.5,0.4770042542075932,-0.02299574579240682,-2.299574579240682,0.07525000000000001,0.17924528301886794,harm
0.75,0.5,10.7,0.10750000000000001,0.0,0.1,0.16191222570532912,-0.016191222570532914,0.5,0.4763743841594909,-0.023625615840509095,-2.3625615840509093,0.07525000000000001,0.17990654205607476,harm
0.75,0.5,10.8,0.10750000000000001,0.0,0.1,0.16489028213166143,-0.016489028213166144,0.5,0.4757373722723782,-0.024262627727621777,-2.4262627727621777,0.07525000000000001,0.18055555555555558,harm
0.75,0.5,10.9,0.10750000000000001,0.0,0.1,0.16786833855799374,-0.016786833855799373,0.5,0.47509323478875976,-0.024906765211240245,-2.4906765211240245,0.07525000000000001,0.1811926605504587,harm
0.75,0.5,11.0,0.10750000000000001,0.0,0.1,0.170846394984326,-0.0170846394984326,0.5,0.4744419885682675,-0.025558011431732475,-2.5558011431732472,0.07525000000000001,0.18181818181818182,harm
0.75,0.5,11.100000000000001,0.10750000000000001,0.0,0.1,0.1738244514106583,-0.017382445141065832,0.5,0.4737836511015475,-0.02621634889845248,-2.621634889845248,0.07525000000000001,0.18243243243243246,harm
0.75,0.5,11.2,0.10750000000000001,0.0,0.1,0.17680250783699056,-0.017680250783699055,0.5,0.47311824052419066,-0.02688175947580934,-2.688175947580934,0.07525000000000001,0.1830357142857143,harm
0.75,0.5,11.3,0.10750000000000001,0.0,0.1,0.17978056426332287,-0.017978056426332288,0.5,0.4724457756307018,-0.02755422436929822,-2.755422436929822,0.07525000000000001,0.1836283185840708,harm
0.75,0.5,11.4,0.10750000000000001,0.0,0.1,0.18275862068965512,-0.018275862068965514,0.5,0.47176627588849923,-0.02823372411150077,-2.8233724111500766,0.07525000000000001,0.1842105263157895,harm
0.75,0.5,11.5,0.10750000000000001,0.0,0.1,0.18573667711598743,-0.018573667711598744,0.5,0.4710797614519364,-0.02892023854806358,-2.892023854806358,0.07525000000000001,0.18478260869565216,harm
0.75,0.5,11.600000000000001,0.10750000000000001,0.0,0.1,0.18871473354231974,-0.018871473354231977,0.5,0.4703862531763381,-0.029613746823661913,-2.9613746823661913,0.07525000000000001,0.1853448275862069,harm
0.75,0.5,11.7,0.10750000000000001,0.0,0.1,0.19169278996865197,-0.0191692789968652,0.5,0.4696857726320428,-0.03031422736795719,-3.031422736795719,0.07525000000000001,0.1858974358974359,harm
0.75,0.5,11.8,0.10750000000000001,0.0,0.1,0.19467084639498433,-0.019467084639498436,0.5,0.46897834211844247,-0.03102165788155753,-3.102165788155753,0.07525000000000001,0.1864406779661017,harm
0.75,0.5,11.9,0.10750000000000001,0.0,0.1,0.19764890282131659,-0.01976489028213166,0.5,0.46826398467801145,-0.03173601532198855,-3.1736015321988553,0.07525000000000001,0.1869747899159664,harm
0.75,0.5,12.0,0.10750000000000001,0.0,0.1,0.2006269592476489,-0.02006269592476489,0.5,0.46754272411031494,-0.032457275889685056,-3.2457275889685056,0.07525000000000001,0.1875,harm
0.75,0.5,12.100000000000001,0.10750000000000001,0.0,0.1,0.2036050156739812,-0.02036050156739812,0.5,0.46681458498598816,-0.03318541501401184,-3.3185415014011843,0.07525000000000001,0.18801652892561985,harm
0.75,0.5,12.2,0.10750000000000001,0.0,0.1,0.2065830721003134,-0.02065830721003134,0.5,0.46607959266067633,-0.033920407339323666,-3.3920407339323666,0.07525000000000001,0.1885245901639344,harm
0.75,0.5,12.3,0.10750000000000001,0.0,0.1,0.20956112852664577,-0.020956112852664577,0.5,0.4653377732889269,-0.03466222671107311,-3.4662226711073107,0.07525000000000001,0.18902439024390244,harm
0.75,0.5,12.4,0.10750000000000001,0.0,0.1,0.21253918495297802,-0.021253918495297803,0.5,0.4645891538380226,-0.03541084616197743,-3.5410846161977427,0.07525000000000001,0.18951612903225806,harm
0.75,0.5,12.5,0.10750000000000001,0.0,0.1,0.2155172413793103,-0.021551724137931032,0.5,0.4638337621017454,-0.03616623789825463,-3.6166237898254625,0.07525000000000001,0.19,harm
0.75,0.5,12.600000000000001,0.10750000000000001,0.0,0.1,0.21849529780564264,-0.021849529780564265,0.5,0.4630716267140626,-0.0369283732859374,-3.6928373285937397,0.07525000000000001,0.19047619047619047,harm
0.75,0.5,12.7,0.10750000000000001,0.0,0.1,0.22147335423197487,-0.022147335423197488,0.5,0.4623027771627221,-0.03769722283727789,-3.7697222837277886,0.07525000000000001,0.19094488188976377,harm
0.75,0.5,12.8,0.10750000000000001,0.0,0.1,0.22445141065830718,-0.022445141065830718,0.5,0.4615272438027475,-0.03847275619725249,-3.8472756197252487,0.07525000000000001,0.19140625,harm
0.75,0.5,12.9,0.10750000000000001,0.0,0.1,0.2274294670846395,-0.02274294670846395,0.5,0.4607450578698211,-0.03925494213017888,-3.9254942130178883,0.07525000000000001,0.19186046511627908,harm
0.75,0.5,13.0,0.10750000000000001,0.0,0.1,0.23040752351097174,-0.023040752351097177,0.5,0.4599562514935447,-0.04004374850645531,-4.004374850645531,0.07525000000000001,0.1923076923076923,harm
0.75,0.5,13.100000000000001,0.10750000000000001,0.0,0.1,0.2333855799373041,-0.023338557993730413,0.5,0.4591608577105647,-0.040839142289435304,-4.083914228943531,0.07525000000000001,0.19274809160305345,harm
0.75,0.5,13.2,0.10750000000000001,0.0,0.1,0.2363636363636363,-0.023636363636363632,0.5,0.45835891047755184,-0.04164108952244816,-4.164108952244816,0.07525000000000001,0.19318181818181818,harm
0.75,0.5,13.3,0.10750000000000001,0.0,0.1,0.2393416927899686,-0.023934169278996862,0.5,0.4575504446840222,-0.04244955531597783,-4.244955531597783,0.07525000000000001,0.19360902255639098,harm
0.75,0.5,13.4,0.10750000000000001,0.0,0.1,0.24231974921630092,-0.024231974921630095,0.5,0.45673549616498743,-0.04326450383501257,-4.326450383501257,0.07525000000000001,0.19402985074626866,harm
0.75,0.5,13.5,0.10750000000000001,0.0,0.1,0.24529780564263318,-0.024529780564263318,0.5,0.4559141017134231,-0.044085898286576886,-4.408589828657688,0.07525000000000001,0.19444444444444445,harm
0.75,0.5,13.600000000000001,0.10750000000000001,0.0,0.1,0.24827586206896549,-0.02482758620689655,0.5,0.4550862990925406,-0.044913700907459386,-4.491370090745939,0.07525000000000001,0.1948529411764706,harm
0.75,0.5,13.7,0.10750000000000001,0.0,0.1,0.25125391849529777,-0.025125391849529777,0.5,0.45425212704785123,-0.04574787295214877,-4.574787295214877,0.07525000000000001,0.19525547445255476,harm
0.75,0.5,13.8,0.10750000000000001,0.0,0.1,0.2542319749216301,-0.02542319749216301,0.5,0.4534116253190097,-0.04658837468099031,-4.658837468099031,0.07525000000000001,0.1956521739130435,harm
0.75,0.5,13.9,0.10750000000000001,0.0,0.1,0.25721003134796233,-0.025721003134796236,0.5,0.45256483465142294,-0.04743516534857706,-4.743516534857706,0.07525000000000001,0.1960431654676259,harm
0.75,0.5,14.0,0.10750000000000001,0.0,0.1,0.26018808777429464,-0.026018808777429465,0.5,0.45171179680761087,-0.048288203192389134,-4.828820319238913,0.07525000000000001,0.19642857142857142,harm
0.75,0.5,6.0,0.11,0.0,0.1,0.018828451882845203,-0.0018828451882845203,0.5,0.4983525255480824,-0.0016474744519175966,-0.16474744519175966,0.077,0.125,harm
0.75,0.5,6.1,0.11,0.0,0.1,0.021757322175732213,-0.0021757322175732213,0.5,0.4980690621157593,-0.0019309378842407021,-0.1930937884240702,0.077,0.12704918032786883,harm
0.75,0.5,6.2,0.11,0.0,0.1,0.024686192468619268,-0.0024686192468619268,0.5,0.49777828018155557,-0.0022217198184444342,-0.22217198184444342,0.077,0.12903225806451613,harm
0.75,0.5,6.3,0.11,0.0,0.1,0.027615062761506277,-0.002761506276150628,0.5,0.4974801805922183,-0.002519819407781676,-0.2519819407781676,0.077,0.13095238095238093,harm
0.75,0.5,6.4,0.11,0.0,0.1,0.030543933054393332,-0.0030543933054393334,0.5,0.4971747642977826,-0.002825235702217377,-0.2825235702217377,0.077,0.1328125,harm
0.75,0.5,6.5,0.11,0.0,0.1,0.03347280334728036,-0.0033472803347280363,0.5,0.4968620323582833,-0.003137967641716699,-0.3137967641716699,0.077,0.1346153846153846,harm
0.75,0.5,6.6,0.11,0.0,0.1,0.03640167364016737,-0.0036401673640167375,0.5,0.4965419859506517,-0.0034580140493483125,-0.34580140493483125,0.077,0.13636363636363635,harm
0.75,0.5,6.7,0.11,0.0,0.1,0.03933054393305443,-0.003933054393305443,0.5,0.4962146263757962,-0.0037853736242037805,-0.37853736242037805,0.077,0.13805970149253732,harm
0.75,0.5,6.8,0.11,0.0,0.1,0.042259414225941434,-0.004225941422594143,0.5,0.49587995506586646,-0.004120044934133538,-0.41200449341335377,0.077,0.13970588235294118,harm
0.75,0.5,6.9,0.11,0.0,0.1,0.04518828451882849,-0.004518828451882849,0.5,0.4955379735917004,-0.004462026408299624,-0.4462026408299624,0.077,0.14130434782608697,harm
0.75,0.5,7.0,0.11,0.0,0.1,0.048117154811715496,-0.00481171548117155,0.5,0.49518868367045293,-0.004811316329547066,-0.4811316329547066,0.077,0.14285714285714285,harm
0.75,0.5,7.1,0.11,0.0,0.1,0.05104602510460251,-0.005104602510460251,0.5,0.4948320871734071,-0.005167912826592902,-0.5167912826592902,0.077,0.14436619718309857,harm
0.75,0.5,7.2,0.11,0.0,0.1,0.053974895397489585,-0.005397489539748959,0.5,0.494468186133964,-0.005531813866036017,-0.5531813866036017,0.077,0.14583333333333334,harm
0.75,0.5,7.3,0.11,0.0,0.1,0.05690376569037657,-0.005690376569037658,0.5,0.49409698275581365,-0.005903017244186348,-0.5903017244186348,0.077,0.14726027397260272,harm
0.75,0.5,7.4,0.11,0.0,0.1,0.059832635983263646,-0.005983263598326365,0.5,0.4937184794212839,-0.0062815205787161155,-0.6281520578716115,0.077,0.14864864864864866,harm
0.75,0.5,7.5,0.11,0.0,0.1,0.06276150627615064,-0.006276150627615064,0.5,0.49333267869986663,-0.0066673213001333664,-0.6667321300133366,0.077,0.15,harm
0.75,0.5,7.6,0.11,0.0,0.1,0.06569037656903766,-0.006569037656903766,0.5,0.4929395833569209,-0.007060416643079104,-0.7060416643079104,0.077,0.1513157894736842,harm
0.75,0.5,7.7,0.11,0.0,0.1,0.0686192468619247,-0.006861924686192469,0.5,0.4925391963625506,-0.007460803637449387,-0.7460803637449387,0.077,0.1525974025974026,harm
0.75,0.5,7.8,0.11,0.0,0.1,0.07154811715481173,-0.007154811715481173,0.5,0.492131520900656,-0.007868479099344017,-0.7868479099344017,0.077,0.15384615384615385,harm
0.75,0.5,7.9,0.11,0.0,0.1,0.07447698744769876,-0.007447698744769877,0.5,0.49171656037815836,-0.008283439621841637,-0.8283439621841637,0.077,0.1550632911392405,harm
0.75,0.5,8.0,0.11,0.0,0.1,0.0774058577405858,-0.00774058577405858,0.5,0.4912943184343947,-0.008705681565605305,-0.8705681565605305,0.077,0.15625,harm
0.75,0.5,8.1,0.11,0.0,0.1,0.08033472803347283,-0.008033472803347283,0.5,0.49086479895068214,-0.009135201049317865,-0.9135201049317865,0.077,0.15740740740740738,harm
0.75,0.5,8.2,0.11,0.0,0.1,0.08326359832635981,-0.008326359832635981,0.5,0.4904280060600501,-0.009571993939949897,-0.9571993939949897,0.077,0.15853658536585363,harm
0.75,0.5,8.3,0.11,0.0,0.1,0.08619246861924688,-0.008619246861924688,0.5,0.4899839441571383,-0.010016055842861693,-1.0016055842861693,0.077,0.15963855421686748,harm
0.75,0.5,8.4,0.11,0.0,0.1,0.08912133891213392,-0.008912133891213392,0.5,0.4895326179082582,-0.010467382091741806,-1.0467382091741806,0.077,0.1607142857142857,harm
0.75,0.5,8.5,0.11,0.0,0.1,0.09205020920502095,-0.009205020920502096,0.5,0.4890740322616173,-0.010925967738382725,-1.0925967738382725,0.077,0.16176470588235292,harm
0.75,0.5,8.6,0.11,0.0,0.1,0.09497907949790793,-0.009497907949790795,0.5,0.4886081924577021,-0.011391807542297905,-1.1391807542297905,0.077,0.16279069767441862,harm
0.75,0.5,8.7,0.11,0.0,0.1,0.09790794979079497,-0.009790794979079497,0.5,0.4881351040398199,-0.011864895960180089,-1.1864895960180089,0.077,0.16379310344827586,harm
0.75,0.5,8.8,0.11,0.0,0.1,0.10083682008368204,-0.010083682008368205,0.5,0.4876547728647944,-0.012345227135205583,-1.2345227135205583,0.077,0.1647727272727273,harm
0.75,0.5,8.9,0.11,0.0,0.1,0.10376569037656908,-0.010376569037656908,0.5,0.4871672051138155,-0.012832794886184495,-1.2832794886184495,0.077,0.1657303370786517,harm
0.75,0.5,9.0,0.11,0.0,0.1,0.10669456066945611,-0.010669456066945611,0.5,0.4866724073034371,-0.013327592696562918,-1.3327592696562918,0.077,0.16666666666666669,harm
0.75,0.5,9.1,0.11,0.0,0.1,0.1096234309623431,-0.010962343096234312,0.5,0.4861703862967247,-0.01382961370327529,-1.382961370327529,0.077,0.1675824175824176,harm
0.75,0.5,9.2,0.11,0.0,0.1,0.11255230125523012,-0.011255230125523014,0.5,0.48566114931454507,-0.01433885068545493,-1.433885068545493,0.077,0.16847826086956522,harm
0.75,0.5,9.3,0.11,0.0,0.1,0.11548117154811721,-0.011548117154811723,0.5,0.4851447039469985,-0.01485529605300151,-1.485529605300151,0.077,0.16935483870967744,harm
0.75,0.5,9.4,0.11,0.0,0.1,0.11841004184100423,-0.011841004184100425,0.5,0.4846210581649888,-0.015378941835011206,-1.5378941835011206,0.077,0.17021276595744683,harm
0.75,0.5,9.5,0.11,0.0,0.1,0.12133891213389122,-0.012133891213389123,0.5,0.48409022033192817,-0.015909779668071833,-1.5909779668071833,0.077,0.17105263157894737,harm
0.75,0.5,9.6,0.11,0.0,0.1,0.12426778242677826,-0.012426778242677827,0.5,0.4835521992155729,-0.01644780078442709,-1.6447800784427091,0.077,0.171875,harm
0.75,0.5,9.7,0.11,0.0,0.1,0.1271966527196653,-0.01271966527196653,0.5,0.4830070039999874,-0.016992996000012583,-1.6992996000012583,0.077,0.17268041237113402,harm
0.75,0.5,9.8,0.11,0.0,0.1,0.13012552301255237,-0.013012552301255238,0.5,0.4824546442976311,-0.017545355702368925,-1.7545355702368925,0.077,0.17346938775510207,harm
0.75,0.5,9.9,0.11,0.0,0.1,0.13305439330543936,-0.013305439330543936,0.5,0.4818951301615655,-0.018104869838434512,-1.8104869838434512,0.077,0.17424242424242425,harm
0.75,0.5,10.0,0.11,0.0,0.1,0.13598326359832638,-0.013598326359832639,0.5,0.48132847209777735,-0.01867152790222265,-1.867152790222265,0.077,0.175,harm
0.75,0.5,10.100000000000001,0.11,0.0,0.1,0.13891213389121346,-0.013891213389121346,0.5,0.48075468107761177,-0.019245318922388233,-1.9245318922388233,0.077,0.17574257425742576,harm
0.75,0.5,10.2,0.11,0.0,0.1,0.1418410041841004,-0.01418410041841004,0.5,0.4801737685503135,-0.019826231449686482,-1.9826231449686482,0.077,0.1764705882352941,harm
0.75,0.5,10.3,0.11,0.0,0.1,0.14476987447698747,-0.014476987447698748,0.5,0.4795857464556688,-0.020414253544331185,-2.0414253544331187,0.077,0.17718446601941748,harm
0.75,0.5,10.4,0.11,0.0,0.1,0.14769874476987452,-0.014769874476987452,0.5,0.47899062723674574,-0.021009372763254264,-2.1009372763254266,0.077,0.1778846153846154,harm
0.75,0.5,10.5,0.11,0.0,0.1,0.15062761506276154,-0.015062761506276154,0.5,0.47838842385272573,-0.02161157614727427,-2.161157614727427,0.077,0.17857142857142858,harm
0.75,0.5,10.600000000000001,0.11,0.0,0.1,0.15355648535564861,-0.015355648535564863,0.5,0.4777791497918219,-0.0222208502081781,-2.22208502081781,0.077,0.17924528301886794,harm
0.75,0.5,10.7,0.11,0.0,0.1,0.15648535564853555,-0.015648535564853554,0.5,0.47716281908427904,-0.022837180915720956,-2.2837180915720956,0.077,0.17990654205607476,harm
0.75,0.5,10.8,0.11,0.0,0.1,0.15941422594142263,-0.015941422594142263,0.5,0.4765394463154491,-0.02346055368455091,-2.346055368455091,0.077,0.18055555555555558,harm
0.75,0.5,10.9,0.11,0.0,0.1,0.16234309623430968,-0.01623430962343097,0.5,0.4759090466389366,-0.024090953361063427,-2.4090953361063425,0.077,0.1811926605504587,harm
0.75,0.5,11.0,0.11,0.0,0.1,0.16527196652719664,-0.016527196652719664,0.5,0.47527163578980725,-0.024728364210192755,-2.4728364210192755,0.077,0.18181818181818182,harm
0.75,0.5,11.100000000000001,0.11,0.0,0.1,0.16820083682008374,-0.016820083682008376,0.5,0.4746272300978548,-0.02537276990214521,-2.537276990214521,0.077,0.18243243243243246,harm
0.75,0.5,11.2,0.11,0.0,0.1,0.1711297071129707,-0.01711297071129707,0.5,0.4739758465009182,-0.026024153499081826,-2.6024153499081826,0.077,0.1830357142857143,harm
0.75,0.5,11.3,0.11,0.0,0.1,0.17405857740585778,-0.01740585774058578,0.5,0.47331750255824356,-0.026682497441756436,-2.6682497441756436,0.077,0.1836283185840708,harm
0.75,0.5,11.4,0.11,0.0,0.1,0.17698744769874483,-0.017698744769874483,0.5,0.4726522164638831,-0.027347783536116888,-2.7347783536116888,0.077,0.1842105263157895,harm
0.75,0.5,11.5,0.11,0.0,0.1,0.1799163179916318,-0.01799163179916318,0.5,0.47198000706012444,-0.02801999293987556,-2.801999293987556,0.077,0.18478260869565216,harm
0.75,0.5,11.600000000000001,0.11,0.0,0.1,0.1828451882845189,-0.01828451882845189,0.5,0.4713008938509431,-0.028699106149056908,-2.8699106149056908,0.077,0.1853448275862069,harm
0.75,0.5,11.7,0.11,0.0,0.1,0.18577405857740587,-0.01857740585774059,0.5,0.4706148970154702,-0.029385102984529787,-2.9385102984529787,0.077,0.1858974358974359,harm
0.75,0.5,11.8,0.11,0.0,0.1,0.18870292887029294,-0.018870292887029294,0.5,0.4699220374214673,-0.03007796257853268,-3.007796257853268,0.077,0.1864406779661017,harm
0.75,0.5,11.9,0.11,0.0,0.1,0.19163179916317993,-0.019163179916317996,0.5,0.46922233663880186,-0.030777663361198138,-3.0777663361198138,0.077,0.1869747899159664,harm
0.75,0.5,12.0,0.11,0.0,0.1,0.19456066945606698,-0.019456066945606698,0.5,0.4685158169529132,-0.03148418304708678,-3.148418304708678,0.077,0.1875,harm
0.75,0.5,12.100000000000001,0.11,0.0,0.1,0.19748953974895406,-0.019748953974895407,0.5,0.4678025013782619,-0.032197498621738097,-3.21974986217381,0.077,0.18801652892561985,harm
0.75,0.5,12.2,0.11,0.0,0.1,0.200418410041841,-0.020041841004184102,0.5,0.4670824136717532,-0.03291758632824682,-3.2917586328246817,0.077,0.1885245901639344,harm
0.75,0.5,12.3,0.11,0.0,0.1,0.20334728033472807,-0.020334728033472808,0.5,0.4663555783461262,-0.033644421653873824,-3.3644421653873824,0.077,0.18902439024390244,harm
0.75,0.5,12.4,0.11,0.0,0.1,0.2062761506276151,-0.02062761506276151,0.5,0.4656220206832987,-0.03437797931670128,-3.437797931670128,0.077,0.18951612903225806,harm
0.75,0.5,12.5,0.11,0.0,0.1,0.20920502092050214,-0.020920502092050215,0.5,0.46488176674766035,-0.03511823325233965,-3.511823325233965,0.077,0.19,harm
0.75,0.5,12.600000000000001,0.11,0.0,0.1,0.21213389121338921,-0.021213389121338924,0.5,0.4641348433993015,-0.0358651566006985,-3.58651566006985,0.077,0.19047619047619047,harm
0.75,0.5,12.7,0.11,0.0,0.1,0.21506276150627615,-0.021506276150627616,0.5,0.46338127830717124,-0.03661872169282876,-3.661872169282876,0.077,0.19094488188976377,harm
0.75,0.5,12.8,0.11,0.0,0.1,0.21799163179916323,-0.021799163179916325,0.5,0.4626210999621524,-0.03737890003784761,-3.7378900037847607,0.077,0.19140625,harm
0.75,0.5,12.9,0.11,0.0,0.1,0.22092050209205025,-0.022092050209205027,0.5,0.46185433769004436,-0.03814566230995564,-3.814566230995564,0.077,0.19186046511627908,harm
0.75,0.5,13.0,0.11,0.0,0.1,0.2238493723849373,-0.022384937238493732,0.5,0.4610810216644427,-0.0389189783355573,-3.8918978335557295,0.077,0.1923076923076923,harm
0.75,0.5,13.100000000000001,0.11,0.0,0.1,0.22677824267782432,-0.022677824267782434,0.5,0.46030118291950584,-0.039698817080494164,-3.9698817080494164,0.077,0.19274809160305345,harm
0.75,0.5,13.2,0.11,0.0,0.1,0.2297071129707113,-0.022970711297071133,0.5,0.4595148533625968,-0.04048514663740321,-4.048514663740321,0.077,0.19318181818181818,harm
0.75,0.5,13.3,0.11,0.0,0.1,0.23263598326359838,-0.02326359832635984,0.5,0.4587220657867902,-0.0412779342132098,-4.12779342132098,0.077,0.19360902255639098,harm
0.75,0.5,13.4,0.11,0.0,0.1,0.2355648535564854,-0.02355648535564854,0.5,0.45792285388323206,-0.04207714611676794,-4.207714611676794,0.077,0.19402985074626866,harm
0.75,0.5,13.5,0.11,0.0,0.1,0.2384937238493724,-0.023849372384937242,0.5,0.45711725225334254,-0.04288274774665746,-4.288274774665746,0.077,0.19444444444444445,harm
0.75,0.5,13.600000000000001,0.11,0.0,0.1,0.24142259414225947,-0.024142259414225948,0.5,0.4563052964208477,-0.04369470357915228,-4.369470357915228,0.077,0.1948529411764706,harm
0.75,0.5,13.7,0.11,0.0,0.1,0.24435146443514646,-0.024435146443514646,0.5,0.45548702284363174,-0.04451297715636826,-4.4512977156368265,0.077,0.19525547445255476,harm
0.75,0.5,13.8,0.11,0.0,0.1,0.24728033472803354,-0.024728033472803355,0.5,0.45466246892539386,-0.04533753107460614,-4.533753107460614,0.077,0.1956521739130435,harm
0.75,0.5,13.9,0.11,0.0,0.1,0.25020920502092053,-0.025020920502092054,0.5,0.4538316730271015,-0.04616832697289852,-4.616832697289852,0.077,0.1960431654676259,harm
0.75,0.5,14.0,0.11,0.0,0.1,0.25313807531380755,-0.025313807531380756,0.5,0.4529946744782241,-0.04700532552177589,-4.700532552177589,0.077,0.19642857142857142,harm
0.75,0.5,6.0,0.1125,0.0,0.1,0.015706806282722526,-0.0015706806282722527,0.5,0.49862566320913665,-0.0013743367908633508,-0.13743367908633508,0.07875,0.125,harm
0.75,0.5,6.1,0.1125,0.0,0.1,0.01858638743455497,-0.0018586387434554972,0.5,0.49835047336297034,-0.0016495266370296635,-0.16495266370296635,0.07875,0.12704918032786883,harm
0.75,0.5,6.2,0.1125,0.0,0.1,0.021465968586387465,-0.0021465968586387467,0.5,0.4980680874856928,-0.001931912514307188,-0.1931912514307188,0.07875,0.12903225806451613,harm
0.75,0.5,6.3,0.1125,0.0,0.1,0.02434554973821991,-0.002434554973821991,0.5,0.49777850632034726,-0.002221493679652742,-0.22214936796527418,0.07875,0.13095238095238093,harm
0.75,0.5,6.4,0.1125,0.0,0.1,0.02722513089005238,-0.0027225130890052383,0.5,0.4974817307046281,-0.002518269295371911,-0.2518269295371911,0.07875,0.1328125,harm
0.75,0.5,6.5,0.1125,0.0,0.1,0.030104712041884824,-0.0030104712041884828,0.5,0.4971777615771752,-0.0028222384228248076,-0.28222384228248076,0.07875,0.1346153846153846,harm
0.75,0.5,6.6,0.1125,0.0,0.1,0.03298429319371727,-0.0032984293193717273,0.5,0.4968665999840439,-0.003133400015956078,-0.3133400015956078,0.07875,0.13636363636363635,harm
0.75,0.5,6.7,0.1125,0.0,0.1,0.03586387434554976,-0.003586387434554976,0.5,0.49654824708535095,-0.0034517529146490533,-0.34517529146490533,0.07875,0.13805970149253732,harm
0.75,0.5,6.8,0.1125,0.0,0.1,0.03874345549738221,-0.003874345549738221,0.5,0.49622270416209424,-0.0037772958379057586,-0.37772958379057586,0.07875,0.13970588235294118,harm
0.75,0.5,6.9,0.1125,0.0,0.1,0.04162303664921468,-0.004162303664921468,0.5,0.4958899726231482,-0.004110027376851788,-0.4110027376851788,0.07875,0.14130434782608697,harm
0.75,0.5,7.0,0.1125,0.0,0.1,0.04450261780104715,-0.004450261780104715,0.5,0.4955500540124317,-0.004449945987568316,-0.44499459875683156,0.07875,0.14285714285714285,harm
0.75,0.5,7.1,0.1125,0.0,0.1,0.04738219895287959,-0.004738219895287959,0.5,0.4952029500162496,-0.004797049983750412,-0.4797049983750412,0.07875,0.14436619718309857,harm
0.75,0.5,7.2,0.1125,0.0,0.1,0.05026178010471206,-0.0050261780104712064,0.5,0.4948486624708062,-0.005151337529193778,-0.5151337529193778,0.07875,0.14583333333333334,harm
0.75,0.5,7.3,0.1125,0.0,0.1,0.05314136125654453,-0.005314136125654453,0.5,0.49448719336989033,-0.005512806630109668,-0.5512806630109668,0.07875,0.14726027397260272,harm
0.75,0.5,7.4,0.1125,0.0,0.1,0.056020942408376975,-0.005602094240837698,0.5,0.494118544872731,-0.0058814551272690085,-0.5881455127269009,0.07875,0.14864864864864866,harm
0.75,0.5,7.5,0.1125,0.0,0.1,0.05890052356020942,-0.005890052356020942,0.5,0.49374271931202224,-0.006257280687977762,-0.6257280687977762,0.07875,0.15,harm
0.75,0.5,7.6,0.1125,0.0,0.1,0.061780104712041865,-0.006178010471204187,0.5,0.4933597192021172,-0.006640280797882814,-0.6640280797882814,0.07875,0.1513157894736842,harm
0.75,0.5,7.7,0.1125,0.0,0.1,0.06465968586387436,-0.006465968586387436,0.5,0.4929695472473894,-0.007030452752610605,-0.7030452752610605,0.07875,0.1525974025974026,harm
0.75,0.5,7.8,0.1125,0.0,0.1,0.0675392670157068,-0.00675392670157068,0.5,0.4925722063507604,-0.007427793649239622,-0.7427793649239622,0.07875,0.15384615384615385,harm
0.75,0.5,7.9,0.1125,0.0,0.1,0.0704188481675393,-0.00704188481675393,0.5,0.4921676996223925,-0.007832300377607515,-0.7832300377607515,0.07875,0.1550632911392405,harm
0.75,0.5,8.0,0.1125,0.0,0.1,0.07329842931937174,-0.007329842931937174,0.5,0.49175603038854526,-0.008243969611454738,-0.8243969611454738,0.07875,0.15625,harm
0.75,0.5,8.1,0.1125,0.0,0.1,0.07617801047120419,-0.007617801047120419,0.5,0.4913372022005949,-0.008662797799405098,-0.8662797799405098,0.07875,0.15740740740740738,harm
0.75,0.5,8.2,0.1125,0.0,0.1,0.07905759162303663,-0.007905759162303664,0.5,0.49091121884421374,-0.009088781155786263,-0.9088781155786263,0.07875,0.15853658536585363,harm
0.75,0.5,8.3,0.1125,0.0,0.1,0.08193717277486913,-0.008193717277486913,0.5,0.4904780843487093,-0.00952191565129068,-0.952191565129068,0.07875,0.15963855421686748,harm
0.75,0.5,8.4,0.1125,0.0,0.1,0.08481675392670161,-0.008481675392670161,0.5,0.4900378029965218,-0.009962197003478224,-0.9962197003478224,0.07875,0.1607142857142857,harm
0.75,0.5,8.5,0.1125,0.0,0.1,0.08769633507853407,-0.008769633507853408,0.5,0.48959037933287547,-0.01040962066712453,-1.040962066712453,0.07875,0.16176470588235292,harm
0.75,0.5,8.6,0.1125,0.0,0.1,0.09057591623036651,-0.009057591623036652,0.5,0.48913581817558616,-0.010864181824413843,-1.0864181824413843,0.07875,0.16279069767441862,harm
0.75,0.5,8.7,0.1125,0.0,0.1,0.09345549738219895,-0.009345549738219895,0.5,0.488674124625019,-0.011325875374980976,-1.1325875374980976,0.07875,0.16379310344827586,harm
0.75,0.5,8.8,0.1125,0.0,0.1,0.09633507853403145,-0.009633507853403146,0.5,0.48820530407419677,-0.011794695925803234,-1.1794695925803234,0.07875,0.1647727272727273,harm
0.75,0.5,8.9,0.1125,0.0,0.1,0.09921465968586389,-0.009921465968586389,0.5,0.4877293622190551,-0.012270637780944893,-1.2270637780944893,0.07875,0.1657303370786517,harm
0.75,0.5,9.0,0.1125,0.0,0.1,0.10209424083769633,-0.010209424083769634,0.5,0.48724630506884387,-0.012753694931156134,-1.2753694931156134,0.07875,0.16666666666666669,harm
0.75,0.5,9.1,0.1125,0.0,0.1,0.10497382198952879,-0.01049738219895288,0.5,0.48675613895667014,-0.013243861043329863,-1.3243861043329863,0.07875,0.1675824175824176,harm
0.75,0.5,9.2,0.1125,0.0,0.1,0.10785340314136123,-0.010785340314136124,0.5,0.486258870550182,-0.01374112944981798,-1.374112944981798,0.07875,0.16847826086956522,harm
0.75,0.5,9.3,0.1125,0.0,0.1,0.11073298429319377,-0.011073298429319377,0.5,0.48575450686238947,-0.014245493137610532,-1.4245493137610532,0.07875,0.16935483870967744,harm
0.75,0.5,9.4,0.1125,0.0,0.1,0.11361256544502621,-0.011361256544502622,0.5,0.4852430552626197,-0.014756944737380318,-1.4756944737380318,0.07875,0.17021276595744683,harm
0.75,0.5,9.5,0.1125,0.0,0.1,0.11649214659685866,-0.011649214659685866,0.5,0.48472452348760386,-0.015275476512396136,-1.5275476512396136,0.07875,0.17105263157894737,harm
0.75,0.5,9.6,0.1125,0.0,0.1,0.1193717277486911,-0.011937172774869111,0.5,0.4841989196526924,-0.015801080347307594,-1.5801080347307594,0.07875,0.171875,harm
0.75,0.5,9.7,0.1125,0.0,0.1,0.12225130890052355,-0.012225130890052355,0.5,0.48366625226319504,-0.01633374773680496,-1.633374773680496,0.07875,0.17268041237113402,harm
0.75,0.5,9.8,0.1125,0.0,0.1,0.12513089005235603,-0.012513089005235603,0.5,0.4831265302258426,-0.01687346977415738,-1.687346977415738,0.07875,0.17346938775510207,harm
0.75,0.5,9.9,0.1125,0.0,0.1,0.1280104712041885,-0.01280104712041885,0.5,0.48257976286036675,-0.017420237139633254,-1.7420237139633254,0.07875,0.17424242424242425,harm
0.75,0.5,10.0,0.1125,0.0,0.1,0.13089005235602094,-0.013089005235602094,0.5,0.482025959911194,-0.017974040088805987,-1.7974040088805987,0.07875,0.175,harm
0.75,0.5,10.100000000000001,0.1125,0.0,0.1,0.13376963350785348,-0.013376963350785349,0.5,0.4814651315592495,-0.018534868440750474,-1.8534868440750474,0.07875,0.17574257425742576,harm
0.75,0.5,10.2,0.1125,0.0,0.1,0.13664921465968588,-0.013664921465968588,0.5,0.48089728843386825,-0.019102711566131747,-1.9102711566131747,0.07875,0.1764705882352941,harm
0.75,0.5,10.3,0.1125,0.0,0.1,0.13952879581151836,-0.013952879581151836,0.5,0.4803224416248069,-0.019677558375193083,-1.9677558375193083,0.07875,0.17718446601941748,harm
0.75,0.5,10.4,0.1125,0.0,0.1,0.14240837696335082,-0.014240837696335083,0.5,0.47974060269435426,-0.020259397305645743,-2.0259397305645743,0.07875,0.1778846153846154,harm
0.75,0.5,10.5,0.1125,0.0,0.1,0.14528795811518325,-0.014528795811518325,0.5,0.4791517836895341,-0.020848216310465906,-2.084821631046591,0.07875,0.17857142857142858,harm
0.75,0.5,10.600000000000001,0.1125,0.0,0.1,0.14816753926701576,-0.014816753926701577,0.5,0.47855599715439656,-0.021444002845603438,-2.144400284560344,0.07875,0.17924528301886794,harm
0.75,0.5,10.7,0.1125,0.0,0.1,0.15104712041884816,-0.015104712041884816,0.5,0.4779532561423929,-0.022046743857607076,-2.2046743857607076,0.07875,0.17990654205607476,harm
0.75,0.5,10.8,0.1125,0.0,0.1,0.1539267015706807,-0.015392670157068071,0.5,0.4773435742288279,-0.022656425771172106,-2.2656425771172106,0.07875,0.18055555555555558,harm
0.75,0.5,10.9,0.1125,0.0,0.1,0.15680628272251312,-0.015680628272251314,0.5,0.47672696552338606,-0.02327303447661394,-2.327303447661394,0.07875,0.1811926605504587,harm
0.75,0.5,11.0,0.1125,0.0,0.1,0.15968586387434558,-0.01596858638743456,0.5,0.47610344468272425,-0.023896555317275747,-2.3896555317275747,0.07875,0.18181818181818182,harm
0.75,0.5,11.100000000000001,0.1125,0.0,0.1,0.16256544502617806,-0.016256544502617806,0.5,0.4754730269231269,-0.024526973076873126,-2.4526973076873126,0.07875,0.18243243243243246,harm
0.75,0.5,11.2,0.1125,0.0,0.1,0.16544502617801046,-0.016544502617801046,0.5,0.47483572803321605,-0.025164271966783947,-2.5164271966783947,0.07875,0.1830357142857143,harm
0.75,0.5,11.3,0.1125,0.0,0.1,0.16832460732984295,-0.016832460732984295,0.5,0.4741915643867125,-0.025808435613287495,-2.5808435613287495,0.07875,0.1836283185840708,harm
0.75,0.5,11.4,0.1125,0.0,0.1,0.1712041884816754,-0.01712041884816754,0.5,0.47354055295523945,-0.026459447044760553,-2.6459447044760553,0.07875,0.1842105263157895,harm
0.75,0.5,11.5,0.1125,0.0,0.1,0.17408376963350786,-0.017408376963350788,0.5,0.4728827113211628,-0.027117288678837226,-2.7117288678837226,0.07875,0.18478260869565216,harm
0.75,0.5,11.600000000000001,0.1125,0.0,0.1,0.1769633507853404,-0.01769633507853404,0.5,0.47221805769046377,-0.027781942309536234,-2.7781942309536234,0.07875,0.1853448275862069,harm
0.75,0.5,11.7,0.1125,0.0,0.1,0.1798429319371728,-0.01798429319371728,0.5,0.4715466109056329,-0.02845338909436712,-2.845338909436712,0.07875,0.1858974358974359,harm
0.75,0.5,11.8,0.1125,0.0,0.1,0.18272251308900528,-0.01827225130890053,0.5,0.4708683904585813,-0.02913160954141869,-2.913160954141869,0.07875,0.1864406779661017,harm
0.75,0.5,11.9,0.1125,0.0,0.1,0.18560209424083773,-0.018560209424083773,0.5,0.47018341650356177,-0.02981658349643823,-2.981658349643823,0.07875,0.1869747899159664,harm
0.75,0.5,12.0,0.1125,0.0,0.1,0.18848167539267016,-0.01884816753926702,0.5,0.4694917098700906,-0.03050829012990941,-3.050829012990941,0.07875,0.1875,harm
0.75,0.5,12.100000000000001,0.1125,0.0,0.1,0.19136125654450267,-0.01913612565445027,0.5,0.46879329207586373,-0.031206707924136268,-3.1206707924136268,0.07875,0.18801652892561985,harm
0.75,0.5,12.2,0.1125,0.0,0.1,0.19424083769633507,-0.019424083769633508,0.5,0.4680881853396593,-0.03191181466034071,-3.191181466034071,0.07875,0.1885245901639344,harm
0.75,0.5,12.3,0.1125,0.0,0.1,0.19712041884816756,-0.019712041884816758,0.5,0.46737641259421775,-0.03262358740578225,-3.2623587405782253,0.07875,0.18902439024390244,harm
0.75,0.5,12.4,0.1125,0.0,0.1,0.20000000000000004,-0.020000000000000004,0.5,0.4666579974990922,-0.0333420025009078,-3.3342002500907797,0.07875,0.18951612903225806,harm
0.75,0.5,12.5,0.1125,0.0,0.1,0.2028795811518325,-0.02028795811518325,0.5,0.46593296445345944,-0.03406703554654056,-3.406703554654056,0.07875,0.19,harm
0.75,0.5,12.600000000000001,0.1125,0.0,0.1,0.20575916230366498,-0.0205759162303665,0.5,0.46520133860888346,-0.03479866139111654,-3.4798661391116537,0.07875,0.19047619047619047,harm
0.75,0.5,12.7,0.1125,0.0,0.1,0.20863874345549738,-0.02086387434554974,0.5,0.4644631458820233,-0.03553685411797669,-3.553685411797669,0.07875,0.19094488188976377,harm
0.75,0.5,12.8,0.1125,0.0,0.1,0.2115183246073299,-0.02115183246073299,0.5,0.46371841296727395,-0.03628158703272605,-3.6281587032726046,0.07875,0.19140625,harm
0.75,0.5,12.9,0.1125,0.0,0.1,0.21439790575916232,-0.02143979057591623,0.5,0.46296716734933385,-0.03703283265066615,-3.7032832650666148,0.07875,0.19186046511627908,harm
0.75,0.5,13.0,0.1125,0.0,0.1,0.21727748691099477,-0.021727748691099478,0.5,0.4622094373156864,-0.03779056268431358,-3.779056268431358,0.07875,0.1923076923076923,harm
0.75,0.5,13.100000000000001,0.1125,0.0,0.1,0.22015706806282725,-0.022015706806282728,0.5,0.4614452519689889,-0.03855474803101111,-3.855474803101111,0.07875,0.19274809160305345,harm
0.75,0.5,13.2,0.1125,0.0,0.1,0.22303664921465965,-0.022303664921465967,0.5,0.46067464123935536,-0.039325358760644635,-3.9325358760644633,0.07875,0.19318181818181818,harm
0.75,0.5,13.3,0.1125,0.0,0.1,0.2259162303664922,-0.02259162303664922,0.5,0.45989763589652716,-0.04010236410347284,-4.010236410347284,0.07875,0.19360902255639098,harm
0.75,0.5,13.4,0.1125,0.0,0.1,0.22879581151832465,-0.022879581151832466,0.5,0.4591142675619175,-0.04088573243808252,-4.088573243808252,0.07875,0.19402985074626866,harm
0.75,0.5,13.5,0.1125,0.0,0.1,0.23167539267015708,-0.02316753926701571,0.5,0.45832456872052163,-0.04167543127947837,-4.167543127947837,0.07875,0.19444444444444445,harm
0.75,0.5,13.600000000000001,0.1125,0.0,0.1,0.2345549738219896,-0.02345549738219896,0.5,0.4575285727326809,-0.04247142726731912,-4.247142726731912,0.07875,0.1948529411764706,harm
0.75,0.5,13.7,0.1125,0.0,0.1,0.237434554973822,-0.0237434554973822,0.5,0.4567263138456903,-0.04327368615430971,-4.327368615430971,0.07875,0.19525547445255476,harm
0.75,0.5,13.8,0.1125,0.0,0.1,0.24031413612565447,-0.024031413612565448,0.5,0.4559178272052382,-0.04408217279476179,-4.408217279476179,0.07875,0.1956521739130435,harm
0.75,0.5,13.9,0.1125,0.0,0.1,0.24319371727748693,-0.024319371727748694,0.5,0.4551031488666674,-0.04489685113333258,-4.489685113333258,0.07875,0.1960431654676259,harm
0.75,0.5,14.0,0.1125,0.0,0.1,0.2460732984293194,-0.024607329842931944,0.5,0.4542823158060456,-0.04571768419395439,-4.571768419395439,0.07875,0.19642857142857142,harm
0.75,0.5,6.0,0.115,0.0,0.1,0.01257861635220127,-0.0012578616352201272,0.5,0.4988993755678577,-0.0011006244321423164,-0.11006244321423164,0.0805,0.125,harm
0.75,0.5,6.1,0.115,0.0,0.1,0.015408805031446544,-0.0015408805031446545,0.5,0.49863247724167253,-0.0013675227583274663,-0.13675227583274663,0.0805,0.12704918032786883,harm
0.75,0.5,6.2,0.115,0.0,0.1,0.01823899371069184,-0.0018238993710691842,0.5,0.49835850569187307,-0.001641494308126934,-0.1641494308126934,0.0805,0.12903225806451613,harm
0.75,0.5,6.3,0.115,0.0,0.1,0.021069182389937116,-0.0021069182389937117,0.5,0.49807746156482186,-0.001922538435178145,-0.1922538435178145,0.0805,0.13095238095238093,harm
0.75,0.5,6.4,0.115,0.0,0.1,0.023899371069182412,-0.0023899371069182416,0.5,0.497789345593322,-0.002210654406678003,-0.22106544066780032,0.0805,0.1328125,harm
0.75,0.5,6.5,0.115,0.0,0.1,0.026729559748427688,-0.002672955974842769,0.5,0.4974941586025095,-0.0025058413974904936,-0.25058413974904936,0.0805,0.1346153846153846,harm
0.75,0.5,6.6,0.115,0.0,0.1,0.029559748427672963,-0.0029559748427672966,0.5,0.4971919015159131,-0.0028080984840869183,-0.28080984840869183,0.0805,0.13636363636363635,harm
0.75,0.5,6.7,0.115,0.0,0.1,0.03238993710691826,-0.003238993710691826,0.5,0.4968825753616807,-0.0031174246383193216,-0.31174246383193216,0.0805,0.13805970149253732,harm
0.75,0.5,6.8,0.115,0.0,0.1,0.035220125786163535,-0.0035220125786163538,0.5,0.49656618127897245,-0.0034338187210275484,-0.34338187210275484,0.0805,0.13970588235294118,harm
0.75,0.5,6.9,0.115,0.0,0.1,0.03805031446540883,-0.003805031446540883,0.5,0.49624272052452034,-0.003757279475479658,-0.3757279475479658,0.0805,0.14130434782608697,harm
0.75,0.5,7.0,0.115,0.0,0.1,0.04088050314465411,-0.0040880503144654105,0.5,0.4959121944793521,-0.004087805520647914,-0.40878055206479136,0.0805,0.14285714285714285,harm
0.75,0.5,7.1,0.115,0.0,0.1,0.04371069182389938,-0.004371069182389938,0.5,0.49557460465568076,-0.004425395344319238,-0.44253953443192384,0.0805,0.14436619718309857,harm
0.75,0.5,7.2,0.115,0.0,0.1,0.04654088050314468,-0.004654088050314468,0.5,0.4952299527039584,-0.00477004729604158,-0.47700472960415796,0.0805,0.14583333333333334,harm
0.75,0.5,7.3,0.115,0.0,0.1,0.049371069182389954,-0.004937106918238995,0.5,0.49487824042009304,-0.005121759579906959,-0.5121759579906959,0.0805,0.14726027397260272,harm
0.75,0.5,7.4,0.115,0.0,0.1,0.05220125786163525,-0.005220125786163526,0.5,0.4945194697528282,-0.005480530247171822,-0.5480530247171822,0.0805,0.14864864864864866,harm
0.75,0.5,7.5,0.115,0.0,0.1,0.055031446540880546,-0.005503144654088055,0.5,0.4941536428112845,-0.005846357188715512,-0.5846357188715512,0.0805,0.15,harm
0.75,0.5,7.6,0.115,0.0,0.1,0.057861635220125794,-0.005786163522012579,0.5,0.4937807618726626,-0.006219238127337379,-0.6219238127337379,0.0805,0.1513157894736842,harm
0.75,0.5,7.7,0.115,0.0,0.1,0.06069182389937109,-0.00606918238993711,0.5,0.49340082939010543,-0.006599170609894567,-0.6599170609894567,0.0805,0.1525974025974026,harm
0.75,0.5,7.8,0.115,0.0,0.1,0.06352201257861634,-0.006352201257861634,0.5,0.49301384800072023,-0.006986151999279766,-0.6986151999279766,0.0805,0.15384615384615385,harm
0.75,0.5,7.9,0.115,0.0,0.1,0.06635220125786169,-0.0066352201257861695,0.5,0.49261982053375747,-0.007380179466242531,-0.7380179466242531,0.0805,0.1550632911392405,harm
0.75,0.5,8.0,0.115,0.0,0.1,0.06918238993710694,-0.006918238993710695,0.5,0.49221875001894805,-0.007781249981051952,-0.7781249981051952,0.0805,0.15625,harm
0.75,0.5,8.1,0.115,0.0,0.1,0.07201257861635219,-0.007201257861635219,0.5,0.4918106396949944,-0.00818936030500561,-0.8189360305005611,0.0805,0.15740740740740738,harm
0.75,0.5,8.2,0.115,0.0,0.1,0.07484276729559748,-0.007484276729559748,0.5,0.4913954930182166,-0.008604506981783389,-0.8604506981783389,0.0805,0.15853658536585363,harm
0.75,0.5,8.3,0.115,0.0,0.1,0.07767295597484283,-0.007767295597484284,0.5,0.49097331367135166,-0.009026686328648337,-0.9026686328648337,0.0805,0.15963855421686748,harm
0.75,0.5,8.4,0.115,0.0,0.1,0.08050314465408809,-0.00805031446540881,0.5,0.49054410557250283,-0.009455894427497169,-0.9455894427497169,0.0805,0.1607142857142857,harm
0.75,0.5,8.5,0.115,0.0,0.1,0.08333333333333333,-0.008333333333333333,0.5,0.4901078728842395,-0.009892127115760485,-0.9892127115760485,0.0805,0.16176470588235292,harm
0.75,0.5,8.6,0.115,0.0,0.1,0.08616352201257862,-0.008616352201257864,0.5,0.48966462002284494,-0.010335379977155057,-1.0335379977155057,0.0805,0.16279069767441862,harm
0.75,0.5,8.7,0.115,0.0,0.1,0.08899371069182388,-0.008899371069182389,0.5,0.48921435166771,-0.01078564833229001,-1.078564833229001,0.0805,0.16379310344827586,harm
0.75,0.5,8.8,0.115,0.0,0.1,0.09182389937106923,-0.009182389937106924,0.5,0.4887570727708708,-0.011242927229129174,-1.1242927229129174,0.0805,0.1647727272727273,harm
0.75,0.5,8.9,0.115,0.0,0.1,0.09465408805031453,-0.009465408805031453,0.5,0.4882927885666901,-0.011707211433309883,-1.1707211433309883,0.0805,0.1657303370786517,harm
0.75,0.5,9.0,0.115,0.0,0.1,0.09748427672955977,-0.009748427672955978,0.5,0.4878215045816766,-0.012178495418323387,-1.2178495418323387,0.0805,0.16666666666666669,harm
0.75,0.5,9.1,0.115,0.0,0.1,0.10031446540880502,-0.010031446540880503,0.5,0.4873432266444443,-0.012656773355555706,-1.2656773355555706,0.0805,0.1675824175824176,harm
0.75,0.5,9.2,0.115,0.0,0.1,0.10314465408805032,-0.010314465408805033,0.5,0.4868579608958064,-0.013142039104193592,-1.3142039104193592,0.0805,0.16847826086956522,harm
0.75,0.5,9.3,0.115,0.0,0.1,0.10597484276729567,-0.010597484276729567,0.5,0.48636571379900284,-0.013634286200997159,-1.3634286200997159,0.0805,0.16935483870967744,harm
0.75,0.5,9.4,0.115,0.0,0.1,0.10880503144654091,-0.010880503144654092,0.5,0.48586649215005795,-0.01413350784994205,-1.413350784994205,0.0805,0.17021276595744683,harm
0.75,0.5,9.5,0.115,0.0,0.1,0.11163522012578621,-0.01116352201257862,0.5,0.48536030308826694,-0.014639696911733058,-1.4639696911733058,0.0805,0.17105263157894737,harm
0.75,0.5,9.6,0.115,0.0,0.1,0.11446540880503146,-0.011446540880503148,0.5,0.48484715410680645,-0.015152845893193545,-1.5152845893193545,0.0805,0.171875,harm
0.75,0.5,9.7,0.115,0.0,0.1,0.11729559748427672,-0.011729559748427673,0.5,0.48432705306346824,-0.015672946936531762,-1.5672946936531762,0.0805,0.17268041237113402,harm
0.75,0.5,9.8,0.115,0.0,0.1,0.12012578616352206,-0.012012578616352207,0.5,0.4838000081915112,-0.0161999918084888,-1.61999918084888,0.0805,0.17346938775510207,harm
0.75,0.5,9.9,0.115,0.0,0.1,0.12295597484276735,-0.012295597484276735,0.5,0.4832660281106296,-0.016733971889370425,-1.6733971889370425,0.0805,0.17424242424242425,harm
0.75,0.5,10.0,0.115,0.0,0.1,0.1257861635220126,-0.012578616352201262,0.5,0.482725121838034,-0.01727487816196599,-1.727487816196599,0.0805,0.175,harm
0.75,0.5,10.100000000000001,0.115,0.0,0.1,0.12861635220125794,-0.012861635220125796,0.5,0.48217729879964044,-0.01782270120035956,-1.7822701200359559,0.0805,0.17574257425742576,harm
0.75,0.5,10.2,0.115,0.0,0.1,0.13144654088050314,-0.013144654088050316,0.5,0.4816225688413659,-0.018377431158634105,-1.8377431158634105,0.0805,0.1764705882352941,harm
0.75,0.5,10.3,0.115,0.0,0.1,0.1342767295597485,-0.013427672955974851,0.5,0.4810609422405242,-0.018939057759475797,-1.8939057759475797,0.0805,0.17718446601941748,harm
0.75,0.5,10.4,0.115,0.0,0.1,0.13710691823899376,-0.013710691823899376,0.5,0.4804924297173204,-0.019507570282679576,-1.9507570282679576,0.0805,0.1778846153846154,harm
0.75,0.5,10.5,0.115,0.0,0.1,0.139937106918239,-0.0139937106918239,0.5,0.479917042446438,-0.020082957553561986,-2.0082957553561984,0.0805,0.17857142857142858,harm
0.75,0.5,10.600000000000001,0.115,0.0,0.1,0.14276729559748436,-0.014276729559748437,0.5,0.4793347920687153,-0.02066520793128468,-2.066520793128468,0.0805,0.17924528301886794,harm
0.75,0.5,10.7,0.115,0.0,0.1,0.14559748427672956,-0.014559748427672957,0.5,0.47874569070290685,-0.021254309297093155,-2.1254309297093155,0.0805,0.17990654205607476,harm
0.75,0.5,10.8,0.115,0.0,0.1,0.1484276729559749,-0.01484276729559749,0.5,0.47814975095752443,-0.021850249042475567,-2.1850249042475567,0.0805,0.18055555555555558,harm
0.75,0.5,10.9,0.115,0.0,0.1,0.1512578616352202,-0.015125786163522021,0.5,0.4775469859427537,-0.022453014057246312,-2.245301405724631,0.0805,0.1811926605504587,harm
0.75,0.5,11.0,0.115,0.0,0.1,0.15408805031446543,-0.015408805031446544,0.5,0.4769374092824406,-0.023062590717559395,-2.3062590717559397,0.0805,0.18181818181818182,harm
0.75,0.5,11.100000000000001,0.115,0.0,0.1,0.1569182389937108,-0.01569182389937108,0.5,0.4763210351261439,-0.023678964873856123,-2.3678964873856123,0.0805,0.18243243243243246,harm
0.75,0.5,11.2,0.115,0.0,0.1,0.159748427672956,-0.0159748427672956,0.5,0.4756978781612466,-0.02430212183875341,-2.4302121838753408,0.0805,0.1830357142857143,harm
0.75,0.5,11.3,0.115,0.0,0.1,0.16257861635220133,-0.016257861635220135,0.5,0.4750679536251221,-0.024932046374877892,-2.493204637487789,0.0805,0.1836283185840708,harm
0.75,0.5,11.4,0.115,0.0,0.1,0.1654088050314466,-0.01654088050314466,0.5,0.4744312773173497,-0.025568722682650313,-2.5568722682650313,0.0805,0.1842105263157895,harm
0.75,0.5,11.5,0.115,0.0,0.1,0.16823899371069187,-0.01682389937106919,0.5,0.4737878656119715,-0.026212134388028496,-2.6212134388028496,0.0805,0.18478260869565216,harm
0.75,0.5,11.600000000000001,0.115,0.0,0.1,0.17106918238993718,-0.01710691823899372,0.5,0.4731377354697878,-0.026862264530212177,-2.6862264530212174,0.0805,0.1853448275862069,harm
0.75,0.5,11.7,0.115,0.0,0.1,0.17389937106918238,-0.01738993710691824,0.5,0.47248090445068214,-0.027519095549317862,-2.7519095549317862,0.0805,0.1858974358974359,harm
0.75,0.5,11.8,0.115,0.0,0.1,0.17672955974842772,-0.017672955974842773,0.5,0.47181739072597023,-0.02818260927402977,-2.818260927402977,0.0805,0.1864406779661017,harm
0.75,0.5,11.9,0.115,0.0,0.1,0.17955974842767303,-0.017955974842767303,0.5,0.4711472130907677,-0.02885278690923232,-2.885278690923232,0.0805,0.1869747899159664,harm
0.75,0.5,12.0,0.115,0.0,0.1,0.18238993710691828,-0.01823899371069183,0.5,0.47047039097636745,-0.029529609023632553,-2.9529609023632553,0.0805,0.1875,harm
0.75,0.5,12.100000000000001,0.115,0.0,0.1,0.18522012578616362,-0.018522012578616364,0.5,0.46978694446262137,-0.03021305553737863,-3.021305553737863,0.0805,0.18801652892561985,harm
0.75,0.5,12.2,0.115,0.0,0.1,0.18805031446540882,-0.018805031446540884,0.5,0.46909689429031853,-0.030903105709681467,-3.0903105709681467,0.0805,0.1885245901639344,harm
0.75,0.5,12.3,0.115,0.0,0.1,0.19088050314465416,-0.019088050314465418,0.5,0.4684002618735531,-0.0315997381264469,-3.1599738126446897,0.0805,0.18902439024390244,harm
0.75,0.5,12.4,0.115,0.0,0.1,0.1937106918238994,-0.01937106918238994,0.5,0.46769706931207283,-0.03230293068792717,-3.230293068792717,0.0805,0.18951612903225806,harm
0.75,0.5,12.5,0.115,0.0,0.1,0.19654088050314467,-0.019654088050314468,0.5,0.4669873394036031,-0.0330126605963969,-3.3012660596396906,0.0805,0.19,harm
0.75,0.5,12.600000000000001,0.115,0.0,0.1,0.19937106918239,-0.019937106918239002,0.5,0.4662710956561354,-0.03372890434386461,-3.372890434386461,0.0805,0.19047619047619047,harm
0.75,0.5,12.7,0.115,0.0,0.1,0.20220125786163523,-0.020220125786163525,0.5,0.4655483623001748,-0.03445163769982518,-3.4451637699825177,0.0805,0.19094488188976377,harm
0.75,0.5,12.8,0.115,0.0,0.1,0.20503144654088057,-0.02050314465408806,0.5,0.46481916430093617,-0.03518083569906383,-3.518083569906383,0.0805,0.19140625,harm
0.75,0.5,12.9,0.115,0.0,0.1,0.20786163522012585,-0.020786163522012586,0.5,0.46408352737048186,-0.03591647262951814,-3.5916472629518137,0.0805,0.19186046511627908,harm
0.75,0.5,13.0,0.115,0.0,0.1,0.2106918238993711,-0.021069182389937113,0.5,0.4633414779797916,-0.03665852202020842,-3.665852202020842,0.0805,0.1923076923076923,harm
0.75,0.5,13.100000000000001,0.115,0.0,0.1,0.21352201257861644,-0.021352201257861646,0.5,0.4625930433707552,-0.037406956629244814,-3.740695662924481,0.0805,0.19274809160305345,harm
0.75,0.5,13.2,0.115,0.0,0.1,0.21635220125786167,-0.02163522012578617,0.5,0.46183825156808056,-0.03816174843191944,-3.816174843191944,0.0805,0.19318181818181818,harm
0.75,0.5,13.3,0.115,0.0,0.1,0.219182389937107,-0.021918238993710704,0.5,0.4610771313911056,-0.03892286860889438,-3.892286860889438,0.0805,0.19360902255639098,harm
0.75,0.5,13.4,0.115,0.0,0.1,0.22201257861635226,-0.022201257861635227,0.5,0.46030971246550617,-0.03969028753449383,-3.9690287534493827,0.0805,0.19402985074626866,harm
0.75,0.5,13.5,0.115,0.0,0.1,0.22484276729559755,-0.022484276729559757,0.5,0.45953602523489,-0.04046397476510999,-4.0463974765109985,0.0805,0.19444444444444445,harm
0.75,0.5,13.600000000000001,0.115,0.0,0.1,0.22767295597484286,-0.022767295597484288,0.5,0.4587561009722664,-0.04124389902773362,-4.124389902773363,0.0805,0.1948529411764706,harm
0.75,0.5,13.7,0.115,0.0,0.1,0.23050314465408805,-0.023050314465408808,0.5,0.4579699717913823,-0.042030028208617676,-4.203002820861768,0.0805,0.19525547445255476,harm
0.75,0.5,13.8,0.115,0.0,0.1,0.2333333333333334,-0.02333333333333334,0.5,0.45717767065791354,-0.04282232934208646,-4.282232934208646,0.0805,0.1956521739130435,harm
0.75,0.5,13.9,0.115,0.0,0.1,0.2361635220125787,-0.02361635220125787,0.5,0.45637923140050285,-0.04362076859949715,-4.362076859949715,0.0805,0.1960431654676259,harm
0.75,0.5,14.0,0.115,0.0,0.1,0.23899371069182396,-0.0238993710691824,0.5,0.45557468872163187,-0.04442531127836813,-4.442531127836813,0.0805,0.19642857142857142,harm
0.75,0.5,6.0,0.11750000000000001,0.0,0.1,0.009443861490031489,-0.000944386149003149,0.5,0.4991736640234863,-0.0008263359765137146,-0.08263359765137146,0.08225,0.125,harm
0.75,0.5,6.1,0.11750000000000001,0.0,0.1,0.012224554039874087,-0.0012224554039874087,0.5,0.49891507516730627,-0.0010849248326937344,-0.10849248326937344,0.08225,0.12704918032786883,harm
0.75,0.5,6.2,0.11750000000000001,0.0,0.1,0.01500524658971671,-0.0015005246589716711,0.5,0.49864953622955976,-0.0013504637704402356,-0.13504637704402356,0.08225,0.12903225806451613,harm
0.75,0.5,6.3,0.11750000000000001,0.0,0.1,0.017785939139559285,-0.0017785939139559285,0.5,0.4983770477667707,-0.00162295223322928,-0.162295223322928,0.08225,0.13095238095238093,harm
0.75,0.5,6.4,0.11750000000000001,0.0,0.1,0.02056663168940191,-0.002056663168940191,0.5,0.4980976104141107,-0.0019023895858892859,-0.1902389585889286,0.08225,0.1328125,harm
0.75,0.5,6.5,0.11750000000000001,0.0,0.1,0.02334732423924451,-0.002334732423924451,0.5,0.4978112248909057,-0.002188775109094321,-0.21887751090943208,0.08225,0.1346153846153846,harm
0.75,0.5,6.6,0.11750000000000001,0.0,0.1,0.026128016789087084,-0.0026128016789087084,0.5,0.4975178920063008,-0.0024821079936991897,-0.24821079936991897,0.08225,0.13636363636363635,harm
0.75,0.5,6.7,0.11750000000000001,0.0,0.1,0.028908709338929705,-0.0028908709338929706,0.5,0.4972176126650843,-0.0027823873349157036,-0.27823873349157036,0.08225,0.13805970149253732,harm
0.75,0.5,6.8,0.11750000000000001,0.0,0.1,0.031689401888772305,-0.0031689401888772306,0.5,0.4969103878736696,-0.00308961212633041,-0.308961212633041,0.08225,0.13970588235294118,harm
0.75,0.5,6.9,0.11750000000000001,0.0,0.1,0.03447009443861493,-0.003447009443861493,0.5,0.4965962187462353,-0.003403781253764726,-0.3403781253764726,0.08225,0.14130434782608697,harm
0.75,0.5,7.0,0.11750000000000001,0.0,0.1,0.037250786988457504,-0.0037250786988457505,0.5,0.49627510651102247,-0.003724893488977532,-0.3724893488977532,0.08225,0.14285714285714285,harm
0.75,0.5,7.1,0.11750000000000001,0.0,0.1,0.0400314795383001,-0.00400314795383001,0.5,0.49594705251678894,-0.004052947483211056,-0.40529474832110557,0.08225,0.14436619718309857,harm
0.75,0.5,7.2,0.11750000000000001,0.0,0.1,0.042812172088142725,-0.004281217208814273,0.5,0.49561205823942,-0.004387941760579994,-0.4387941760579994,0.08225,0.14583333333333334,harm
0.75,0.5,7.3,0.11750000000000001,0.0,0.1,0.04559286463798532,-0.004559286463798533,0.5,0.4952701252886943,-0.004729874711305704,-0.4729874711305704,0.08225,0.14726027397260272,harm
0.75,0.5,7.4,0.11750000000000001,0.0,0.1,0.048373557187827945,-0.004837355718782795,0.5,0.49492125541520526,-0.0050787445847947366,-0.5078744584794737,0.08225,0.14864864864864866,harm
0.75,0.5,7.5,0.11750000000000001,0.0,0.1,0.05115424973767052,-0.005115424973767053,0.5,0.4945654505174367,-0.005434549482563278,-0.5434549482563278,0.08225,0.15,harm
0.75,0.5,7.6,0.11750000000000001,0.0,0.1,0.053934942287513096,-0.00539349422875131,0.5,0.49420271264899196,-0.00579728735100804,-0.579728735100804,0.08225,0.1513157894736842,harm
0.75,0.5,7.7,0.11750000000000001,0.0,0.1,0.05671563483735574,-0.005671563483735574,0.5,0.49383304402597533,-0.006166955974024668,-0.6166955974024668,0.08225,0.1525974025974026,harm
0.75,0.5,7.8,0.11750000000000001,0.0,0.1,0.059496327387198344,-0.005949632738719835,0.5,0.49345644703452596,-0.006543552965474042,-0.6543552965474042,0.08225,0.15384615384615385,harm
0.75,0.5,7.9,0.11750000000000001,0.0,0.1,0.06227701993704094,-0.006227701993704094,0.5,0.493072924238502,-0.0069270757614979805,-0.692707576149798,0.08225,0.1550632911392405,harm
0.75,0.5,8.0,0.11750000000000001,0.0,0.1,0.06505771248688354,-0.006505771248688354,0.5,0.4926824783873147,-0.007317521612685285,-0.7317521612685285,0.08225,0.15625,harm
0.75,0.5,8.1,0.11750000000000001,0.0,0.1,0.06783840503672614,-0.006783840503672614,0.5,0.4922851124239116,-0.007714887576088403,-0.7714887576088403,0.08225,0.15740740740740738,harm
0.75,0.5,8.2,0.11750000000000001,0.0,0.1,0.07061909758656874,-0.007061909758656875,0.5,0.4918808294929063,-0.00811917050709371,-0.8119170507093709,0.08225,0.15853658536585363,harm
0.75,0.5,8.3,0.11750000000000001,0.0,0.1,0.07339979013641139,-0.007339979013641139,0.5,0.4914696329488556,-0.008530367051144405,-0.8530367051144405,0.08225,0.15963855421686748,harm
0.75,0.5,8.4,0.11750000000000001,0.0,0.1,0.07618048268625398,-0.0076180482686253985,0.5,0.49105152636468086,-0.008948473635319143,-0.8948473635319143,0.08225,0.1607142857142857,harm
0.75,0.5,8.5,0.11750000000000001,0.0,0.1,0.07896117523609654,-0.007896117523609655,0.5,0.490626513540233,-0.009373486459766989,-0.9373486459766989,0.08225,0.16176470588235292,harm
0.75,0.5,8.6,0.11750000000000001,0.0,0.1,0.08174186778593914,-0.008174186778593915,0.5,0.49019459851099956,-0.009805401489000443,-0.9805401489000443,0.08225,0.16279069767441862,harm
0.75,0.5,8.7,0.11750000000000001,0.0,0.1,0.08452256033578173,-0.008452256033578173,0.5,0.48975578555695226,-0.010244214443047739,-1.0244214443047739,0.08225,0.16379310344827586,harm
0.75,0.5,8.8,0.11750000000000001,0.0,0.1,0.08730325288562438,-0.008730325288562438,0.5,0.48931007921153347,-0.010689920788466534,-1.0689920788466534,0.08225,0.1647727272727273,harm
0.75,0.5,8.9,0.11750000000000001,0.0,0.1,0.09008394543546698,-0.009008394543546698,0.5,0.48885748427077913,-0.01114251572922087,-1.114251572922087,0.08225,0.1657303370786517,harm
0.75,0.5,9.0,0.11750000000000001,0.0,0.1,0.09286463798530958,-0.009286463798530958,0.5,0.4883980058025774,-0.011601994197422583,-1.1601994197422583,0.08225,0.16666666666666669,harm
0.75,0.5,9.1,0.11750000000000001,0.0,0.1,0.09564533053515217,-0.009564533053515218,0.5,0.48793164915606035,-0.012068350843939646,-1.2068350843939646,0.08225,0.1675824175824176,harm
0.75,0.5,9.2,0.11750000000000001,0.0,0.1,0.09842602308499473,-0.009842602308499475,0.5,0.487458419971126,-0.012541580028874011,-1.254158002887401,0.08225,0.16847826086956522,harm
0.75,0.5,9.3,0.11750000000000001,0.0,0.1,0.10120671563483738,-0.010120671563483738,0.5,0.48697832418809034,-0.013021675811909661,-1.302167581190966,0.08225,0.16935483870967744,harm
0.75,0.5,9.4,0.11750000000000001,0.0,0.1,0.10398740818467997,-0.010398740818467998,0.5,0.4864913680574656,-0.013508631942534377,-1.3508631942534377,0.08225,0.17021276595744683,harm
0.75,0.5,9.5,0.11750000000000001,0.0,0.1,0.10676810073452257,-0.010676810073452258,0.5,0.4859975581498622,-0.014002441850137826,-1.4002441850137826,0.08225,0.17105263157894737,harm
0.75,0.5,9.6,0.11750000000000001,0.0,0.1,0.10954879328436518,-0.010954879328436518,0.5,0.48549690136601287,-0.014503098633987133,-1.4503098633987133,0.08225,0.171875,harm
0.75,0.5,9.7,0.11750000000000001,0.0,0.1,0.11232948583420778,-0.011232948583420778,0.5,0.484989404946916,-0.015010595053083997,-1.5010595053083997,0.08225,0.17268041237113402,harm
0.75,0.5,9.8,0.11750000000000001,0.0,0.1,0.11511017838405042,-0.011511017838405043,0.5,0.48447507648409494,-0.015524923515905065,-1.5524923515905065,0.08225,0.17346938775510207,harm
0.75,0.5,9.9,0.11750000000000001,0.0,0.1,0.11789087093389301,-0.011789087093389302,0.5,0.4839539239299706,-0.01604607607002939,-1.6046076070029391,0.08225,0.17424242424242425,harm
0.75,0.5,10.0,0.11750000000000001,0.0,0.1,0.12067156348373562,-0.012067156348373562,0.5,0.48342595560834495,-0.01657404439165505,-1.6574044391655052,0.08225,0.175,harm
0.75,0.5,10.100000000000001,0.11750000000000001,0.0,0.1,0.12345225603357822,-0.012345225603357823,0.5,0.48289118022499133,-0.017108819775008666,-1.7108819775008666,0.08225,0.17574257425742576,harm
0.75,0.5,10.2,0.11750000000000001,0.0,0.1,0.12623294858342077,-0.012623294858342078,0.5,0.48234960687834894,-0.017650393121651065,-1.7650393121651065,0.08225,0.1764705882352941,harm
0.75,0.5,10.3,0.11750000000000001,0.0,0.1,0.1290136411332634,-0.012901364113326342,0.5,0.48180124507031785,-0.018198754929682148,-1.8198754929682148,0.08225,0.17718446601941748,harm
0.75,0.5,10.4,0.11750000000000001,0.0,0.1,0.131794333683106,-0.013179433368310602,0.5,0.4812461047171507,-0.01875389528284932,-1.875389528284932,0.08225,0.1778846153846154,harm
0.75,0.5,10.5,0.11750000000000001,0.0,0.1,0.13457502623294862,-0.013457502623294863,0.5,0.4806841961604383,-0.019315803839561718,-1.9315803839561718,0.08225,0.17857142857142858,harm
0.75,0.5,10.600000000000001,0.11750000000000001,0.0,0.1,0.13735571878279126,-0.013735571878279127,0.5,0.48011553017818426,-0.019884469821815742,-1.9884469821815742,0.08225,0.17924528301886794,harm
0.75,0.5,10.7,0.11750000000000001,0.0,0.1,0.1401364113326338,-0.01401364113326338,0.5,0.4795401179959651,-0.020459882004034924,-2.0459882004034924,0.08225,0.17990654205607476,harm
0.75,0.5,10.8,0.11750000000000001,0.0,0.1,0.14291710388247647,-0.014291710388247648,0.5,0.47895797129817147,-0.02104202870182853,-2.104202870182853,0.08225,0.18055555555555558,harm
0.75,0.5,10.9,0.11750000000000001,0.0,0.1,0.145697796432319,-0.014569779643231901,0.5,0.47836910223932694,-0.021630897760673062,-2.1630897760673062,0.08225,0.1811926605504587,harm
0.75,0.5,11.0,0.11750000000000001,0.0,0.1,0.14847848898216162,-0.014847848898216163,0.5,0.47777352345547874,-0.022226476544521256,-2.2226476544521256,0.08225,0.18181818181818182,harm
0.75,0.5,11.100000000000001,0.11750000000000001,0.0,0.1,0.15125918153200427,-0.015125918153200427,0.5,0.4771712480756567,-0.022828751924343305,-2.2828751924343305,0.08225,0.18243243243243246,harm
0.75,0.5,11.2,0.11750000000000001,0.0,0.1,0.1540398740818468,-0.015403987408184681,0.5,0.476562289733395,-0.023437710266605016,-2.3437710266605016,0.08225,0.1830357142857143,harm
0.75,0.5,11.3,0.11750000000000001,0.0,0.1,0.15682056663168945,-0.015682056663168947,0.5,0.47594666257831253,-0.02405333742168747,-2.405333742168747,0.08225,0.1836283185840708,harm
0.75,0.5,11.4,0.11750000000000001,0.0,0.1,0.15960125918153206,-0.01596012591815321,0.5,0.4753243812877461,-0.024675618712253877,-2.4675618712253877,0.08225,0.1842105263157895,harm
0.75,0.5,11.5,0.11750000000000001,0.0,0.1,0.16238195173137465,-0.016238195173137467,0.5,0.4746954610784314,-0.025304538921568587,-2.5304538921568587,0.08225,0.18478260869565216,harm
0.75,0.5,11.600000000000001,0.11750000000000001,0.0,0.1,0.1651626442812173,-0.016516264428121732,0.5,0.4740599177182261,-0.025940082281773913,-2.5940082281773913,0.08225,0.1853448275862069,harm
0.75,0.5,11.7,0.11750000000000001,0.0,0.1,0.1679433368310598,-0.01679433368310598,0.5,0.4734177675378701,-0.026582232462129873,-2.6582232462129873,0.08225,0.1858974358974359,harm
0.75,0.5,11.8,0.11750000000000001,0.0,0.1,0.17072402938090245,-0.017072402938090245,0.5,0.47276902744277616,-0.027230972557223843,-2.7230972557223843,0.08225,0.1864406779661017,harm
0.75,0.5,11.9,0.11750000000000001,0.0,0.1,0.17350472193074504,-0.017350472193074503,0.5,0.4721137149248462,-0.027886285075153783,-2.7886285075153783,0.08225,0.1869747899159664,harm
0.75,0.5,12.0,0.11750000000000001,0.0,0.1,0.17628541448058765,-0.017628541448058765,0.5,0.4714518480743051,-0.028548151925694876,-2.854815192569488,0.08225,0.1875,harm
0.75,0.5,12.100000000000001,0.11750000000000001,0.0,0.1,0.1790661070304303,-0.01790661070304303,0.5,0.4707834455915486,-0.02921655440845139,-2.921655440845139,0.08225,0.18801652892561985,harm
0.75,0.5,12.2,0.11750000000000001,0.0,0.1,0.18184679958027283,-0.018184679958027285,0.5,0.47010852679899573,-0.02989147320100427,-2.989147320100427,0.08225,0.1885245901639344,harm
0.75,0.5,12.3,0.11750000000000001,0.0,0.1,0.18462749213011548,-0.01846274921301155,0.5,0.46942711165294115,-0.030572888347058846,-3.0572888347058846,0.08225,0.18902439024390244,harm
0.75,0.5,12.4,0.11750000000000001,0.0,0.1,0.1874081846799581,-0.01874081846799581,0.5,0.46873922075539987,-0.031260779244600134,-3.1260779244600134,0.08225,0.18951612903225806,harm
0.75,0.5,12.5,0.11750000000000001,0.0,0.1,0.19018887722980063,-0.019018887722980063,0.5,0.4680448753659372,-0.031955124634062804,-3.1955124634062804,0.08225,0.19,harm
0.75,0.5,12.600000000000001,0.11750000000000001,0.0,0.1,0.1929695697796433,-0.01929695697796433,0.5,0.4673440974134765,-0.03265590258652351,-3.265590258652351,0.08225,0.19047619047619047,harm
0.75,0.5,12.7,0.11750000000000001,0.0,0.1,0.19575026232948584,-0.019575026232948586,0.5,0.4666369095080787,-0.03336309049192132,-3.336309049192132,0.08225,0.19094488188976377,harm
0.75,0.5,12.8,0.11750000000000001,0.0,0.1,0.19853095487932848,-0.019853095487932848,0.5,0.46592333495268323,-0.03407666504731677,-3.4076665047316768,0.08225,0.19140625,harm
0.75,0.5,12.9,0.11750000000000001,0.0,0.1,0.2013116474291711,-0.02013116474291711,0.5,0.465203397754806,-0.034796602245193986,-3.4796602245193986,0.08225,0.19186046511627908,harm
0.75,0.5,13.0,0.11750000000000001,0.0,0.1,0.2040923399790137,-0.02040923399790137,0.5,0.46447712263818364,-0.03552287736181636,-3.5522877361816363,0.08225,0.1923076923076923,harm
0.75,0.5,13.100000000000001,0.11750000000000001,0.0,0.1,0.20687303252885633,-0.020687303252885633,0.5,0.4637445350543574,-0.03625546494564258,-3.625546494564258,0.08225,0.19274809160305345,harm
0.75,0.5,13.2,0.11750000000000001,0.0,0.1,0.20965372507869884,-0.020965372507869885,0.5,0.4630056611941886,-0.03699433880581138,-3.6994338805811378,0.08225,0.19318181818181818,harm
0.75,0.5,13.3,0.11750000000000001,0.0,0.1,0.21243441762854148,-0.02124344176285415,0.5,0.46226052799929485,-0.037739472000705154,-3.7739472000705154,0.08225,0.19360902255639098,harm
0.75,0.5,13.4,0.11750000000000001,0.0,0.1,0.21521511017838407,-0.021521511017838408,0.5,0.4615091631734024,-0.038490836826597596,-3.8490836826597596,0.08225,0.19402985074626866,harm
0.75,0.5,13.5,0.11750000000000001,0.0,0.1,0.2179958027282267,-0.02179958027282267,0.5,0.46075159519360165,-0.03924840480639835,-3.924840480639835,0.08225,0.19444444444444445,harm
0.75,0.5,13.600000000000001,0.11750000000000001,0.0,0.1,0.22077649527806933,-0.022077649527806935,0.5,0.45998785332149983,-0.04001214667850017,-4.001214667850017,0.08225,0.1948529411764706,harm
0.75,0.5,13.7,0.11750000000000001,0.0,0.1,0.22355718782791187,-0.02235571878279119,0.5,0.4592179676142597,-0.0407820323857403,-4.07820323857403,0.08225,0.19525547445255476,harm
0.75,0.5,13.8,0.11750000000000001,0.0,0.1,0.2263378803777545,-0.02263378803777545,0.5,0.45844196893551636,-0.041558031064483636,-4.155803106448364,0.08225,0.1956521739130435,harm
0.75,0.5,13.9,0.11750000000000001,0.0,0.1,0.22911857292759713,-0.022911857292759713,0.5,0.45765988896616216,-0.042340111033837835,-4.234011103383784,0.08225,0.1960431654676259,harm
0.75,0.5,14.0,0.11750000000000001,0.0,0.1,0.23189926547743966,-0.023189926547743968,0.5,0.4568717602149899,-0.043128239785010125,-4.3128239785010125,0.08225,0.19642857142857142,harm
0.75,0.5,6.0,0.12000000000000001,0.0,0.1,0.006302521008403368,-0.0006302521008403368,0.5,0.4994485299776531,-0.0005514700223469005,-0.055147002234690046,0.084,0.125,harm
0.75,0.5,6.1,0.12000000000000001,0.0,0.1,0.009033613445378137,-0.0009033613445378137,0.5,0.4991982685574182,-0.0008017314425817768,-0.08017314425817768,0.084,0.12704918032786883,harm
0.75,0.5,6.2,0.12000000000000001,0.0,0.1,0.011764705882352951,-0.0011764705882352953,0.5,0.4989411805300009,-0.0010588194699990838,-0.10588194699990838,0.084,0.12903225806451613,harm
0.75,0.5,6.3,0.12000000000000001,0.0,0.1,0.014495798319327721,-0.0014495798319327721,0.5,0.4986772663687434,-0.001322733631256623,-0.1322733631256623,0.084,0.13095238095238093,harm
0.75,0.5,6.4,0.12000000000000001,0.0,0.1,0.017226890756302536,-0.0017226890756302537,0.5,0.4984065266182536,-0.0015934733817464242,-0.15934733817464242,0.084,0.1328125,harm
0.75,0.5,6.5,0.12000000000000001,0.0,0.1,0.019957983193277306,-0.0019957983193277305,0.5,0.49812896189954037,-0.0018710381004596321,-0.18710381004596321,0.084,0.1346153846153846,harm
0.75,0.5,6.6,0.12000000000000001,0.0,0.1,0.0226890756302521,-0.00226890756302521,0.5,0.4978445729152997,-0.00215542708470029,-0.215542708470029,0.084,0.13636363636363635,harm
0.75,0.5,6.7,0.12000000000000001,0.0,0.1,0.025420168067226915,-0.0025420168067226915,0.5,0.4975533604553515,-0.002446639544648521,-0.24466395446485212,0.084,0.13805970149253732,harm
0.75,0.5,6.8,0.12000000000000001,0.0,0.1,0.028151260504201685,-0.0028151260504201687,0.5,0.49725532540222667,-0.0027446745977733333,-0.27446745977733333,0.084,0.13970588235294118,harm
0.75,0.5,6.9,0.12000000000000001,0.0,0.1,0.0308823529411765,-0.0030882352941176503,0.5,0.49695046873690446,-0.0030495312630955396,-0.30495312630955396,0.084,0.14130434782608697,harm
0.75,0.5,7.0,0.12000000000000001,0.0,0.1,0.033613445378151266,-0.0033613445378151267,0.5,0.49663879154469903,-0.003361208455300968,-0.3361208455300968,0.084,0.14285714285714285,harm
0.75,0.5,7.1,0.12000000000000001,0.0,0.1,0.03634453781512604,-0.003634453781512604,0.5,0.4963202950212955,-0.003679704978704512,-0.3679704978704512,0.084,0.14436619718309857,harm
0.75,0.5,7.2,0.12000000000000001,0.0,0.1,0.039075630252100854,-0.003907563025210086,0.5,0.49599498047893387,-0.004005019521066133,-0.4005019521066133,0.084,0.14583333333333334,harm
0.75,0.5,7.3,0.12000000000000001,0.0,0.1,0.04180672268907562,-0.004180672268907562,0.5,0.4956628493527422,-0.004337150647257815,-0.4337150647257815,0.084,0.14726027397260272,harm
0.75,0.5,7.4,0.12000000000000001,0.0,0.1,0.044537815126050435,-0.004453781512605044,0.5,0.495323903207216,-0.004676096792784024,-0.46760967927840236,0.084,0.14864864864864866,harm
0.75,0.5,7.5,0.12000000000000001,0.0,0.1,0.04726890756302523,-0.004726890756302523,0.5,0.49497814374284554,-0.005021856257154456,-0.5021856257154456,0.084,0.15,harm
0.75,0.5,7.6,0.12000000000000001,0.0,0.1,0.05,-0.005000000000000001,0.5,0.4946255728028889,-0.00537442719711112,-0.537442719711112,0.084,0.1513157894736842,harm
0.75,0.5,7.7,0.12000000000000001,0.0,0.1,0.05273109243697482,-0.005273109243697482,0.5,0.4942661923802899,-0.005733807619710096,-0.5733807619710096,0.084,0.1525974025974026,harm
0.75,0.5,7.8,0.12000000000000001,0.0,0.1,0.055462184873949584,-0.005546218487394959,0.5,0.4939000046247424,-0.0060999953752576275,-0.6099995375257627,0.084,0.15384615384615385,harm
0.75,0.5,7.9,0.12000000000000001,0.0,0.1,0.0581932773109244,-0.00581932773109244,0.5,0.49352701184989634,-0.006472988150103665,-0.6472988150103665,0.084,0.1550632911392405,harm
0.75,0.5,8.0,0.12000000000000001,0.0,0.1,0.06092436974789917,-0.006092436974789918,0.5,0.49314721654070826,-0.006852783459291745,-0.6852783459291745,0.084,0.15625,harm
0.75,0.5,8.1,0.12000000000000001,0.0,0.1,0.06365546218487395,-0.0063655462184873945,0.5,0.492760621360933,-0.0072393786390669845,-0.7239378639066985,0.084,0.15740740740740738,harm
0.75,0.5,8.2,0.12000000000000001,0.0,0.1,0.06638655462184871,-0.006638655462184871,0.5,0.4923672291607568,-0.007632770839243186,-0.7632770839243186,0.084,0.15853658536585363,harm
0.75,0.5,8.3,0.12000000000000001,0.0,0.1,0.06911764705882358,-0.006911764705882358,0.5,0.4919670429845697,-0.008032957015430275,-0.8032957015430275,0.084,0.15963855421686748,harm
0.75,0.5,8.4,0.12000000000000001,0.0,0.1,0.07184873949579834,-0.0071848739495798345,0.5,0.49156006607887726,-0.008439933921122744,-0.8439933921122744,0.084,0.1607142857142857,harm
0.75,0.5,8.5,0.12000000000000001,0.0,0.1,0.07457983193277311,-0.007457983193277311,0.5,0.4911463019003486,-0.00885369809965142,-0.8853698099651419,0.084,0.16176470588235292,harm
0.75,0.5,8.6,0.12000000000000001,0.0,0.1,0.07731092436974787,-0.007731092436974788,0.5,0.49072575412400216,-0.009274245875997844,-0.9274245875997844,0.084,0.16279069767441862,harm
0.75,0.5,8.7,0.12000000000000001,0.0,0.1,0.0800420168067227,-0.00800420168067227,0.5,0.4902984266515248,-0.009701573348475212,-0.9701573348475212,0.084,0.16379310344827586,harm
0.75,0.5,8.8,0.12000000000000001,0.0,0.1,0.0827731092436975,-0.00827731092436975,0.5,0.48986432361972426,-0.010135676380275738,-1.0135676380275738,0.084,0.1647727272727273,harm
0.75,0.5,8.9,0.12000000000000001,0.0,0.1,0.08550420168067228,-0.008550420168067228,0.5,0.4894234494091141,-0.010576550590885914,-1.0576550590885914,0.084,0.1657303370786517,harm
0.75,0.5,9.0,0.12000000000000001,0.0,0.1,0.08823529411764705,-0.008823529411764706,0.5,0.4889758086526277,-0.011024191347372314,-1.1024191347372314,0.084,0.16666666666666669,harm
0.75,0.5,9.1,0.12000000000000001,0.0,0.1,0.09096638655462186,-0.009096638655462187,0.5,0.48852140624446083,-0.011478593755539168,-1.1478593755539168,0.084,0.1675824175824176,harm
0.75,0.5,9.2,0.12000000000000001,0.0,0.1,0.09369747899159664,-0.009369747899159665,0.5,0.4880602473490411,-0.011939752650958924,-1.1939752650958924,0.084,0.16847826086956522,harm
0.75,0.5,9.3,0.12000000000000001,0.0,0.1,0.09642857142857145,-0.009642857142857146,0.5,0.48759233741012087,-0.012407662589879132,-1.2407662589879132,0.084,0.16935483870967744,harm
0.75,0.5,9.4,0.12000000000000001,0.0,0.1,0.09915966386554627,-0.009915966386554627,0.5,0.4871176821599936,-0.012882317840006374,-1.2882317840006374,0.084,0.17021276595744683,harm
0.75,0.5,9.5,0.12000000000000001,0.0,0.1,0.10189075630252103,-0.010189075630252105,0.5,0.48663628762882977,-0.013363712371170233,-1.3363712371170233,0.084,0.17105263157894737,harm
0.75,0.5,9.6,0.12000000000000001,0.0,0.1,0.1046218487394958,-0.01046218487394958,0.5,0.4861481601541314,-0.013851839845868574,-1.3851839845868574,0.084,0.171875,harm
0.75,0.5,9.7,0.12000000000000001,0.0,0.1,0.10735294117647057,-0.010735294117647058,0.5,0.4856533063903021,-0.014346693609697925,-1.4346693609697925,0.084,0.17268041237113402,harm
0.75,0.5,9.8,0.12000000000000001,0.0,0.1,0.11008403361344543,-0.011008403361344545,0.5,0.4851517333183297,-0.014848266681670275,-1.4848266681670275,0.084,0.17346938775510207,harm
0.75,0.5,9.9,0.12000000000000001,0.0,0.1,0.1128151260504202,-0.01128151260504202,0.5,0.48464344825558114,-0.015356551744418856,-1.5356551744418856,0.084,0.17424242424242425,harm
0.75,0.5,10.0,0.12000000000000001,0.0,0.1,0.11554621848739498,-0.011554621848739498,0.5,0.48412845886570344,-0.015871541134296563,-1.5871541134296563,0.084,0.175,harm
0.75,0.5,10.100000000000001,0.12000000000000001,0.0,0.1,0.11827731092436979,-0.01182773109243698,0.5,0.48360677316863165,-0.016393226831368346,-1.6393226831368346,0.084,0.17574257425742576,harm
0.75,0.5,10.2,0.12000000000000001,0.0,0.1,0.12100840336134451,-0.012100840336134452,0.5,0.48307839955069753,-0.016921600449302465,-1.6921600449302465,0.084,0.1764705882352941,harm
0.75,0.5,10.3,0.12000000000000001,0.0,0.1,0.12373949579831937,-0.012373949579831938,0.5,0.4825433467748385,-0.01745665322516149,-1.745665322516149,0.084,0.17718446601941748,harm
0.75,0.5,10.4,0.12000000000000001,0.0,0.1,0.12647058823529414,-0.012647058823529414,0.5,0.4820016239909023,-0.017998376009097705,-1.7998376009097705,0.084,0.1778846153846154,harm
0.75,0.5,10.5,0.12000000000000001,0.0,0.1,0.12920168067226892,-0.012920168067226893,0.5,0.4814532407460438,-0.018546759253956213,-1.8546759253956213,0.084,0.17857142857142858,harm
0.75,0.5,10.600000000000001,0.12000000000000001,0.0,0.1,0.13193277310924378,-0.01319327731092438,0.5,0.4808982069952119,-0.019101793004788092,-1.9101793004788092,0.084,0.17924528301886794,harm
0.75,0.5,10.7,0.12000000000000001,0.0,0.1,0.1346638655462185,-0.013466386554621852,0.5,0.480336533111722,-0.019663466888278025,-1.9663466888278025,0.084,0.17990654205607476,harm
0.75,0.5,10.8,0.12000000000000001,0.0,0.1,0.13739495798319332,-0.013739495798319332,0.5,0.4797682298979095,-0.020231770102090485,-2.0231770102090483,0.084,0.18055555555555558,harm
0.75,0.5,10.9,0.12000000000000001,0.0,0.1,0.14012605042016807,-0.014012605042016808,0.5,0.47919330859586284,-0.020806691404137156,-2.0806691404137156,0.084,0.1811926605504587,harm
0.75,0.5,11.0,0.12000000000000001,0.0,0.1,0.1428571428571429,-0.01428571428571429,0.5,0.4786117808982292,-0.0213882191017708,-2.13882191017708,0.084,0.18181818181818182,harm
0.75,0.5,11.100000000000001,0.12000000000000001,0.0,0.1,0.1455882352941177,-0.014558823529411772,0.5,0.47802365895909127,-0.02197634104090873,-2.197634104090873,0.084,0.18243243243243246,harm
0.75,0.5,11.2,0.12000000000000001,0.0,0.1,0.14831932773109244,-0.014831932773109244,0.5,0.47742895540490904,-0.02257104459509096,-2.257104459509096,0.084,0.1830357142857143,harm
0.75,0.5,11.3,0.12000000000000001,0.0,0.1,0.15105042016806725,-0.015105042016806725,0.5,0.476827683345523,-0.023172316654477,-2.3172316654477,0.084,0.1836283185840708,harm
0.75,0.5,11.4,0.12000000000000001,0.0,0.1,0.15378151260504205,-0.015378151260504206,0.5,0.47621985638521386,-0.023780143614786142,-2.3780143614786144,0.084,0.1842105263157895,harm
0.75,0.5,11.5,0.12000000000000001,0.0,0.1,0.15651260504201683,-0.015651260504201684,0.5,0.4756054886338141,-0.024394511366185923,-2.439451136618592,0.084,0.18478260869565216,harm
0.75,0.5,11.600000000000001,0.12000000000000001,0.0,0.1,0.15924369747899164,-0.015924369747899163,0.5,0.4749845947178666,-0.02501540528213342,-2.501540528213342,0.084,0.1853448275862069,harm
0.75,0.5,11.7,0.12000000000000001,0.0,0.1,0.16197478991596637,-0.016197478991596636,0.5,0.4743571897918251,-0.025642810208174882,-2.5642810208174884,0.084,0.1858974358974359,harm
0.75,0.5,11.8,0.12000000000000001,0.0,0.1,0.16470588235294123,-0.016470588235294122,0.5,0.4737232895492909,-0.026276710450709118,-2.6276710450709118,0.084,0.1864406779661017,harm
0.75,0.5,11.9,0.12000000000000001,0.0,0.1,0.167436974789916,-0.0167436974789916,0.5,0.4730829102342815,-0.026917089765718494,-2.6917089765718494,0.084,0.1869747899159664,harm
0.75,0.5,12.0,0.12000000000000001,0.0,0.1,0.17016806722689076,-0.017016806722689078,0.5,0.4724360686525244,-0.02756393134747559,-2.756393134747559,0.084,0.1875,harm
0.75,0.5,12.100000000000001,0.12000000000000001,0.0,0.1,0.1728991596638656,-0.01728991596638656,0.5,0.47178278218277087,-0.028217217817229134,-2.821721781722913,0.084,0.18801652892561985,harm
0.75,0.5,12.2,0.12000000000000001,0.0,0.1,0.17563025210084032,-0.017563025210084033,0.5,0.4711230687881243,-0.028876931211875678,-2.887693121187568,0.084,0.1885245901639344,harm
0.75,0.5,12.3,0.12000000000000001,0.0,0.1,0.1783613445378152,-0.01783613445378152,0.5,0.47045694702737606,-0.02954305297262394,-2.954305297262394,0.084,0.18902439024390244,harm
0.75,0.5,12.4,0.12000000000000001,0.0,0.1,0.18109243697478994,-0.018109243697478995,0.5,0.4697844360663434,-0.030215563933656597,-3.0215563933656595,0.084,0.18951612903225806,harm
0.75,0.5,12.5,0.12000000000000001,0.0,0.1,0.18382352941176472,-0.01838235294117647,0.5,0.4691055556892029,-0.030894444310797076,-3.0894444310797073,0.084,0.19,harm
0.75,0.5,12.600000000000001,0.12000000000000001,0.0,0.1,0.18655462184873958,-0.018655462184873958,0.5,0.46842032630981256,-0.03157967369018744,-3.1579673690187438,0.084,0.19047619047619047,harm
0.75,0.5,12.7,0.12000000000000001,0.0,0.1,0.1892857142857143,-0.018928571428571433,0.5,0.4677287689830166,-0.032271231016983426,-3.227123101698343,0.084,0.19094488188976377,harm
0.75,0.5,12.8,0.12000000000000001,0.0,0.1,0.19201680672268912,-0.019201680672268913,0.5,0.4670309054159245,-0.03296909458407549,-3.2969094584075487,0.084,0.19140625,harm
0.75,0.5,12.9,0.12000000000000001,0.0,0.1,0.1947478991596639,-0.019474789915966392,0.5,0.4663267579791597,-0.03367324202084032,-3.367324202084032,0.084,0.19186046511627908,harm
0.75,0.5,13.0,0.12000000000000001,0.0,0.1,0.19747899159663865,-0.019747899159663865,0.5,0.4656163497180681,-0.03438365028193191,-3.438365028193191,0.084,0.1923076923076923,harm
0.75,0.5,13.100000000000001,0.12000000000000001,0.0,0.1,0.2002100840336135,-0.02002100840336135,0.5,0.4648997043638806,-0.03510029563611938,-3.5100295636119383,0.084,0.19274809160305345,harm
0.75,0.5,13.2,0.12000000000000001,0.0,0.1,0.20294117647058824,-0.020294117647058824,0.5,0.4641768463448224,-0.035823153655177575,-3.5823153655177578,0.084,0.19318181818181818,harm
0.75,0.5,13.3,0.12000000000000001,0.0,0.1,0.20567226890756304,-0.020567226890756306,0.5,0.4634478007971592,-0.03655219920284081,-3.6552199202840807,0.084,0.19360902255639098,harm
0.75,0.5,13.4,0.12000000000000001,0.0,0.1,0.20840336134453788,-0.02084033613445379,0.5,0.4627125935761751,-0.03728740642382489,-3.7287406423824887,0.084,0.19402985074626866,harm
0.75,0.5,13.5,0.12000000000000001,0.0,0.1,0.21113445378151263,-0.021113445378151265,0.5,0.4619712512670726,-0.03802874873292739,-3.8028748732927387,0.084,0.19444444444444445,harm
0.75,0.5,13.600000000000001,0.12000000000000001,0.0,0.1,0.21386554621848747,-0.021386554621848748,0.5,0.4612238011957863,-0.03877619880421368,-3.877619880421368,0.084,0.1948529411764706,harm
0.75,0.5,13.7,0.12000000000000001,0.0,0.1,0.21659663865546216,-0.021659663865546217,0.5,0.4604702714397033,-0.039529728560296684,-3.9529728560296684,0.084,0.19525547445255476,harm
0.75,0.5,13.8,0.12000000000000001,0.0,0.1,0.21932773109243703,-0.021932773109243704,0.5,0.4597106908382801,-0.04028930916171991,-4.028930916171991,0.084,0.1956521739130435,harm
0.75,0.5,13.9,0.12000000000000001,0.0,0.1,0.2220588235294118,-0.022205882352941183,0.5,0.45894508900354863,-0.041054910996451366,-4.105491099645136,0.084,0.1960431654676259,harm
0.75,0.5,14.0,0.12000000000000001,0.0,0.1,0.2247899159663866,-0.02247899159663866,0.5,0.458173496330502,-0.04182650366949803,-4.182650366949803,0.084,0.19642857142857142,harm
0.75,0.5,6.0,0.1225,0.0,0.1,0.0031545741324921165,-0.00031545741324921165,0.5,0.4997239748343664,-0.0002760251656335755,-0.02760251656335755,0.08574999999999999,0.125,harm
0.75,0.5,6.1,0.1225,0.0,0.1,0.005835962145110398,-0.0005835962145110398,0.5,0.49948205883164565,-0.0005179411683543522,-0.05179411683543522,0.08574999999999999,0.12704918032786883,harm
0.75,0.5,6.2,0.1225,0.0,0.1,0.008517350157728726,-0.0008517350157728726,0.5,0.4992334400262082,-0.0007665599737918249,-0.0766559973791825,0.08574999999999999,0.12903225806451613,harm
0.75,0.5,6.3,0.1225,0.0,0.1,0.011198738170347007,-0.0011198738170347007,0.5,0.4989781188146852,-0.0010218811853148213,-0.10218811853148213,0.08574999999999999,0.13095238095238093,harm
0.75,0.5,6.4,0.1225,0.0,0.1,0.013880126182965313,-0.0013880126182965313,0.5,0.4987160956579929,-0.0012839043420070917,-0.12839043420070917,0.08574999999999999,0.1328125,harm
0.75,0.5,6.5,0.1225,0.0,0.1,0.016561514195583594,-0.0016561514195583594,0.5,0.4984473710861126,-0.0015526289138874105,-0.15526289138874105,0.08574999999999999,0.1346153846153846,harm
0.75,0.5,6.6,0.1225,0.0,0.1,0.019242902208201875,-0.0019242902208201876,0.5,0.49817194570301293,-0.0018280542969870694,-0.18280542969870694,0.08574999999999999,0.13636363636363635,harm
0.75,0.5,6.7,0.1225,0.0,0.1,0.021924290220820205,-0.0021924290220820208,0.5,0.49788982019171557,-0.002110179808284429,-0.21101798082844292,0.08574999999999999,0.13805970149253732,harm
0.75,0.5,6.8,0.1225,0.0,0.1,0.024605678233438486,-0.0024605678233438487,0.5,0.49760099531950336,-0.0023990046804966414,-0.23990046804966414,0.08574999999999999,0.13970588235294118,harm
0.75,0.5,6.9,0.1225,0.0,0.1,0.027287066246056788,-0.002728706624605679,0.5,0.4973054719432708,-0.0026945280567292063,-0.2694528056729206,0.08574999999999999,0.14130434782608697,harm
0.75,0.5,7.0,0.1225,0.0,0.1,0.029968454258675094,-0.0029968454258675094,0.5,0.4970032510150163,-0.0029967489849836992,-0.2996748984983699,0.08574999999999999,0.14285714285714285,harm
0.75,0.5,7.1,0.1225,0.0,0.1,0.032649842271293375,-0.0032649842271293378,0.5,0.496694333587476,-0.003305666412524,-0.3305666412524,0.08574999999999999,0.14436619718309857,harm
0.75,0.5,7.2,0.1225,0.0,0.1,0.035331230283911684,-0.0035331230283911687,0.5,0.4963787208198991,-0.0036212791801009114,-0.36212791801009114,0.08574999999999999,0.14583333333333334,harm
0.75,0.5,7.3,0.1225,0.0,0.1,0.038012618296529965,-0.0038012618296529967,0.5,0.4960564139839633,-0.003943586016036726,-0.39435860160367264,0.08574999999999999,0.14726027397260272,harm
0.75,0.5,7.4,0.1225,0.0,0.1,0.04069400630914829,-0.004069400630914829,0.5,0.4957274144698304,-0.004272585530169626,-0.4272585530169626,0.08574999999999999,0.14864864864864866,harm
0.75,0.5,7.5,0.1225,0.0,0.1,0.04337539432176657,-0.004337539432176657,0.5,0.49539172379234214,-0.004608276207657858,-0.46082762076578576,0.08574999999999999,0.15,harm
0.75,0.5,7.6,0.1225,0.0,0.1,0.04605678233438485,-0.004605678233438485,0.5,0.49504934359735464,-0.004950656402645359,-0.4950656402645359,0.08574999999999999,0.1513157894736842,harm
0.75,0.5,7.7,0.1225,0.0,0.1,0.04873817034700316,-0.004873817034700316,0.5,0.4947002756682107,-0.005299724331789324,-0.5299724331789324,0.08574999999999999,0.1525974025974026,harm
0.75,0.5,7.8,0.1225,0.0,0.1,0.05141955835962144,-0.005141955835962144,0.5,0.49434452193235107,-0.005655478067648934,-0.5655478067648934,0.08574999999999999,0.15384615384615385,harm
0.75,0.5,7.9,0.1225,0.0,0.1,0.05410094637223974,-0.005410094637223975,0.5,0.49398208446806136,-0.006017915531938645,-0.6017915531938645,0.08574999999999999,0.1550632911392405,harm
0.75,0.5,8.0,0.1225,0.0,0.1,0.05678233438485805,-0.005678233438485805,0.5,0.49361296551135625,-0.00638703448864375,-0.638703448864375,0.08574999999999999,0.15625,harm
0.75,0.5,8.1,0.1225,0.0,0.1,0.059463722397476354,-0.005946372239747636,0.5,0.4932371674629977,-0.006762832537002272,-0.6762832537002272,0.08574999999999999,0.15740740740740738,harm
0.75,0.5,8.2,0.1225,0.0,0.1,0.062145110410094614,-0.006214511041009462,0.5,0.49285469289564954,-0.007145307104350462,-0.7145307104350462,0.08574999999999999,0.15853658536585363,harm
0.75,0.5,8.3,0.1225,0.0,0.1,0.06482649842271296,-0.006482649842271296,0.5,0.4924655445611632,-0.007534455438836796,-0.7534455438836796,0.08574999999999999,0.15963855421686748,harm
0.75,0.5,8.4,0.1225,0.0,0.1,0.06750788643533127,-0.006750788643533128,0.5,0.49206972539799787,-0.00793027460200213,-0.793027460200213,0.08574999999999999,0.1607142857142857,harm
0.75,0.5,8.5,0.1225,0.0,0.1,0.07018927444794952,-0.007018927444794952,0.5,0.4916672385387707,-0.008332761461229299,-0.8332761461229299,0.08574999999999999,0.16176470588235292,harm
0.75,0.5,8.6,0.1225,0.0,0.1,0.07287066246056784,-0.007287066246056784,0.5,0.4912580873179381,-0.008741912682061925,-0.8741912682061925,0.08574999999999999,0.16279069767441862,harm
0.75,0.5,8.7,0.1225,0.0,0.1,0.07555205047318608,-0.007555205047318609,0.5,0.4908422752796049,-0.00915772472039511,-0.9157724720395111,0.08574999999999999,0.16379310344827586,harm
0.75,0.5,8.8,0.1225,0.0,0.1,0.07823343848580444,-0.007823343848580444,0.5,0.4904198061854625,-0.009580193814537508,-0.9580193814537508,0.08574999999999999,0.1647727272727273,harm
0.75,0.5,8.9,0.1225,0.0,0.1,0.08091482649842274,-0.008091482649842274,0.5,0.4899906840228522,-0.010009315977147826,-1.0009315977147826,0.08574999999999999,0.1657303370786517,harm
0.75,0.5,9.0,0.1225,0.0,0.1,0.083596214511041,-0.008359621451104101,0.5,0.48955491301295373,-0.01044508698704627,-1.044508698704627,0.08574999999999999,0.16666666666666669,harm
0.75,0.5,9.1,0.1225,0.0,0.1,0.0862776025236593,-0.00862776025236593,0.5,0.48911249761909714,-0.010887502380902858,-1.0887502380902858,0.08574999999999999,0.1675824175824176,harm
0.75,0.5,9.2,0.1225,0.0,0.1,0.08895899053627757,-0.008895899053627757,0.5,0.488663442555196,-0.011336557444803996,-1.1336557444803996,0.08574999999999999,0.16847826086956522,harm
0.75,0.5,9.3,0.1225,0.0,0.1,0.09164037854889592,-0.009164037854889593,0.5,0.48820775279430106,-0.011792247205698936,-1.1792247205698936,0.08574999999999999,0.16935483870967744,harm
0.75,0.5,9.4,0.1225,0.0,0.1,0.09432176656151423,-0.009432176656151424,0.5,0.4877454335772714,-0.012254566422728597,-1.2254566422728597,0.08574999999999999,0.17021276595744683,harm
0.75,0.5,9.5,0.1225,0.0,0.1,0.09700315457413249,-0.009700315457413249,0.5,0.4872764904215626,-0.012723509578437375,-1.2723509578437375,0.08574999999999999,0.17105263157894737,harm
0.75,0.5,9.6,0.1225,0.0,0.1,0.09968454258675079,-0.00996845425867508,0.5,0.48680092913012807,-0.013199070869871932,-1.3199070869871932,0.08574999999999999,0.171875,harm
0.75,0.5,9.7,0.1225,0.0,0.1,0.10236593059936909,-0.01023659305993691,0.5,0.4863187558004334,-0.013681244199566622,-1.3681244199566622,0.08574999999999999,0.17268041237113402,harm
0.75,0.5,9.8,0.1225,0.0,0.1,0.10504731861198739,-0.01050473186119874,0.5,0.485829976833581,-0.014170023166419021,-1.4170023166419021,0.08574999999999999,0.17346938775510207,harm
0.75,0.5,9.9,0.1225,0.0,0.1,0.1077287066246057,-0.01077287066246057,0.5,0.4853345989435409,-0.014665401056459082,-1.4665401056459082,0.08574999999999999,0.17424242424242425,harm
0.75,0.5,10.0,0.1225,0.0,0.1,0.11041009463722395,-0.011041009463722396,0.5,0.48483262916648906,-0.01516737083351094,-1.516737083351094,0.08574999999999999,0.175,harm
0.75,0.5,10.100000000000001,0.1225,0.0,0.1,0.11309148264984231,-0.011309148264984232,0.5,0.4843240748702462,-0.015675925129753798,-1.5675925129753798,0.08574999999999999,0.17574257425742576,harm
0.75,0.5,10.2,0.1225,0.0,0.1,0.11577287066246057,-0.011577287066246058,0.5,0.48380894376381856,-0.016191056236181445,-1.6191056236181445,0.08574999999999999,0.1764705882352941,harm
0.75,0.5,10.3,0.1225,0.0,0.1,0.11845425867507887,-0.011845425867507888,0.5,0.48328724390703537,-0.01671275609296463,-1.6712756092964631,0.08574999999999999,0.17718446601941748,harm
0.75,0.5,10.4,0.1225,0.0,0.1,0.12113564668769718,-0.012113564668769719,0.5,0.4827589837202813,-0.01724101627971869,-1.724101627971869,0.08574999999999999,0.1778846153846154,harm
0.75,0.5,10.5,0.1225,0.0,0.1,0.12381703470031548,-0.01238170347003155,0.5,0.4822241719943201,-0.017775828005679895,-1.7775828005679895,0.08574999999999999,0.17857142857142858,harm
0.75,0.5,10.600000000000001,0.1225,0.0,0.1,0.1264984227129338,-0.01264984227129338,0.5,0.4816828179002074,-0.018317182099792606,-1.8317182099792606,0.08574999999999999,0.17924528301886794,harm
0.75,0.5,10.7,0.1225,0.0,0.1,0.12917981072555204,-0.012917981072555205,0.5,0.48113493099928856,-0.018865069000711443,-1.8865069000711443,0.08574999999999999,0.17990654205607476,harm
0.75,0.5,10.8,0.1225,0.0,0.1,0.1318611987381704,-0.013186119873817041,0.5,0.4805805212532791,-0.019419478746720897,-1.9419478746720897,0.08574999999999999,0.18055555555555558,harm
0.75,0.5,10.9,0.1225,0.0,0.1,0.13454258675078865,-0.013454258675078865,0.5,0.4800195990344231,-0.019980400965576905,-1.9980400965576905,0.08574999999999999,0.1811926605504587,harm
0.75,0.5,11.0,0.1225,0.0,0.1,0.13722397476340695,-0.013722397476340695,0.5,0.47945217513572713,-0.020547824864272868,-2.054782486427287,0.08574999999999999,0.18181818181818182,harm
0.75,0.5,11.100000000000001,0.1225,0.0,0.1,0.13990536277602528,-0.013990536277602529,0.5,0.4788782607812655,-0.021121739218734503,-2.1121739218734503,0.08574999999999999,0.18243243243243246,harm
0.75,0.5,11.2,0.1225,0.0,0.1,0.14258675078864352,-0.014258675078864353,0.5,0.4782978676365529,-0.02170213236344709,-2.170213236344709,0.08574999999999999,0.1830357142857143,harm
0.75,0.5,11.3,0.1225,0.0,0.1,0.14526813880126188,-0.014526813880126188,0.5,0.47771100781898035,-0.02228899218101965,-2.228899218101965,0.08574999999999999,0.1836283185840708,harm
0.75,0.5,11.4,0.1225,0.0,0.1,0.14794952681388013,-0.014794952681388014,0.5,0.4771176939083111,-0.022882306091688898,-2.28823060916889,0.08574999999999999,0.1842105263157895,harm
0.75,0.5,11.5,0.1225,0.0,0.1,0.15063091482649843,-0.015063091482649844,0.5,0.4765179389572312,-0.023482061042768787,-2.348206104276879,0.08574999999999999,0.18478260869565216,harm
0.75,0.5,11.600000000000001,0.1225,0.0,0.1,0.1533123028391168,-0.01533123028391168,0.5,0.47591175650195083,-0.024088243498049167,-2.4088243498049167,0.08574999999999999,0.1853448275862069,harm
0.75,0.5,11.7,0.1225,0.0,0.1,0.155993690851735,-0.015599369085173502,0.5,0.47529916057285193,-0.02470083942714807,-2.470083942714807,0.08574999999999999,0.1858974358974359,harm
0.75,0.5,11.8,0.1225,0.0,0.1,0.15867507886435336,-0.015867507886435338,0.5,0.4746801657051771,-0.025319834294822874,-2.5319834294822874,0.08574999999999999,0.1864406779661017,harm
0.75,0.5,11.9,0.1225,0.0,0.1,0.1613564668769716,-0.016135646687697163,0.5,0.47405478694975556,-0.025945213050244442,-2.5945213050244442,0.08574999999999999,0.1869747899159664,harm
0.75,0.5,12.0,0.1225,0.0,0.1,0.1640378548895899,-0.016403785488958992,0.5,0.4734230398837601,-0.02657696011623989,-2.657696011623989,0.08574999999999999,0.1875,harm
0.75,0.5,12.100000000000001,0.1225,0.0,0.1,0.16671924290220827,-0.016671924290220828,0.5,0.4727849406214909,-0.0272150593785091,-2.72150593785091,0.08574999999999999,0.18801652892561985,harm
0.75,0.5,12.2,0.1225,0.0,0.1,0.1694006309148265,-0.01694006309148265,0.5,0.4721405058251805,-0.027859494174819477,-2.7859494174819477,0.08574999999999999,0.1885245901639344,harm
0.75,0.5,12.3,0.1225,0.0,0.1,0.17208201892744482,-0.017208201892744482,0.5,0.47148975271581445,-0.028510247284185553,-2.8510247284185555,0.08574999999999999,0.18902439024390244,harm
0.75,0.5,12.4,0.1225,0.0,0.1,0.17476340694006312,-0.017476340694006314,0.5,0.47083269908396164,-0.029167300916038363,-2.9167300916038363,0.08574999999999999,0.18951612903225806,harm
0.75,0.5,12.5,0.1225,0.0,0.1,0.1774447949526814,-0.01774447949526814,0.5,0.47016936330061,-0.029830636699390012,-2.983063669939001,0.08574999999999999,0.19,harm
0.75,0.5,12.600000000000001,0.1225,0.0,0.1,0.18012618296529975,-0.018012618296529975,0.5,0.46949976432799934,-0.030500235672000664,-3.0500235672000664,0.08574999999999999,0.19047619047619047,harm
0.75,0.5,12.7,0.1225,0.0,0.1,0.18280757097791794,-0.018280757097791794,0.5,0.4688239217304478,-0.03117607826955221,-3.117607826955221,0.08574999999999999,0.19094488188976377,harm
0.75,0.5,12.8,0.1225,0.0,0.1,0.1854889589905363,-0.01854889589905363,0.5,0.4681418556851633,-0.03185814431483669,-3.185814431483669,0.08574999999999999,0.19140625,harm
0.75,0.5,12.9,0.1225,0.0,0.1,0.1881703470031546,-0.01881703470031546,0.5,0.4674535869930357,-0.032546413006964314,-3.2546413006964316,0.08574999999999999,0.19186046511627908,harm
0.75,0.5,13.0,0.1225,0.0,0.1,0.19085173501577288,-0.01908517350157729,0.5,0.4667591370894013,-0.03324086291059869,-3.324086291059869,0.08574999999999999,0.1923076923076923,harm
0.75,0.5,13.100000000000001,0.1225,0.0,0.1,0.1935331230283912,-0.019353312302839123,0.5,0.46605852805477477,-0.03394147194522523,-3.3941471945225232,0.08574999999999999,0.19274809160305345,harm
0.75,0.5,13.2,0.1225,0.0,0.1,0.19621451104100943,-0.019621451104100945,0.5,0.46535178262553945,-0.034648217374460555,-3.4648217374460555,0.08574999999999999,0.19318181818181818,harm
0.75,0.5,13.3,0.1225,0.0,0.1,0.19889589905362778,-0.01988958990536278,0.5,0.46463892420459163,-0.03536107579540837,-3.536107579540837,0.08574999999999999,0.19360902255639098,harm
0.75,0.5,13.4,0.1225,0.0,0.1,0.20157728706624609,-0.02015772870662461,0.5,0.46391997687192954,-0.03608002312807046,-3.608002312807046,0.08574999999999999,0.19402985074626866,harm
0.75,0.5,13.5,0.1225,0.0,0.1,0.20425867507886436,-0.020425867507886438,0.5,0.4631949653951807,-0.03680503460481932,-3.680503460481932,0.08574999999999999,0.19444444444444445,harm
0.75,0.5,13.600000000000001,0.1225,0.0,0.1,0.2069400630914827,-0.02069400630914827,0.5,0.4624639152400596,-0.037536084759940413,-3.7536084759940413,0.08574999999999999,0.1948529411764706,harm
0.75,0.5,13.7,0.1225,0.0,0.1,0.20962145110410096,-0.0209621451104101,0.5,0.4617268525807492,-0.03827314741925081,-3.827314741925081,0.08574999999999999,0.19525547445255476,harm
0.75,0.5,13.8,0.1225,0.0,0.1,0.21230283911671927,-0.021230283911671928,0.5,0.4609838043101967,-0.0390161956898033,-3.90161956898033,0.08574999999999999,0.1956521739130435,harm
0.75,0.5,13.9,0.1225,0.0,0.1,0.21498422712933757,-0.021498422712933757,0.5,0.46023479805031803,-0.03976520194968197,-3.976520194968197,0.08574999999999999,0.1960431654676259,harm
0.75,0.5,14.0,0.1225,0.0,0.1,0.21766561514195587,-0.02176656151419559,0.5,0.45947986216209996,-0.04052013783790004,-4.052013783790004,0.08574999999999999,0.19642857142857142,harm
0.75,0.5,6.0,0.125,0.0,0.1,0.0,-0.0,0.5,0.5,0.0,0.0,0.0875,0.125,zero
0.75,0.5,6.1,0.125,0.0,0.1,0.002631578947368412,-0.0002631578947368412,0.5,0.49976644741169995,-0.00023355258830004555,-0.023355258830004555,0.0875,0.12704918032786883,harm
0.75,0.5,6.2,0.125,0.0,0.1,0.005263157894736847,-0.0005263157894736847,0.5,0.49952631615293736,-0.00047368384706264477,-0.04736838470626448,0.0875,0.12903225806451613,harm
0.75,0.5,6.3,0.125,0.0,0.1,0.007894736842105258,-0.0007894736842105259,0.5,0.49927960654991244,-0.0007203934500875642,-0.07203934500875642,0.0875,0.13095238095238093,harm
0.75,0.5,6.4,0.125,0.0,0.1,0.010526315789473694,-0.0010526315789473695,0.5,0.4990263189865239,-0.0009736810134761131,-0.09736810134761131,0.0875,0.1328125,harm
0.75,0.5,6.5,0.125,0.0,0.1,0.013157894736842105,-0.0013157894736842105,0.5,0.4987664539088078,-0.0012335460911921947,-0.12335460911921947,0.0875,0.1346153846153846,harm
0.75,0.5,6.6,0.125,0.0,0.1,0.015789473684210516,-0.0015789473684210517,0.5,0.49850001182951187,-0.0014999881704881313,-0.14999881704881313,0.0875,0.13636363636363635,harm
0.75,0.5,6.7,0.125,0.0,0.1,0.018421052631578953,-0.0018421052631578953,0.5,0.49822699333280507,-0.0017730066671949318,-0.17730066671949318,0.0875,0.13805970149253732,harm
0.75,0.5,6.8,0.125,0.0,0.1,0.021052631578947364,-0.0021052631578947364,0.5,0.4979473990791229,-0.0020526009208771123,-0.20526009208771123,0.0875,0.13970588235294118,harm
0.75,0.5,6.9,0.125,0.0,0.1,0.023684210526315797,-0.00236842105263158,0.5,0.49766122981014627,-0.002338770189853734,-0.23387701898537339,0.0875,0.14130434782608697,harm
0.75,0.5,7.0,0.125,0.0,0.1,0.02631578947368421,-0.002631578947368421,0.5,0.4973684863539162,-0.0026315136460838273,-0.26315136460838273,0.0875,0.14285714285714285,harm
0.75,0.5,7.1,0.125,0.0,0.1,0.02894736842105262,-0.0028947368421052624,0.5,0.4970691696300819,-0.0029308303699180915,-0.29308303699180915,0.0875,0.14436619718309857,harm
0.75,0.5,7.2,0.125,0.0,0.1,0.03157894736842106,-0.003157894736842106,0.5,0.49676328065528286,-0.0032367193447171427,-0.3236719344717143,0.0875,0.14583333333333334,harm
0.75,0.5,7.3,0.125,0.0,0.1,0.03421052631578947,-0.003421052631578947,0.5,0.49645082054866424,-0.00354917945133576,-0.354917945133576,0.0875,0.14726027397260272,harm
0.75,0.5,7.4,0.125,0.0,0.1,0.036842105263157905,-0.0036842105263157907,0.5,0.49613179053752576,-0.003868209462474237,-0.3868209462474237,0.0875,0.14864864864864866,harm
0.75,0.5,7.5,0.125,0.0,0.1,0.039473684210526314,-0.003947368421052632,0.5,0.49580619196310205,-0.00419380803689795,-0.419380803689795,0.0875,0.15,harm
0.75,0.5,7.6,0.125,0.0,0.1,0.04210526315789473,-0.004210526315789473,0.5,0.4954740262864765,-0.004525973713523479,-0.4525973713523479,0.0875,0.1513157894736842,harm
0.75,0.5,7.7,0.125,0.0,0.1,0.044736842105263165,-0.004473684210526316,0.5,0.49513529509462517,-0.004864704905374828,-0.4864704905374828,0.0875,0.1525974025974026,harm
0.75,0.5,7.8,0.125,0.0,0.1,0.047368421052631574,-0.004736842105263157,0.5,0.4947900001065923,-0.005209999893407702,-0.5209999893407702,0.0875,0.15384615384615385,harm
0.75,0.5,7.9,0.125,0.0,0.1,0.05000000000000001,-0.005000000000000001,0.5,0.49443814317979584,-0.0055618568202041585,-0.5561856820204159,0.0875,0.1550632911392405,harm
0.75,0.5,8.0,0.125,0.0,0.1,0.05263157894736842,-0.005263157894736842,0.5,0.4940797263164629,-0.005920273683537092,-0.5920273683537092,0.0875,0.15625,harm
0.75,0.5,8.1,0.125,0.0,0.1,0.055263157894736833,-0.005526315789473684,0.5,0.4937147516701932,-0.006285248329806814,-0.6285248329806814,0.0875,0.15740740740740738,harm
0.75,0.5,8.2,0.125,0.0,0.1,0.05789473684210524,-0.005789473684210525,0.5,0.4933432215526514,-0.006656778447348577,-0.6656778447348577,0.0875,0.15853658536585363,harm
0.75,0.5,8.3,0.125,0.0,0.1,0.060526315789473706,-0.006052631578947371,0.5,0.49296513844038614,-0.007034861559613859,-0.7034861559613859,0.0875,0.15963855421686748,harm
0.75,0.5,8.4,0.125,0.0,0.1,0.06315789473684212,-0.006315789473684212,0.5,0.4925805049817755,-0.007419495018224476,-0.7419495018224476,0.0875,0.1607142857142857,harm
0.75,0.5,8.5,0.125,0.0,0.1,0.06578947368421052,-0.006578947368421052,0.5,0.49218932400409754,-0.007810675995902461,-0.7810675995902461,0.0875,0.16176470588235292,harm
0.75,0.5,8.6,0.125,0.0,0.1,0.06842105263157894,-0.006842105263157894,0.5,0.4917915985207256,-0.008208401479274374,-0.8208401479274374,0.0875,0.16279069767441862,harm
0.75,0.5,8.7,0.125,0.0,0.1,0.07105263157894735,-0.007105263157894736,0.5,0.4913873317384468,-0.008612668261553214,-0.8612668261553214,0.0875,0.16379310344827586,harm
0.75,0.5,8.8,0.125,0.0,0.1,0.07368421052631581,-0.007368421052631581,0.5,0.4909765270649016,-0.00902347293509842,-0.902347293509842,0.0875,0.1647727272727273,harm
0.75,0.5,8.9,0.125,0.0,0.1,0.07631578947368423,-0.007631578947368423,0.5,0.49055918811614607,-0.009440811883853928,-0.9440811883853928,0.0875,0.1657303370786517,harm
0.75,0.5,9.0,0.125,0.0,0.1,0.07894736842105263,-0.007894736842105263,0.5,0.49013531872433214,-0.009864681275667864,-0.9864681275667864,0.0875,0.16666666666666669,harm
0.75,0.5,9.1,0.125,0.0,0.1,0.08157894736842104,-0.008157894736842105,0.5,0.48970492294550677,-0.010295077054493229,-1.029507705449323,0.0875,0.1675824175824176,harm
0.75,0.5,9.2,0.125,0.0,0.1,0.08421052631578946,-0.008421052631578945,0.5,0.4892680050675279,-0.010731994932472122,-1.0731994932472122,0.0875,0.16847826086956522,harm
0.75,0.5,9.3,0.125,0.0,0.1,0.08684210526315791,-0.008684210526315793,0.5,0.4888245696180956,-0.011175430381904383,-1.1175430381904383,0.0875,0.16935483870967744,harm
0.75,0.5,9.4,0.125,0.0,0.1,0.08947368421052633,-0.008947368421052633,0.5,0.4883746213728972,-0.011625378627102778,-1.1625378627102778,0.0875,0.17021276595744683,harm
0.75,0.5,9.5,0.125,0.0,0.1,0.09210526315789473,-0.009210526315789473,0.5,0.4879181653638638,-0.012081834636136213,-1.2081834636136213,0.0875,0.17105263157894737,harm
0.75,0.5,9.6,0.125,0.0,0.1,0.09473684210526315,-0.009473684210526315,0.5,0.48745520688753796,-0.012544793112462038,-1.2544793112462038,0.0875,0.171875,harm
0.75,0.5,9.7,0.125,0.0,0.1,0.09736842105263156,-0.009736842105263157,0.5,0.48698575151354917,-0.01301424848645083,-1.301424848645083,0.0875,0.17268041237113402,harm
0.75,0.5,9.8,0.125,0.0,0.1,0.10000000000000002,-0.010000000000000002,0.5,0.48650980509319597,-0.013490194906804032,-1.3490194906804032,0.0875,0.17346938775510207,harm
0.75,0.5,9.9,0.125,0.0,0.1,0.10263157894736843,-0.010263157894736844,0.5,0.4860273737681328,-0.01397262623186718,-1.397262623186718,0.0875,0.17424242424242425,harm
0.75,0.5,10.0,0.125,0.0,0.1,0.10526315789473684,-0.010526315789473684,0.5,0.48553846397915923,-0.01446153602084077,-1.446153602084077,0.0875,0.175,harm
0.75,0.5,10.100000000000001,0.125,0.0,0.1,0.10789473684210531,-0.010789473684210531,0.5,0.4850430824751089,-0.014956917524891089,-1.495691752489109,0.0875,0.17574257425742576,harm
0.75,0.5,10.2,0.125,0.0,0.1,0.11052631578947367,-0.011052631578947368,0.5,0.484541236321837,-0.015458763678163012,-1.5458763678163012,0.0875,0.1764705882352941,harm
0.75,0.5,10.3,0.125,0.0,0.1,0.11315789473684212,-0.011315789473684213,0.5,0.4840329329113023,-0.015967067088697717,-1.5967067088697717,0.0875,0.17718446601941748,harm
0.75,0.5,10.4,0.125,0.0,0.1,0.11578947368421054,-0.011578947368421055,0.5,0.4835181799707432,-0.0164818200292568,-1.64818200292568,0.0875,0.1778846153846154,harm
0.75,0.5,10.5,0.125,0.0,0.1,0.11842105263157894,-0.011842105263157895,0.5,0.48299698557194315,-0.01700301442805685,-1.700301442805685,0.0875,0.17857142857142858,harm
0.75,0.5,10.600000000000001,0.125,0.0,0.1,0.12105263157894741,-0.012105263157894742,0.5,0.4824693581405841,-0.017530641859415885,-1.7530641859415885,0.0875,0.17924528301886794,harm
0.75,0.5,10.7,0.125,0.0,0.1,0.12368421052631577,-0.012368421052631577,0.5,0.4819353064656846,-0.01806469353431539,-1.806469353431539,0.0875,0.17990654205607476,harm
0.75,0.5,10.8,0.125,0.0,0.1,0.12631578947368424,-0.012631578947368424,0.5,0.48139483970911945,-0.01860516029088055,-1.8605160290880551,0.0875,0.18055555555555558,harm
0.75,0.5,10.9,0.125,0.0,0.1,0.12894736842105264,-0.012894736842105264,0.5,0.4808479674152184,-0.019152032584781598,-1.9152032584781598,0.0875,0.1811926605504587,harm
0.75,0.5,11.0,0.125,0.0,0.1,0.13157894736842105,-0.013157894736842105,0.5,0.4802946995204398,-0.019705300479560206,-1.9705300479560206,0.0875,0.18181818181818182,harm
0.75,0.5,11.100000000000001,0.125,0.0,0.1,0.1342105263157895,-0.013421052631578952,0.5,0.47973504636311703,-0.020264953636882965,-2.0264953636882965,0.0875,0.18243243243243246,harm
0.75,0.5,11.2,0.125,0.0,0.1,0.13684210526315788,-0.013684210526315788,0.5,0.47916901869327333,-0.02083098130672667,-2.083098130672667,0.0875,0.1830357142857143,harm
0.75,0.5,11.3,0.125,0.0,0.1,0.13947368421052633,-0.013947368421052634,0.5,0.478596627682502,-0.021403372317498004,-2.1403372317498004,0.0875,0.1836283185840708,harm
0.75,0.5,11.4,0.125,0.0,0.1,0.14210526315789473,-0.014210526315789474,0.5,0.47801788493390746,-0.021982115066092545,-2.1982115066092547,0.0875,0.1842105263157895,harm
0.75,0.5,11.5,0.125,0.0,0.1,0.14473684210526316,-0.014473684210526317,0.5,0.47743280249210507,-0.02256719750789493,-2.256719750789493,0.0875,0.18478260869565216,harm
0.75,0.5,11.600000000000001,0.125,0.0,0.1,0.14736842105263162,-0.014736842105263163,0.5,0.4768413928532739,-0.023158607146726073,-2.315860714672607,0.0875,0.1853448275862069,harm
0.75,0.5,11.7,0.125,0.0,0.1,0.15,-0.015,0.5,0.47624366897525927,-0.02375633102474073,-2.375633102474073,0.0875,0.1858974358974359,harm
0.75,0.5,11.8,0.125,0.0,0.1,0.15263157894736845,-0.015263157894736847,0.5,0.47563964428772054,-0.024360355712279458,-2.436035571227946,0.0875,0.1864406779661017,harm
0.75,0.5,11.9,0.125,0.0,0.1,0.15526315789473685,-0.015526315789473687,0.5,0.47502933270232117,-0.024970667297678828,-2.497066729767883,0.0875,0.1869747899159664,harm
0.75,0.5,12.0,0.125,0.0,0.1,0.15789473684210525,-0.015789473684210527,0.5,0.4744127486229536,-0.025587251377046427,-2.5587251377046427,0.0875,0.1875,harm
0.75,0.5,12.100000000000001,0.125,0.0,0.1,0.1605263157894737,-0.01605263157894737,0.5,0.4737899069559973,-0.02621009304400268,-2.621009304400268,0.0875,0.18801652892561985,harm
0.75,0.5,12.2,0.125,0.0,0.1,0.16315789473684209,-0.01631578947368421,0.5,0.47316082312060426,-0.026839176879395743,-2.6839176879395743,0.0875,0.1885245901639344,harm
0.75,0.5,12.3,0.125,0.0,0.1,0.16578947368421054,-0.016578947368421054,0.5,0.4725255130590055,-0.027474486940994525,-2.7474486940994525,0.0875,0.18902439024390244,harm
0.75,0.5,12.4,0.125,0.0,0.1,0.16842105263157894,-0.016842105263157894,0.5,0.47188399324683644,-0.028116006753163558,-2.811600675316356,0.0875,0.18951612903225806,harm
0.75,0.5,12.5,0.125,0.0,0.1,0.17105263157894737,-0.017105263157894738,0.5,0.47123628070347334,-0.028763719296526657,-2.8763719296526657,0.0875,0.19,harm
0.75,0.5,12.600000000000001,0.125,0.0,0.1,0.17368421052631583,-0.017368421052631585,0.5,0.47058239300237686,-0.029417606997623136,-2.9417606997623134,0.0875,0.19047619047619047,harm
0.75,0.5,12.7,0.125,0.0,0.1,0.1763157894736842,-0.017631578947368422,0.5,0.46992234828143686,-0.030077651718563136,-3.0077651718563136,0.0875,0.19094488188976377,harm
0.75,0.5,12.8,0.125,0.0,0.1,0.17894736842105266,-0.017894736842105265,0.5,0.46925616525331304,-0.03074383474668696,-3.074383474668696,0.0875,0.19140625,harm
0.75,0.5,12.9,0.125,0.0,0.1,0.18157894736842106,-0.018157894736842106,0.5,0.4685838632157654,-0.031416136784234605,-3.1416136784234605,0.0875,0.19186046511627908,harm
0.75,0.5,13.0,0.125,0.0,0.1,0.18421052631578946,-0.018421052631578946,0.5,0.46790546206196837,-0.03209453793803163,-3.209453793803163,0.0875,0.1923076923076923,harm
0.75,0.5,13.100000000000001,0.125,0.0,0.1,0.18684210526315792,-0.018684210526315793,0.5,0.46722098229080394,-0.03277901770919606,-3.2779017709196054,0.0875,0.19274809160305345,harm
0.75,0.5,13.2,0.125,0.0,0.1,0.1894736842105263,-0.01894736842105263,0.5,0.46653044501712515,-0.03346955498287485,-3.346955498287485,0.0875,0.19318181818181818,harm
0.75,0.5,13.3,0.125,0.0,0.1,0.19210526315789475,-0.019210526315789477,0.5,0.465833871981986,-0.034166128018014,-3.4166128018013997,0.0875,0.19360902255639098,harm
0.75,0.5,13.4,0.125,0.0,0.1,0.19473684210526318,-0.01947368421052632,0.5,0.4651312855628302,-0.03486871443716982,-3.486871443716982,0.0875,0.19402985074626866,harm
0.75,0.5,13.5,0.125,0.0,0.1,0.19736842105263158,-0.01973684210526316,0.5,0.46442270878363173,-0.03557729121636827,-3.557729121636827,0.0875,0.19444444444444445,harm
0.75,0.5,13.600000000000001,0.125,0.0,0.1,0.20000000000000004,-0.020000000000000004,0.5,0.4637081653249814,-0.03629183467501862,-3.629183467501862,0.0875,0.1948529411764706,harm
0.75,0.5,13.7,0.125,0.0,0.1,0.2026315789473684,-0.020263157894736844,0.5,0.462987679534112,-0.03701232046588798,-3.7012320465887982,0.0875,0.19525547445255476,harm
0.75,0.5,13.8,0.125,0.0,0.1,0.20526315789473687,-0.020526315789473688,0.5,0.4622612764348545,-0.037738723565145516,-3.7738723565145516,0.0875,0.1956521739130435,harm
0.75,0.5,13.9,0.125,0.0,0.1,0.20789473684210527,-0.020789473684210528,0.5,0.4615289817375192,-0.03847101826248078,-3.8471018262480783,0.0875,0.1960431654676259,harm
0.75,0.5,14.0,0.125,0.0,0.1,0.21052631578947367,-0.021052631578947368,0.5,0.460790821848694,-0.03920917815130598,-3.920917815130598,0.0875,0.19642857142857142,harm
0.75,0.5,6.0,0.1275,0.0,0.1,-0.0031612223393045337,0.0003161222339304534,0.5,0.50027660688328,0.00027660688328001726,0.027660688328001726,0.08925000000000001,0.125,improvement
0.75,0.5,6.1,0.1275,0.0,0.1,-0.0005795574288725037,5.795574288725037e-05,0.5,0.5000514357213501,5.1435721350134855e-05,0.0051435721350134855,0.08925000000000001,0.12704918032786883,improvement
0.75,0.5,6.2,0.1275,0.0,0.1,0.0020021074815595266,-0.00020021074815595267,0.5,0.4998198103466667,-0.00018018965333327364,-0.018018965333327364,0.08925000000000001,0.12903225806451613,harm
0.75,0.5,6.3,0.1275,0.0,0.1,0.004583772391991556,-0.00045837723919915565,0.5,0.49958173102108694,-0.00041826897891306114,-0.041826897891306114,0.08925000000000001,0.13095238095238093,harm
0.75,0.5,6.4,0.1275,0.0,0.1,0.00716543730242361,-0.000716543730242361,0.5,0.4993371980579644,-0.0006628019420356068,-0.06628019420356068,0.08925000000000001,0.1328125,harm
0.75,0.5,6.5,0.1275,0.0,0.1,0.00974710221285564,-0.000974710221285564,0.5,0.4990862118262623,-0.0009137881737377174,-0.09137881737377174,0.08925000000000001,0.1346153846153846,harm
0.75,0.5,6.6,0.1275,0.0,0.1,0.012328767123287671,-0.001232876712328767,0.5,0.4988287727547949,-0.0011712272452050754,-0.11712272452050754,0.08925000000000001,0.13636363636363635,harm
0.75,0.5,6.7,0.1275,0.0,0.1,0.0149104320337197,-0.0014910432033719701,0.5,0.4985648813365961,-0.0014351186634039004,-0.14351186634039004,0.08925000000000001,0.13805970149253732,harm
0.75,0.5,6.8,0.1275,0.0,0.1,0.01749209694415173,-0.0017492096944151732,0.5,0.49829453813341673,-0.0017054618665832688,-0.17054618665832688,0.08925000000000001,0.13970588235294118,harm
0.75,0.5,6.9,0.1275,0.0,0.1,0.020073761854583785,-0.0020073761854583786,0.5,0.49801774378034896,-0.001982256219651035,-0.19822562196510352,0.08925000000000001,0.14130434782608697,harm
0.75,0.5,7.0,0.1275,0.0,0.1,0.02265542676501579,-0.002265542676501579,0.5,0.49773449899057787,-0.002265501009422133,-0.22655010094221328,0.08925000000000001,0.14285714285714285,harm
0.75,0.5,7.1,0.1275,0.0,0.1,0.025237091675447822,-0.0025237091675447826,0.5,0.4974448045602604,-0.002555195439739588,-0.2555195439739588,0.08925000000000001,0.14436619718309857,harm
0.75,0.5,7.2,0.1275,0.0,0.1,0.027818756585879876,-0.0027818756585879876,0.5,0.4971486613735311,-0.0028513386264689133,-0.28513386264689133,0.08925000000000001,0.14583333333333334,harm
0.75,0.5,7.3,0.1275,0.0,0.1,0.030400421496311905,-0.003040042149631191,0.5,0.4968460704076333,-0.003153929592366711,-0.3153929592366711,0.08925000000000001,0.14726027397260272,harm
0.75,0.5,7.4,0.1275,0.0,0.1,0.03298208640674394,-0.003298208640674394,0.5,0.49653703273817734,-0.003462967261822658,-0.3462967261822658,0.08925000000000001,0.14864864864864866,harm
0.75,0.5,7.5,0.1275,0.0,0.1,0.035563751317175964,-0.0035563751317175965,0.5,0.4962215495445245,-0.0037784504554754794,-0.37784504554754794,0.08925000000000001,0.15,harm
0.75,0.5,7.6,0.1275,0.0,0.1,0.038145416227607996,-0.0038145416227608,0.5,0.49589962211529487,-0.004100377884705131,-0.4100377884705131,0.08925000000000001,0.1513157894736842,harm
0.75,0.5,7.7,0.1275,0.0,0.1,0.04072708113804005,-0.004072708113804005,0.5,0.49557125185400097,-0.0044287481459990286,-0.44287481459990286,0.08925000000000001,0.1525974025974026,harm
0.75,0.5,7.8,0.1275,0.0,0.1,0.043308746048472076,-0.004330874604847208,0.5,0.49523644028480546,-0.004763559715194543,-0.4763559715194543,0.08925000000000001,0.15384615384615385,harm
0.75,0.5,7.9,0.1275,0.0,0.1,0.04589041095890411,-0.004589041095890411,0.5,0.494895189058402,-0.005104810941597981,-0.5104810941597981,0.08925000000000001,0.1550632911392405,harm
0.75,0.5,8.0,0.1275,0.0,0.1,0.04847207586933614,-0.004847207586933615,0.5,0.4945474999580198,-0.005452500041980224,-0.5452500041980224,0.08925000000000001,0.15625,harm
0.75,0.5,8.1,0.1275,0.0,0.1,0.05105374077976817,-0.005105374077976817,0.5,0.49419337490554954,-0.005806625094450457,-0.5806625094450457,0.08925000000000001,0.15740740740740738,harm
0.75,0.5,8.2,0.1275,0.0,0.1,0.0536354056902002,-0.00536354056902002,0.5,0.4938328159677925,-0.006167184032207507,-0.6167184032207507,0.08925000000000001,0.15853658536585363,harm
0.75,0.5,8.3,0.1275,0.0,0.1,0.05621707060063225,-0.005621707060063225,0.5,0.49346582536282924,-0.006534174637170764,-0.6534174637170764,0.08925000000000001,0.15963855421686748,harm
0.75,0.5,8.4,0.1275,0.0,0.1,0.05879873551106426,-0.005879873551106426,0.5,0.49309240546650945,-0.006907594533490546,-0.6907594533490546,0.08925000000000001,0.1607142857142857,harm
0.75,0.5,8.5,0.1275,0.0,0.1,0.06138040042149631,-0.006138040042149632,0.5,0.49271255881906073,-0.007287441180939269,-0.7287441180939269,0.08925000000000001,0.16176470588235292,harm
0.75,0.5,8.6,0.1275,0.0,0.1,0.06396206533192832,-0.006396206533192832,0.5,0.49232628813181595,-0.007673711868184052,-0.7673711868184052,0.08925000000000001,0.16279069767441862,harm
0.75,0.5,8.7,0.1275,0.0,0.1,0.06654373024236038,-0.006654373024236038,0.5,0.4919335962940583,-0.008066403705941694,-0.8066403705941694,0.08925000000000001,0.16379310344827586,harm
0.75,0.5,8.8,0.1275,0.0,0.1,0.06912539515279242,-0.0069125395152792425,0.5,0.4915344863799827,-0.008465513620017295,-0.8465513620017295,0.08925000000000001,0.1647727272727273,harm
0.75,0.5,8.9,0.1275,0.0,0.1,0.07170706006322443,-0.007170706006322443,0.5,0.49112896165577286,-0.008871038344227145,-0.8871038344227145,0.08925000000000001,0.1657303370786517,harm
0.75,0.5,9.0,0.1275,0.0,0.1,0.07428872497365649,-0.007428872497365649,0.5,0.49071702558679253,-0.009282974413207468,-0.9282974413207468,0.08925000000000001,0.16666666666666669,harm
0.75,0.5,9.1,0.1275,0.0,0.1,0.0768703898840885,-0.00768703898840885,0.5,0.4902986818448902,-0.009701318155109773,-0.9701318155109773,0.08925000000000001,0.1675824175824176,harm
0.75,0.5,9.2,0.1275,0.0,0.1,0.07945205479452054,-0.007945205479452055,0.5,0.4898739343158155,-0.010126065684184504,-1.0126065684184504,0.08925000000000001,0.16847826086956522,harm
0.75,0.5,9.3,0.1275,0.0,0.1,0.0820337197049526,-0.00820337197049526,0.5,0.48944278710674627,-0.010557212893253731,-1.0557212893253731,0.08925000000000001,0.16935483870967744,harm
0.75,0.5,9.4,0.1275,0.0,0.1,0.0846153846153846,-0.008461538461538461,0.5,0.489005244553925,-0.010994755446074977,-1.0994755446074977,0.08925000000000001,0.17021276595744683,harm
0.75,0.5,9.5,0.1275,0.0,0.1,0.08719704952581667,-0.008719704952581666,0.5,0.4885613112304027,-0.011438688769597305,-1.1438688769597305,0.08925000000000001,0.17105263157894737,harm
0.75,0.5,9.6,0.1275,0.0,0.1,0.08977871443624867,-0.008977871443624868,0.5,0.4881109919538894,-0.011889008046110594,-1.1889008046110594,0.08925000000000001,0.171875,harm
0.75,0.5,9.7,0.1275,0.0,0.1,0.09236037934668068,-0.009236037934668068,0.5,0.4876542917947087,-0.012345708205291295,-1.2345708205291295,0.08925000000000001,0.17268041237113402,harm
0.75,0.5,9.8,0.1275,0.0,0.1,0.09494204425711278,-0.009494204425711278,0.5,0.48719121608385585,-0.01280878391614415,-1.280878391614415,0.08925000000000001,0.17346938775510207,harm
0.75,0.5,9.9,0.1275,0.0,0.1,0.09752370916754478,-0.00975237091675448,0.5,0.4867217704211566,-0.013278229578843392,-1.3278229578843392,0.08925000000000001,0.17424242424242425,harm
0.75,0.5,10.0,0.1275,0.0,0.1,0.10010537407797683,-0.010010537407797684,0.5,0.48624596068352466,-0.013754039316475342,-1.3754039316475342,0.08925000000000001,0.175,harm
0.75,0.5,10.100000000000001,0.1275,0.0,0.1,0.10268703898840889,-0.01026870389884089,0.5,0.48576379303331796,-0.014236206966682041,-1.4236206966682041,0.08925000000000001,0.17574257425742576,harm
0.75,0.5,10.2,0.1275,0.0,0.1,0.10526870389884085,-0.010526870389884086,0.5,0.48527527392678876,-0.014724726073211236,-1.4724726073211236,0.08925000000000001,0.1764705882352941,harm
0.75,0.5,10.3,0.1275,0.0,0.1,0.10785036880927294,-0.010785036880927294,0.5,0.48478041012262735,-0.015219589877372652,-1.5219589877372652,0.08925000000000001,0.17718446601941748,harm
0.75,0.5,10.4,0.1275,0.0,0.1,0.11043203371970496,-0.011043203371970498,0.5,0.4842792086905968,-0.01572079130940318,-1.5720791309403181,0.08925000000000001,0.1778846153846154,harm
0.75,0.5,10.5,0.1275,0.0,0.1,0.11301369863013697,-0.011301369863013697,0.5,0.483771677020256,-0.016228322979744025,-1.6228322979744025,0.08925000000000001,0.17857142857142858,harm
0.75,0.5,10.600000000000001,0.1275,0.0,0.1,0.11559536354056907,-0.011559536354056908,0.5,0.4832578228297689,-0.016742177170231076,-1.6742177170231076,0.08925000000000001,0.17924528301886794,harm
0.75,0.5,10.7,0.1275,0.0,0.1,0.11817702845100102,-0.011817702845100102,0.5,0.4827376541747977,-0.017262345825202308,-1.7262345825202308,0.08925000000000001,0.17990654205607476,harm
0.75,0.5,10.8,0.1275,0.0,0.1,0.12075869336143308,-0.012075869336143309,0.5,0.48221117945747605,-0.017788820542523953,-1.7788820542523953,0.08925000000000001,0.18055555555555558,harm
0.75,0.5,10.9,0.1275,0.0,0.1,0.12334035827186512,-0.012334035827186514,0.5,0.48167840743546175,-0.018321592564538247,-1.8321592564538247,0.08925000000000001,0.1811926605504587,harm
0.75,0.5,11.0,0.1275,0.0,0.1,0.12592202318229714,-0.012592202318229715,0.5,0.48113934723106405,-0.018860652768935948,-1.8860652768935948,0.08925000000000001,0.18181818181818182,harm
0.75,0.5,11.100000000000001,0.1275,0.0,0.1,0.12850368809272925,-0.012850368809272926,0.5,0.4805940083404435,-0.019405991659556476,-1.9405991659556476,0.08925000000000001,0.18243243243243246,harm
0.75,0.5,11.2,0.1275,0.0,0.1,0.1310853530031612,-0.013108535300316122,0.5,0.4800424006428817,-0.019957599357118327,-1.9957599357118327,0.08925000000000001,0.1830357142857143,harm
0.75,0.5,11.3,0.1275,0.0,0.1,0.13366701791359326,-0.013366701791359327,0.5,0.47948453441011624,-0.020515465589883763,-2.0515465589883766,0.08925000000000001,0.1836283185840708,harm
0.75,0.5,11.4,0.1275,0.0,0.1,0.1362486828240253,-0.01362486828240253,0.5,0.47892042031574034,-0.021079579684259664,-2.1079579684259664,0.08925000000000001,0.1842105263157895,harm
0.75,0.5,11.5,0.1275,0.0,0.1,0.13883034773445732,-0.013883034773445734,0.5,0.47835006944465996,-0.021649930555340036,-2.1649930555340036,0.08925000000000001,0.18478260869565216,harm
0.75,0.5,11.600000000000001,0.1275,0.0,0.1,0.14141201264488937,-0.014141201264488937,0.5,0.47777349330260865,-0.022226506697391346,-2.2226506697391346,0.08925000000000001,0.1853448275862069,harm
0.75,0.5,11.7,0.1275,0.0,0.1,0.14399367755532136,-0.014399367755532137,0.5,0.4771907038257138,-0.022809296174286176,-2.2809296174286176,0.08925000000000001,0.1858974358974359,harm
0.75,0.5,11.8,0.1275,0.0,0.1,0.14657534246575343,-0.014657534246575343,0.5,0.47660171339011237,-0.02339828660988763,-2.339828660988763,0.08925000000000001,0.1864406779661017,harm
0.75,0.5,11.9,0.1275,0.0,0.1,0.14915700737618548,-0.014915700737618548,0.5,0.4760065348216103,-0.023993465178389684,-2.3993465178389686,0.08925000000000001,0.1869747899159664,harm
0.75,0.5,12.0,0.1275,0.0,0.1,0.15173867228661747,-0.015173867228661748,0.5,0.47540518140538357,-0.02459481859461643,-2.459481859461643,0.08925000000000001,0.1875,harm
0.75,0.5,12.100000000000001,0.1275,0.0,0.1,0.15432033719704955,-0.015432033719704955,0.5,0.4747976668957158,-0.025202333104284214,-2.5202333104284214,0.08925000000000001,0.18801652892561985,harm
0.75,0.5,12.2,0.1275,0.0,0.1,0.15690200210748154,-0.015690200210748153,0.5,0.47418400552576756,-0.02581599447423244,-2.581599447423244,0.08925000000000001,0.1885245901639344,harm
0.75,0.5,12.3,0.1275,0.0,0.1,0.1594836670179136,-0.015948366701791363,0.5,0.4735642120173745,-0.026435787982625525,-2.6435787982625527,0.08925000000000001,0.18902439024390244,harm
0.75,0.5,12.4,0.1275,0.0,0.1,0.1620653319283456,-0.01620653319283456,0.5,0.47293830159086825,-0.02706169840913175,-2.706169840913175,0.08925000000000001,0.18951612903225806,harm
0.75,0.5,12.5,0.1275,0.0,0.1,0.16464699683877765,-0.016464699683877766,0.5,0.47230628997491675,-0.02769371002508325,-2.769371002508325,0.08925000000000001,0.19,harm
0.75,0.5,12.600000000000001,0.1275,0.0,0.1,0.16722866174920972,-0.016722866174920973,0.5,0.4716681934163778,-0.02833180658362222,-2.833180658362222,0.08925000000000001,0.19047619047619047,harm
0.75,0.5,12.7,0.1275,0.0,0.1,0.1698103266596417,-0.016981032665964173,0.5,0.4710240286901627,-0.02897597130983731,-2.897597130983731,0.08925000000000001,0.19094488188976377,harm
0.75,0.5,12.8,0.1275,0.0,0.1,0.17239199157007376,-0.017239199157007376,0.5,0.47037381310910276,-0.029626186890897244,-2.9626186890897244,0.08925000000000001,0.19140625,harm
0.75,0.5,12.9,0.1275,0.0,0.1,0.17497365648050578,-0.01749736564805058,0.5,0.4697175645338163,-0.0302824354661837,-3.02824354661837,0.08925000000000001,0.19186046511627908,harm
0.75,0.5,13.0,0.1275,0.0,0.1,0.17755532139093783,-0.017755532139093783,0.5,0.46905530138256735,-0.030944698617432653,-3.0944698617432653,0.08925000000000001,0.1923076923076923,harm
0.75,0.5,13.100000000000001,0.1275,0.0,0.1,0.18013698630136987,-0.01801369863013699,0.5,0.46838704264111375,-0.03161295735888625,-3.161295735888625,0.08925000000000001,0.19274809160305345,harm
0.75,0.5,13.2,0.1275,0.0,0.1,0.1827186512118019,-0.01827186512118019,0.5,0.4677128078725379,-0.03228719212746212,-3.2287192127462117,0.08925000000000001,0.19318181818181818,harm
0.75,0.5,13.3,0.1275,0.0,0.1,0.18530031612223394,-0.018530031612223396,0.5,0.4670326172270526,-0.03296738277294742,-3.296738277294742,0.08925000000000001,0.19360902255639098,harm
0.75,0.5,13.4,0.1275,0.0,0.1,0.18788198103266596,-0.018788198103266596,0.5,0.46634649145178053,-0.03365350854821947,-3.365350854821947,0.08925000000000001,0.19402985074626866,harm
0.75,0.5,13.5,0.1275,0.0,0.1,0.190463645943098,-0.019046364594309802,0.5,0.4656544519004961,-0.03434554809950391,-3.4345548099503906,0.08925000000000001,0.19444444444444445,harm
0.75,0.5,13.600000000000001,0.1275,0.0,0.1,0.19304531085353005,-0.019304531085353006,0.5,0.4649565205433279,-0.03504347945667208,-3.5043479456672078,0.08925000000000001,0.1948529411764706,harm
0.75,0.5,13.7,0.1275,0.0,0.1,0.195626975763962,-0.019562697576396202,0.5,0.4642527199764128,-0.03574728002358718,-3.574728002358718,0.08925000000000001,0.19525547445255476,harm
0.75,0.5,13.8,0.1275,0.0,0.1,0.19820864067439412,-0.019820864067439412,0.5,0.46354307343149675,-0.036456926568503245,-3.6456926568503247,0.08925000000000001,0.1956521739130435,harm
0.75,0.5,13.9,0.1275,0.0,0.1,0.20079030558482613,-0.020079030558482616,0.5,0.4628276047854749,-0.03717239521452509,-3.717239521452509,0.08925000000000001,0.1960431654676259,harm
0.75,0.5,14.0,0.1275,0.0,0.1,0.20337197049525813,-0.020337197049525815,0.5,0.46210633856986505,-0.03789366143013495,-3.789366143013495,0.08925000000000001,0.19642857142857142,harm
0.75,0.5,6.0,0.13,0.0,0.1,-0.006329113924050638,0.0006329113924050638,0.5,0.5005537968952727,0.0005537968952726846,0.05537968952726846,0.091,0.125,improvement
0.75,0.5,6.1,0.13,0.0,0.1,-0.003797468354430383,0.00037974683544303835,0.5,0.5003370251864059,0.00033702518640588153,0.03370251864058815,0.091,0.12704918032786883,improvement
0.75,0.5,6.2,0.13,0.0,0.1,-0.0012658227848101277,0.00012658227848101277,0.5,0.5001139240455765,0.00011392404557653002,0.011392404557653002,0.091,0.12903225806451613,improvement
0.75,0.5,6.3,0.13,0.0,0.1,0.0012658227848101277,-0.00012658227848101277,0.5,0.49988449367619003,-0.00011550632380996628,-0.011550632380996628,0.091,0.13095238095238093,harm
0.75,0.5,6.4,0.13,0.0,0.1,0.003797468354430383,-0.00037974683544303835,0.5,0.4996487343273234,-0.0003512656726766261,-0.03512656726766261,0.091,0.1328125,harm
0.75,0.5,6.5,0.13,0.0,0.1,0.006329113924050638,-0.0006329113924050638,0.5,0.49940664629752635,-0.0005933537024736535,-0.05933537024736535,0.091,0.1346153846153846,harm
0.75,0.5,6.6,0.13,0.0,0.1,0.00886075949367087,-0.0008860759493670872,0.5,0.4991582299387445,-0.0008417700612555201,-0.08417700612555201,0.091,0.13636363636363635,harm
0.75,0.5,6.7,0.13,0.0,0.1,0.011392405063291125,-0.0011392405063291127,0.5,0.49890348566036247,-0.0010965143396375332,-0.10965143396375332,0.091,0.13805970149253732,harm
0.75,0.5,6.8,0.13,0.0,0.1,0.01392405063291138,-0.0013924050632911382,0.5,0.4986424139333687,-0.0013575860666312778,-0.13575860666312778,0.091,0.13970588235294118,harm
0.75,0.5,6.9,0.13,0.0,0.1,0.016455696202531636,-0.0016455696202531637,0.5,0.4983750152946397,-0.0016249847053603217,-0.16249847053603217,0.091,0.14130434782608697,harm
0.75,0.5,7.0,0.13,0.0,0.1,0.018987341772151892,-0.0018987341772151894,0.5,0.4981012903513454,-0.001898709648654573,-0.1898709648654573,0.091,0.14285714285714285,harm
0.75,0.5,7.1,0.13,0.0,0.1,0.021518987341772145,-0.0021518987341772144,0.5,0.49782123978547455,-0.0021787602145254548,-0.21787602145254548,0.091,0.14436619718309857,harm
0.75,0.5,7.2,0.13,0.0,0.1,0.0240506329113924,-0.00240506329113924,0.5,0.4975348643584792,-0.002465135641520788,-0.2465135641520788,0.091,0.14583333333333334,harm
0.75,0.5,7.3,0.13,0.0,0.1,0.026582278481012658,-0.002658227848101266,0.5,0.4972421649160398,-0.002757835083960214,-0.2757835083960214,0.091,0.14726027397260272,harm
0.75,0.5,7.4,0.13,0.0,0.1,0.029113924050632914,-0.0029113924050632916,0.5,0.496943142392948,-0.003056857607051988,-0.3056857607051988,0.091,0.14864864864864866,harm
0.75,0.5,7.5,0.13,0.0,0.1,0.031645569620253146,-0.0031645569620253147,0.5,0.49663779781811035,-0.003362202181889651,-0.3362202181889651,0.091,0.15,harm
0.75,0.5,7.6,0.13,0.0,0.1,0.0341772151898734,-0.00341772151898734,0.5,0.4963261323196685,-0.0036738676803315107,-0.36738676803315107,0.091,0.1513157894736842,harm
0.75,0.5,7.7,0.13,0.0,0.1,0.03670886075949366,-0.003670886075949366,0.5,0.49600814713023855,-0.0039918528697614475,-0.39918528697614475,0.091,0.1525974025974026,harm
0.75,0.5,7.8,0.13,0.0,0.1,0.03924050632911391,-0.003924050632911391,0.5,0.49568384359226836,-0.004316156407731642,-0.43161564077316417,0.091,0.15384615384615385,harm
0.75,0.5,7.9,0.13,0.0,0.1,0.041772151898734164,-0.004177215189873416,0.5,0.4953532231635108,-0.004646776836489175,-0.4646776836489175,0.091,0.1550632911392405,harm
0.75,0.5,8.0,0.13,0.0,0.1,0.044303797468354424,-0.004430379746835442,0.5,0.49501628742261505,-0.004983712577384947,-0.49837125773849467,0.091,0.15625,harm
0.75,0.5,8.1,0.13,0.0,0.1,0.046835443037974676,-0.004683544303797468,0.5,0.494673038074833,-0.0053269619251670175,-0.5326961925167017,0.091,0.15740740740740738,harm
0.75,0.5,8.2,0.13,0.0,0.1,0.04936708860759491,-0.004936708860759491,0.5,0.4943234769578418,-0.00567652304215821,-0.567652304215821,0.091,0.15853658536585363,harm
0.75,0.5,8.3,0.13,0.0,0.1,0.05189873417721519,-0.005189873417721519,0.5,0.493967606047681,-0.006032393952319026,-0.6032393952319026,0.091,0.15963855421686748,harm
0.75,0.5,8.4,0.13,0.0,0.1,0.05443037974683544,-0.005443037974683544,0.5,0.4936054274648042,-0.006394572535195819,-0.6394572535195819,0.091,0.1607142857142857,harm
0.75,0.5,8.5,0.13,0.0,0.1,0.056962025316455694,-0.00569620253164557,0.5,0.4932369434802439,-0.0067630565197561165,-0.6763056519756117,0.091,0.16176470588235292,harm
0.75,0.5,8.6,0.13,0.0,0.1,0.059493670886075954,-0.005949367088607596,0.5,0.4928621565218892,-0.007137843478110806,-0.7137843478110806,0.091,0.16279069767441862,harm
0.75,0.5,8.7,0.13,0.0,0.1,0.06202531645569616,-0.006202531645569616,0.5,0.49248106918087575,-0.007518930819124248,-0.7518930819124248,0.091,0.16379310344827586,harm
0.75,0.5,8.8,0.13,0.0,0.1,0.06455696202531647,-0.006455696202531647,0.5,0.49209368421808625,-0.007906315781913753,-0.7906315781913753,0.091,0.1647727272727273,harm
0.75,0.5,8.9,0.13,0.0,0.1,0.06708860759493672,-0.0067088607594936725,0.5,0.49170000457076124,-0.00829999542923876,-0.829999542923876,0.091,0.1657303370786517,harm
0.75,0.5,9.0,0.13,0.0,0.1,0.06962025316455697,-0.006962025316455698,0.5,0.49130003335921935,-0.008699966640780654,-0.8699966640780654,0.091,0.16666666666666669,harm
0.75,0.5,9.1,0.13,0.0,0.1,0.07215189873417718,-0.007215189873417719,0.5,0.49089377389368555,-0.009106226106314452,-0.9106226106314452,0.091,0.1675824175824176,harm
0.75,0.5,9.2,0.13,0.0,0.1,0.07468354430379744,-0.007468354430379744,0.5,0.4904812296812261,-0.009518770318773906,-0.9518770318773906,0.091,0.16847826086956522,harm
0.75,0.5,9.3,0.13,0.0,0.1,0.07721518987341774,-0.0077215189873417744,0.5,0.4900624044327896,-0.009937595567210411,-0.9937595567210411,0.091,0.16935483870967744,harm
0.75,0.5,9.4,0.13,0.0,0.1,0.07974683544303794,-0.007974683544303795,0.5,0.48963730207035305,-0.010362697929646947,-1.0362697929646947,0.091,0.17021276595744683,harm
0.75,0.5,9.5,0.13,0.0,0.1,0.08227848101265821,-0.008227848101265822,0.5,0.4892059267341707,-0.010794073265829318,-1.0794073265829318,0.091,0.17105263157894737,harm
0.75,0.5,9.6,0.13,0.0,0.1,0.08481012658227846,-0.008481012658227847,0.5,0.4887682827901253,-0.011231717209874703,-1.1231717209874703,0.091,0.171875,harm
0.75,0.5,9.7,0.13,0.0,0.1,0.08734177215189871,-0.008734177215189872,0.5,0.4883243748371799,-0.011675625162820114,-1.1675625162820114,0.091,0.17268041237113402,harm
0.75,0.5,9.8,0.13,0.0,0.1,0.08987341772151897,-0.008987341772151897,0.5,0.4878742077149285,-0.01212579228507149,-1.212579228507149,0.091,0.17346938775510207,harm
0.75,0.5,9.9,0.13,0.0,0.1,0.09240506329113922,-0.009240506329113923,0.5,0.48741778651124473,-0.012582213488755267,-1.2582213488755267,0.091,0.17424242424242425,harm
0.75,0.5,10.0,0.13,0.0,0.1,0.09493670886075949,-0.00949367088607595,0.5,0.48695511657002594,-0.013044883429974063,-1.3044883429974063,0.091,0.175,harm
0.75,0.5,10.100000000000001,0.13,0.0,0.1,0.09746835443037978,-0.009746835443037978,0.5,0.48648620349903204,-0.013513796500967956,-1.3513796500967956,0.091,0.17574257425742576,harm
0.75,0.5,10.2,0.13,0.0,0.1,0.09999999999999999,-0.01,0.5,0.48601105317781595,-0.013988946822184045,-1.3988946822184045,0.091,0.1764705882352941,harm
0.75,0.5,10.3,0.13,0.0,0.1,0.10253164556962024,-0.010253164556962025,0.5,0.4855296717657454,-0.014470328234254592,-1.4470328234254592,0.091,0.17718446601941748,harm
0.75,0.5,10.4,0.13,0.0,0.1,0.1050632911392405,-0.01050632911392405,0.5,0.48504206571011277,-0.014957934289887231,-1.4957934289887231,0.091,0.1778846153846154,harm
0.75,0.5,10.5,0.13,0.0,0.1,0.10759493670886075,-0.010759493670886076,0.5,0.48454824175433137,-0.015451758245668634,-1.5451758245668634,0.091,0.17857142857142858,harm
0.75,0.5,10.600000000000001,0.13,0.0,0.1,0.11012658227848102,-0.011012658227848103,0.5,0.4840482069462165,-0.015951793053783525,-1.5951793053783525,0.091,0.17924528301886794,harm
0.75,0.5,10.7,0.13,0.0,0.1,0.11265822784810121,-0.011265822784810121,0.5,0.48354196864634835,-0.016458031353651648,-1.6458031353651648,0.091,0.17990654205607476,harm
0.75,0.5,10.8,0.13,0.0,0.1,0.11518987341772152,-0.011518987341772154,0.5,0.48302953453651465,-0.01697046546348535,-1.6970465463485351,0.091,0.18055555555555558,harm
0.75,0.5,10.9,0.13,0.0,0.1,0.11772151898734177,-0.011772151898734179,0.5,0.48251091262823087,-0.01748908737176913,-1.748908737176913,0.091,0.1811926605504587,harm
0.75,0.5,11.0,0.13,0.0,0.1,0.12025316455696199,-0.012025316455696199,0.5,0.4819861112713353,-0.018013888728664718,-1.8013888728664718,0.091,0.18181818181818182,harm
0.75,0.5,11.100000000000001,0.13,0.0,0.1,0.1227848101265823,-0.01227848101265823,0.5,0.48145513916265614,-0.018544860837343857,-1.8544860837343857,0.091,0.18243243243243246,harm
0.75,0.5,11.2,0.13,0.0,0.1,0.1253164556962025,-0.012531645569620251,0.5,0.4809180053547488,-0.019081994645251177,-1.9081994645251177,0.091,0.1830357142857143,harm
0.75,0.5,11.3,0.13,0.0,0.1,0.1278481012658228,-0.01278481012658228,0.5,0.4803747192646992,-0.019625280735300787,-1.9625280735300787,0.091,0.1836283185840708,harm
0.75,0.5,11.4,0.13,0.0,0.1,0.130379746835443,-0.013037974683544302,0.5,0.4798252906829913,-0.02017470931700871,-2.017470931700871,0.091,0.1842105263157895,harm
0.75,0.5,11.5,0.13,0.0,0.1,0.13291139240506325,-0.013291139240506325,0.5,0.4792697297824353,-0.020730270217564684,-2.0730270217564684,0.091,0.18478260869565216,harm
0.75,0.5,11.600000000000001,0.13,0.0,0.1,0.13544303797468357,-0.013544303797468358,0.5,0.47870804712715403,-0.021291952872845965,-2.1291952872845963,0.091,0.1853448275862069,harm
0.75,0.5,11.7,0.13,0.0,0.1,0.13797468354430378,-0.01379746835443038,0.5,0.4781402536816233,-0.021859746318376727,-2.1859746318376727,0.091,0.1858974358974359,harm
0.75,0.5,11.8,0.13,0.0,0.1,0.14050632911392402,-0.014050632911392403,0.5,0.47756636081976306,-0.02243363918023694,-2.243363918023694,0.091,0.1864406779661017,harm
0.75,0.5,11.9,0.13,0.0,0.1,0.1430379746835443,-0.01430379746835443,0.5,0.4769863803340775,-0.023013619665922525,-2.3013619665922525,0.091,0.1869747899159664,harm
0.75,0.5,12.0,0.13,0.0,0.1,0.14556962025316453,-0.014556962025316453,0.5,0.4764003244448374,-0.023599675555162625,-2.3599675555162625,0.091,0.1875,harm
0.75,0.5,12.100000000000001,0.13,0.0,0.1,0.14810126582278485,-0.014810126582278486,0.5,0.4758082058093051,-0.024191794190694893,-2.419179419069489,0.091,0.18801652892561985,harm
0.75,0.5,12.2,0.13,0.0,0.1,0.15063291139240506,-0.015063291139240507,0.5,0.4752100375309939,-0.02478996246900611,-2.478996246900611,0.091,0.1885245901639344,harm
0.75,0.5,12.3,0.13,0.0,0.1,0.1531645569620253,-0.015316455696202531,0.5,0.47460583316896177,-0.025394166831038234,-2.5394166831038234,0.091,0.18902439024390244,harm
0.75,0.5,12.4,0.13,0.0,0.1,0.15569620253164557,-0.015569620253164558,0.5,0.47399560674713276,-0.02600439325286724,-2.6004393252867244,0.091,0.18951612903225806,harm
0.75,0.5,12.5,0.13,0.0,0.1,0.1582278481012658,-0.01582278481012658,0.5,0.4733793727636437,-0.026620627236356276,-2.6620627236356276,0.091,0.19,harm
0.75,0.5,12.600000000000001,0.13,0.0,0.1,0.16075949367088607,-0.01607594936708861,0.5,0.47275714620021014,-0.027242853799789857,-2.7242853799789857,0.091,0.19047619047619047,harm
0.75,0.5,12.7,0.13,0.0,0.1,0.16329113924050628,-0.01632911392405063,0.5,0.4721289425315095,-0.0278710574684905,-2.78710574684905,0.091,0.19094488188976377,harm
0.75,0.5,12.8,0.13,0.0,0.1,0.16582278481012658,-0.01658227848101266,0.5,0.4714947777345738,-0.028505222265426178,-2.8505222265426178,0.091,0.19140625,harm
0.75,0.5,12.9,0.13,0.0,0.1,0.16835443037974684,-0.016835443037974684,0.5,0.4708546682981909,-0.029145331701809107,-2.9145331701809107,0.091,0.19186046511627908,harm
0.75,0.5,13.0,0.13,0.0,0.1,0.17088607594936708,-0.01708860759493671,0.5,0.47020863123230594,-0.02979136876769406,-2.979136876769406,0.091,0.1923076923076923,harm
0.75,0.5,13.100000000000001,0.13,0.0,0.1,0.17341772151898735,-0.017341772151898735,0.5,0.4695566840774211,-0.030443315922578873,-3.0443315922578873,0.091,0.19274809160305345,harm
0.75,0.5,13.2,0.13,0.0,0.1,0.17594936708860756,-0.017594936708860757,0.5,0.4688988449139871,-0.03110115508601291,-3.1101155086012913,0.091,0.19318181818181818,harm
0.75,0.5,13.3,0.13,0.0,0.1,0.17848101265822786,-0.017848101265822786,0.5,0.4682351323717804,-0.03176486762821962,-3.1764867628219617,0.091,0.19360902255639098,harm
0.75,0.5,13.4,0.13,0.0,0.1,0.18101265822784807,-0.018101265822784807,0.5,0.46756556563926377,-0.03243443436073623,-3.243443436073623,0.091,0.19402985074626866,harm
0.75,0.5,13.5,0.13,0.0,0.1,0.18354430379746833,-0.018354430379746833,0.5,0.4668901644729219,-0.03310983552707808,-3.3109835527078078,0.091,0.19444444444444445,harm
0.75,0.5,13.600000000000001,0.13,0.0,0.1,0.18607594936708863,-0.018607594936708865,0.5,0.4662089492065682,-0.03379105079343181,-3.379105079343181,0.091,0.1948529411764706,harm
0.75,0.5,13.7,0.13,0.0,0.1,0.18860759493670884,-0.018860759493670887,0.5,0.46552194076061615,-0.03447805923938385,-3.447805923938385,0.091,0.19525547445255476,harm
0.75,0.5,13.8,0.13,0.0,0.1,0.19113924050632908,-0.01911392405063291,0.5,0.4648291606513104,-0.035170839348689587,-3.5170839348689587,0.091,0.1956521739130435,harm
0.75,0.5,13.9,0.13,0.0,0.1,0.19367088607594934,-0.019367088607594937,0.5,0.4641306309999116,-0.035869369000088414,-3.5869369000088414,0.091,0.1960431654676259,harm
0.75,0.5,14.0,0.13,0.0,0.1,0.1962025316455696,-0.019620253164556962,0.5,0.46342637454182734,-0.036573625458172665,-3.6573625458172665,0.091,0.19642857142857142,harm
0.75,0.5,6.0,0.1325,0.0,0.1,-0.009503695881731795,0.0009503695881731795,0.5,0.5008315714493703,0.0008315714493702941,0.08315714493702941,0.09275,0.125,improvement
0.75,0.5,6.1,0.1325,0.0,0.1,-0.007022175290390733,0.0007022175290390733,0.5,0.5006232172347007,0.0006232172347007126,0.062321723470071255,0.09275,0.12704918032786883,improvement
0.75,0.5,6.2,0.1325,0.0,0.1,-0.004540654699049647,0.00045406546990496474,0.5,0.5004086586895271,0.00040865868952710827,0.04086586895271083,0.09275,0.12903225806451613,improvement
0.75,0.5,6.3,0.1325,0.0,0.1,-0.0020591341077085615,0.00020591341077085616,0.5,0.5001878959644968,0.00018789596449675372,0.018789596449675372,0.09275,0.13095238095238093,improvement
0.75,0.5,6.4,0.1325,0.0,0.1,0.0004223864836325242,-4.223864836325242e-05,0.5,0.49996092925047053,-3.907074952946843e-05,-0.003907074952946843,0.09275,0.1328125,harm
0.75,0.5,6.5,0.1325,0.0,0.1,0.002903907074973586,-0.0002903907074973586,0.5,0.4997277587820277,-0.00027224121797231327,-0.027224121797231327,0.09275,0.1346153846153846,harm
0.75,0.5,6.6,0.1325,0.0,0.1,0.005385427666314672,-0.0005385427666314672,0.5,0.4994883848410845,-0.0005116151589155127,-0.05116151589155127,0.09275,0.13636363636363635,harm
0.75,0.5,6.7,0.1325,0.0,0.1,0.007866948257655756,-0.0007866948257655757,0.5,0.499242807760627,-0.0007571922393729835,-0.07571922393729835,0.09275,0.13805970149253732,harm
0.75,0.5,6.8,0.1325,0.0,0.1,0.010348468848996819,-0.0010348468848996818,0.5,0.498991027928558,-0.0010089720714420158,-0.10089720714420158,0.09275,0.13970588235294118,harm
0.75,0.5,6.9,0.1325,0.0,0.1,0.012829989440337905,-0.0012829989440337906,0.5,0.49873304579165734,-0.0012669542083426633,-0.12669542083426633,0.09275,0.14130434782608697,harm
0.75,0.5,7.0,0.1325,0.0,0.1,0.01531151003167899,-0.001531151003167899,0.5,0.49846886185965544,-0.0015311381403445568,-0.15311381403445568,0.09275,0.14285714285714285,harm
0.75,0.5,7.1,0.1325,0.0,0.1,0.017793030623020054,-0.0017793030623020054,0.5,0.4981984767094209,-0.0018015232905790879,-0.1801523290579088,0.09275,0.14436619718309857,harm
0.75,0.5,7.2,0.1325,0.0,0.1,0.020274551214361138,-0.002027455121436114,0.5,0.4979218909892609,-0.0020781090107391265,-0.20781090107391265,0.09275,0.14583333333333334,harm
0.75,0.5,7.3,0.1325,0.0,0.1,0.0227560718057022,-0.00227560718057022,0.5,0.49763910542333395,-0.0023608945766660505,-0.23608945766660505,0.09275,0.14726027397260272,harm
0.75,0.5,7.4,0.1325,0.0,0.1,0.025237592397043283,-0.0025237592397043284,0.5,0.49735012081617613,-0.0026498791838238667,-0.26498791838238667,0.09275,0.14864864864864866,harm
0.75,0.5,7.5,0.1325,0.0,0.1,0.02771911298838437,-0.0027719112988384372,0.5,0.49705493805733914,-0.002945061942660865,-0.2945061942660865,0.09275,0.15,harm
0.75,0.5,7.6,0.1325,0.0,0.1,0.030200633579725432,-0.0030200633579725434,0.5,0.49675355812613997,-0.0032464418738600287,-0.32464418738600287,0.09275,0.1513157894736842,harm
0.75,0.5,7.7,0.1325,0.0,0.1,0.03268215417106652,-0.0032682154171066523,0.5,0.4964459820965237,-0.003554017903476314,-0.3554017903476314,0.09275,0.1525974025974026,harm
0.75,0.5,7.8,0.1325,0.0,0.1,0.0351636747624076,-0.00351636747624076,0.5,0.49613221114203543,-0.0038677888579645714,-0.38677888579645714,0.09275,0.15384615384615385,harm
0.75,0.5,7.9,0.1325,0.0,0.1,0.03764519535374869,-0.003764519535374869,0.5,0.49581224654090517,-0.004187753459094834,-0.4187753459094834,0.09275,0.1550632911392405,harm
0.75,0.5,8.0,0.1325,0.0,0.1,0.04012671594508975,-0.004012671594508975,0.5,0.49548608968124175,-0.004513910318758252,-0.4513910318758252,0.09275,0.15625,harm
0.75,0.5,8.1,0.1325,0.0,0.1,0.04260823653643081,-0.004260823653643081,0.5,0.49515374206633733,-0.004846257933662668,-0.48462579336626677,0.09275,0.15740740740740738,harm
0.75,0.5,8.2,0.1325,0.0,0.1,0.0450897571277719,-0.00450897571277719,0.5,0.4948152053200817,-0.005184794679918281,-0.5184794679918281,0.09275,0.15853658536585363,harm
0.75,0.5,8.3,0.1325,0.0,0.1,0.04757127771911301,-0.004757127771911301,0.5,0.4944704811924845,-0.00552951880751551,-0.552951880751551,0.09275,0.15963855421686748,harm
0.75,0.5,8.4,0.1325,0.0,0.1,0.05005279831045407,-0.0050052798310454075,0.5,0.4941195715653067,-0.0058804284346932745,-0.5880428434693274,0.09275,0.1607142857142857,harm
0.75,0.5,8.5,0.1325,0.0,0.1,0.05253431890179513,-0.005253431890179513,0.5,0.49376247845779986,-0.006237521542200142,-0.6237521542200142,0.09275,0.16176470588235292,harm
0.75,0.5,8.6,0.1325,0.0,0.1,0.055015839493136216,-0.005501583949313622,0.5,0.49339920403255144,-0.006600795967448558,-0.6600795967448558,0.09275,0.16279069767441862,harm
0.75,0.5,8.7,0.1325,0.0,0.1,0.05749736008447728,-0.005749736008447728,0.5,0.49302975060143794,-0.006970249398562056,-0.6970249398562056,0.09275,0.16379310344827586,harm
0.75,0.5,8.8,0.1325,0.0,0.1,0.059978880675818386,-0.005997888067581839,0.5,0.49265412063168246,-0.007345879368317543,-0.7345879368317543,0.09275,0.1647727272727273,harm
0.75,0.5,8.9,0.1325,0.0,0.1,0.062460401267159446,-0.006246040126715945,0.5,0.49227231675201766,-0.007727683247982342,-0.7727683247982342,0.09275,0.1657303370786517,harm
0.75,0.5,9.0,0.1325,0.0,0.1,0.0649419218585005,-0.006494192185850051,0.5,0.4918843417589525,-0.008115658241047485,-0.8115658241047485,0.09275,0.16666666666666669,harm
0.75,0.5,9.1,0.1325,0.0,0.1,0.06742344244984157,-0.006742344244984157,0.5,0.49149019862314247,-0.008509801376857529,-0.8509801376857529,0.09275,0.1675824175824176,harm
0.75,0.5,9.2,0.1325,0.0,0.1,0.06990496304118268,-0.0069904963041182685,0.5,0.49108989049586105,-0.008910109504138952,-0.8910109504138952,0.09275,0.16847826086956522,harm
0.75,0.5,9.3,0.1325,0.0,0.1,0.07238648363252378,-0.007238648363252379,0.5,0.4906834207155736,-0.009316579284426418,-0.9316579284426418,0.09275,0.16935483870967744,harm
0.75,0.5,9.4,0.1325,0.0,0.1,0.07486800422386486,-0.007486800422386486,0.5,0.4902707928146096,-0.009729207185390387,-0.9729207185390387,0.09275,0.17021276595744683,harm
0.75,0.5,9.5,0.1325,0.0,0.1,0.07734952481520592,-0.007734952481520592,0.5,0.489852010525936,-0.010147989474063979,-1.0147989474063979,0.09275,0.17105263157894737,harm
0.75,0.5,9.6,0.1325,0.0,0.1,0.07983104540654698,-0.007983104540654698,0.5,0.48942707779002625,-0.010572922209973745,-1.0572922209973745,0.09275,0.171875,harm
0.75,0.5,9.7,0.1325,0.0,0.1,0.08231256599788804,-0.008231256599788805,0.5,0.4889959987618271,-0.011004001238172911,-1.1004001238172911,0.09275,0.17268041237113402,harm
0.75,0.5,9.8,0.1325,0.0,0.1,0.08479408658922914,-0.008479408658922915,0.5,0.4885587778178203,-0.011441222182179689,-1.144122218217969,0.09275,0.17346938775510207,harm
0.75,0.5,9.9,0.1325,0.0,0.1,0.08727560718057022,-0.008727560718057022,0.5,0.4881154195631783,-0.011884580436821723,-1.1884580436821723,0.09275,0.17424242424242425,harm
0.75,0.5,10.0,0.1325,0.0,0.1,0.08975712777191128,-0.008975712777191128,0.5,0.48766592883901183,-0.01233407116098817,-1.233407116098817,0.09275,0.175,harm
0.75,0.5,10.100000000000001,0.1325,0.0,0.1,0.09223864836325243,-0.009223864836325243,0.5,0.4872103107297092,-0.012789689270290783,-1.2789689270290783,0.09275,0.17574257425742576,harm
0.75,0.5,10.2,0.1325,0.0,0.1,0.09472016895459344,-0.009472016895459345,0.5,0.4867485705703646,-0.01325142942963542,-1.325142942963542,0.09275,0.1764705882352941,harm
0.75,0.5,10.3,0.1325,0.0,0.1,0.09720168954593456,-0.009720168954593456,0.5,0.4862807139542934,-0.013719286045706602,-1.3719286045706602,0.09275,0.17718446601941748,harm
0.75,0.5,10.4,0.1325,0.0,0.1,0.09968321013727562,-0.009968321013727563,0.5,0.48580674674063495,-0.014193253259365046,-1.4193253259365046,0.09275,0.1778846153846154,harm
0.75,0.5,10.5,0.1325,0.0,0.1,0.10216473072861668,-0.010216473072861668,0.5,0.4853266750620381,-0.014673324937961918,-1.4673324937961918,0.09275,0.17857142857142858,harm
0.75,0.5,10.600000000000001,0.1325,0.0,0.1,0.10464625131995778,-0.010464625131995779,0.5,0.4848405053324295,-0.015159494667570494,-1.5159494667570494,0.09275,0.17924528301886794,harm
0.75,0.5,10.7,0.1325,0.0,0.1,0.1071277719112988,-0.01071277719112988,0.5,0.4843482442548629,-0.015651755745137108,-1.5651755745137108,0.09275,0.17990654205607476,harm
0.75,0.5,10.8,0.1325,0.0,0.1,0.10960929250263991,-0.010960929250263991,0.5,0.4838498988294453,-0.01615010117055471,-1.615010117055471,0.09275,0.18055555555555558,harm
0.75,0.5,10.9,0.1325,0.0,0.1,0.11209081309398101,-0.011209081309398102,0.5,0.48334547636134084,-0.016654523638659158,-1.6654523638659158,0.09275,0.1811926605504587,harm
0.75,0.5,11.0,0.1325,0.0,0.1,0.11457233368532208,-0.011457233368532209,0.5,0.4828349844688475,-0.017165015531152517,-1.7165015531152517,0.09275,0.18181818181818182,harm
0.75,0.5,11.100000000000001,0.1325,0.0,0.1,0.11705385427666319,-0.01170538542766632,0.5,0.48231843109154593,-0.01768156890845407,-1.768156890845407,0.09275,0.18243243243243246,harm
0.75,0.5,11.2,0.1325,0.0,0.1,0.11953537486800421,-0.011953537486800421,0.5,0.48179582449851754,-0.018204175501482456,-1.8204175501482456,0.09275,0.1830357142857143,harm
0.75,0.5,11.3,0.1325,0.0,0.1,0.12201689545934531,-0.012201689545934532,0.5,0.48126717329662916,-0.018732826703370842,-1.8732826703370842,0.09275,0.1836283185840708,harm
0.75,0.5,11.4,0.1325,0.0,0.1,0.12449841605068637,-0.012449841605068637,0.5,0.480732486438882,-0.019267513561118,-1.9267513561118,0.09275,0.1842105263157895,harm
0.75,0.5,11.5,0.1325,0.0,0.1,0.12697993664202745,-0.012697993664202746,0.5,0.48019177323282247,-0.019808226767177528,-1.9808226767177528,0.09275,0.18478260869565216,harm
0.75,0.5,11.600000000000001,0.1325,0.0,0.1,0.12946145723336855,-0.012946145723336855,0.5,0.4796450433490109,-0.020354956650989076,-2.0354956650989076,0.09275,0.1853448275862069,harm
0.75,0.5,11.7,0.1325,0.0,0.1,0.1319429778247096,-0.01319429778247096,0.5,0.4790923068295475,-0.02090769317045249,-2.090769317045249,0.09275,0.1858974358974359,harm
0.75,0.5,11.8,0.1325,0.0,0.1,0.13442449841605073,-0.013442449841605073,0.5,0.47853357409664954,-0.02146642590335046,-2.146642590335046,0.09275,0.1864406779661017,harm
0.75,0.5,11.9,0.1325,0.0,0.1,0.13690601900739177,-0.013690601900739178,0.5,0.4779688559612802,-0.022031144038719808,-2.2031144038719805,0.09275,0.1869747899159664,harm
0.75,0.5,12.0,0.1325,0.0,0.1,0.13938753959873285,-0.013938753959873285,0.5,0.47739816363182286,-0.02260183636817714,-2.260183636817714,0.09275,0.1875,harm
0.75,0.5,12.100000000000001,0.1325,0.0,0.1,0.14186906019007395,-0.014186906019007395,0.5,0.47682150872279927,-0.02317849127720073,-2.317849127720073,0.09275,0.18801652892561985,harm
0.75,0.5,12.2,0.1325,0.0,0.1,0.14435058078141497,-0.014435058078141497,0.5,0.47623890326362806,-0.023761096736371945,-2.3761096736371945,0.09275,0.1885245901639344,harm
0.75,0.5,12.3,0.1325,0.0,0.1,0.14683210137275607,-0.014683210137275608,0.5,0.4756503597074187,-0.024349640292581298,-2.43496402925813,0.09275,0.18902439024390244,harm
0.75,0.5,12.4,0.1325,0.0,0.1,0.14931362196409714,-0.014931362196409715,0.5,0.47505589093980066,-0.024944109060199338,-2.494410906019934,0.09275,0.18951612903225806,harm
0.75,0.5,12.5,0.1325,0.0,0.1,0.15179514255543824,-0.015179514255543826,0.5,0.4744555102877791,-0.025544489712220897,-2.5544489712220897,0.09275,0.19,harm
0.75,0.5,12.600000000000001,0.1325,0.0,0.1,0.15427666314677935,-0.015427666314677936,0.5,0.47384923152861824,-0.026150768471381758,-2.615076847138176,0.09275,0.19047619047619047,harm
0.75,0.5,12.7,0.1325,0.0,0.1,0.15675818373812037,-0.015675818373812038,0.5,0.4732370688987452,-0.026762931101254828,-2.6762931101254828,0.09275,0.19094488188976377,harm
0.75,0.5,12.8,0.1325,0.0,0.1,0.15923970432946147,-0.015923970432946147,0.5,0.4726190371026717,-0.027380962897328276,-2.7380962897328276,0.09275,0.19140625,harm
0.75,0.5,12.9,0.1325,0.0,0.1,0.16172122492080254,-0.016172122492080256,0.5,0.47199515132192915,-0.02800484867807085,-2.800484867807085,0.09275,0.19186046511627908,harm
0.75,0.5,13.0,0.1325,0.0,0.1,0.1642027455121436,-0.01642027455121436,0.5,0.4713654272240124,-0.028634572775987577,-2.8634572775987577,0.09275,0.1923076923076923,harm
0.75,0.5,13.100000000000001,0.1325,0.0,0.1,0.16668426610348472,-0.016668426610348473,0.5,0.4707298809713295,-0.029270119028670494,-2.9270119028670494,0.09275,0.19274809160305345,harm
0.75,0.5,13.2,0.1325,0.0,0.1,0.16916578669482576,-0.01691657866948258,0.5,0.47008852923014977,-0.029911470769850235,-2.9911470769850235,0.09275,0.19318181818181818,harm
0.75,0.5,13.3,0.1325,0.0,0.1,0.1716473072861669,-0.01716473072861669,0.5,0.46944138917954964,-0.03055861082045036,-3.055861082045036,0.09275,0.19360902255639098,harm
0.75,0.5,13.4,0.1325,0.0,0.1,0.17412882787750794,-0.017412882787750796,0.5,0.4687884785203479,-0.031211521479652116,-3.1211521479652116,0.09275,0.19402985074626866,harm
0.75,0.5,13.5,0.1325,0.0,0.1,0.17661034846884902,-0.0176610348468849,0.5,0.46812981548402766,-0.031870184515972344,-3.1870184515972344,0.09275,0.19444444444444445,harm
0.75,0.5,13.600000000000001,0.1325,0.0,0.1,0.17909186906019012,-0.017909186906019014,0.5,0.4674654188416396,-0.03253458115836039,-3.2534581158360387,0.09275,0.1948529411764706,harm
0.75,0.5,13.7,0.1325,0.0,0.1,0.18157338965153114,-0.018157338965153116,0.5,0.4667953079126814,-0.03320469208731858,-3.3204692087318577,0.09275,0.19525547445255476,harm
0.75,0.5,13.8,0.1325,0.0,0.1,0.18405491024287224,-0.018405491024287225,0.5,0.4661195025739472,-0.033880497426052814,-3.3880497426052814,0.09275,0.1956521739130435,harm
0.75,0.5,13.9,0.1325,0.0,0.1,0.1865364308342133,-0.018653643083421333,0.5,0.46543802326834405,-0.03456197673165595,-3.4561976731655952,0.09275,0.1960431654676259,harm
0.75,0.5,14.0,0.1325,0.0,0.1,0.18901795142555441,-0.018901795142555442,0.5,0.46475089101366773,-0.03524910898633227,-3.5249108986332267,0.09275,0.19642857142857142,harm
0.75,0.5,6.0,0.135,0.0,0.1,-0.012684989429175486,0.0012684989429175486,0.5,0.5011099319612788,0.0011099319612788427,0.11099319612788427,0.0945,0.125,improvement
0.75,0.5,6.1,0.135,0.0,0.1,-0.01025369978858353,0.001025369978858353,0.5,0.5009100132960744,0.00091001329607443,0.091001329607443,0.0945,0.12704918032786883,improvement
0.75,0.5,6.2,0.135,0.0,0.1,-0.00782241014799155,0.000782241014799155,0.5,0.5007040157200375,0.0007040157200375319,0.07040157200375319,0.0945,0.12903225806451613,improvement
0.75,0.5,6.3,0.135,0.0,0.1,-0.005391120507399593,0.0005391120507399593,0.5,0.5004919393365488,0.0004919393365487856,0.04919393365487856,0.0945,0.13095238095238093,improvement
0.75,0.5,6.4,0.135,0.0,0.1,-0.002959830866807613,0.00029598308668076135,0.5,0.5002737842841037,0.00027378428410373967,0.027378428410373967,0.0945,0.1328125,improvement
0.75,0.5,6.5,0.135,0.0,0.1,-0.000528541226215657,5.28541226215657e-05,0.5,0.5000495507395337,4.9550739533721355e-05,0.0049550739533721355,0.0945,0.1346153846153846,improvement
0.75,0.5,6.6,0.135,0.0,0.1,0.0019027484143762994,-0.00019027484143762996,0.5,0.4998192389213363,-0.00018076107866371594,-0.018076107866371594,0.0945,0.13636363636363635,harm
0.75,0.5,6.7,0.135,0.0,0.1,0.004334038054968279,-0.00043340380549682794,0.5,0.4995828490931107,-0.00041715090688931866,-0.041715090688931866,0.0945,0.13805970149253732,harm
0.75,0.5,6.8,0.135,0.0,0.1,0.006765327695560236,-0.0006765327695560236,0.5,0.49934038156710253,-0.0006596184328974686,-0.06596184328974686,0.0945,0.13970588235294118,harm
0.75,0.5,6.9,0.135,0.0,0.1,0.009196617336152216,-0.0009196617336152216,0.5,0.4990918367078545,-0.0009081632921454919,-0.09081632921454919,0.0945,0.14130434782608697,harm
0.75,0.5,7.0,0.135,0.0,0.1,0.011627906976744172,-0.0011627906976744173,0.5,0.4988372149359642,-0.0011627850640357762,-0.11627850640357762,0.0945,0.14285714285714285,harm
0.75,0.5,7.1,0.135,0.0,0.1,0.014059196617336128,-0.0014059196617336128,0.5,0.4985765167319489,-0.0014234832680510845,-0.14234832680510845,0.0945,0.14436619718309857,harm
0.75,0.5,7.2,0.135,0.0,0.1,0.016490486257928108,-0.001649048625792811,0.5,0.49830974264021693,-0.001690257359783065,-0.1690257359783065,0.0945,0.14583333333333334,harm
0.75,0.5,7.3,0.135,0.0,0.1,0.018921775898520066,-0.0018921775898520067,0.5,0.49803689327314526,-0.0019631067268547353,-0.19631067268547353,0.0945,0.14726027397260272,harm
0.75,0.5,7.4,0.135,0.0,0.1,0.021353065539112044,-0.0021353065539112047,0.5,0.49775796931526384,-0.0022420306847361626,-0.22420306847361626,0.0945,0.14864864864864866,harm
0.75,0.5,7.5,0.135,0.0,0.1,0.023784355179704002,-0.0023784355179704004,0.5,0.497472971527545,-0.0025270284724550063,-0.25270284724550063,0.0945,0.15,harm
0.75,0.5,7.6,0.135,0.0,0.1,0.026215644820295956,-0.0026215644820295958,0.5,0.4971819007517995,-0.0028180992482004785,-0.28180992482004785,0.0945,0.1513157894736842,harm
0.75,0.5,7.7,0.135,0.0,0.1,0.028646934460887938,-0.002864693446088794,0.5,0.4968847579151775,-0.0031152420848225004,-0.31152420848225004,0.0945,0.1525974025974026,harm
0.75,0.5,7.8,0.135,0.0,0.1,0.031078224101479892,-0.0031078224101479895,0.5,0.49658154403477445,-0.003418455965225553,-0.3418455965225553,0.0945,0.15384615384615385,harm
0.75,0.5,7.9,0.135,0.0,0.1,0.033509513742071874,-0.0033509513742071874,0.5,0.49627226022234217,-0.0037277397776578347,-0.37277397776578347,0.0945,0.1550632911392405,harm
0.75,0.5,8.0,0.135,0.0,0.1,0.03594080338266383,-0.003594080338266383,0.5,0.49595690768910417,-0.004043092310895835,-0.4043092310895835,0.0945,0.15625,harm
0.75,0.5,8.1,0.135,0.0,0.1,0.03837209302325579,-0.003837209302325579,0.5,0.4956354877506746,-0.004364512249325381,-0.4364512249325381,0.0945,0.15740740740740738,harm
0.75,0.5,8.2,0.135,0.0,0.1,0.04080338266384774,-0.004080338266384774,0.5,0.49530800183208146,-0.004691998167918543,-0.4691998167918543,0.0945,0.15853658536585363,harm
0.75,0.5,8.3,0.135,0.0,0.1,0.043234672304439746,-0.004323467230443975,0.5,0.4949744514728922,-0.005025548527107793,-0.5025548527107793,0.0945,0.15963855421686748,harm
0.75,0.5,8.4,0.135,0.0,0.1,0.045665961945031704,-0.0045665961945031705,0.5,0.4946348383324424,-0.0053651616675576275,-0.5365161667557627,0.0945,0.1607142857142857,harm
0.75,0.5,8.5,0.135,0.0,0.1,0.04809725158562366,-0.004809725158562366,0.5,0.4942891641951661,-0.005710835804833891,-0.5710835804833891,0.0945,0.16176470588235292,harm
0.75,0.5,8.6,0.135,0.0,0.1,0.05052854122621561,-0.005052854122621561,0.5,0.4939374309760285,-0.006062569023971509,-0.6062569023971509,0.0945,0.16279069767441862,harm
0.75,0.5,8.7,0.135,0.0,0.1,0.0529598308668076,-0.00529598308668076,0.5,0.493579640726058,-0.006420359273942022,-0.6420359273942022,0.0945,0.16379310344827586,harm
0.75,0.5,8.8,0.135,0.0,0.1,0.055391120507399576,-0.005539112050739958,0.5,0.49321579563798035,-0.006784204362019652,-0.6784204362019652,0.0945,0.1647727272727273,harm
0.75,0.5,8.9,0.135,0.0,0.1,0.057822410147991506,-0.005782241014799151,0.5,0.4928458980519509,-0.0071541019480491075,-0.7154101948049107,0.0945,0.1657303370786517,harm
0.75,0.5,9.0,0.135,0.0,0.1,0.060253699788583484,-0.006025369978858349,0.5,0.4924699504613863,-0.007530049538613692,-0.7530049538613692,0.0945,0.16666666666666669,harm
0.75,0.5,9.1,0.135,0.0,0.1,0.06268498942917547,-0.006268498942917547,0.5,0.4920879555188945,-0.007912044481105496,-0.7912044481105496,0.0945,0.1675824175824176,harm
0.75,0.5,9.2,0.135,0.0,0.1,0.0651162790697674,-0.00651162790697674,0.5,0.49169991604230123,-0.008300083957698767,-0.8300083957698767,0.0945,0.16847826086956522,harm
0.75,0.5,9.3,0.135,0.0,0.1,0.06754756871035938,-0.0067547568710359385,0.5,0.49130583502077374,-0.00869416497922626,-0.869416497922626,0.0945,0.16935483870967744,harm
0.75,0.5,9.4,0.135,0.0,0.1,0.06997885835095136,-0.006997885835095136,0.5,0.49090571562103924,-0.00909428437896076,-0.909428437896076,0.0945,0.17021276595744683,harm
0.75,0.5,9.5,0.135,0.0,0.1,0.07241014799154329,-0.007241014799154329,0.5,0.4904995611936984,-0.009500438806301581,-0.9500438806301581,0.0945,0.17105263157894737,harm
0.75,0.5,9.6,0.135,0.0,0.1,0.07484143763213527,-0.0074841437632135275,0.5,0.49008737527963175,-0.009912624720368246,-0.9912624720368246,0.0945,0.171875,harm
0.75,0.5,9.7,0.135,0.0,0.1,0.07727272727272726,-0.007727272727272726,0.5,0.4896691616164992,-0.010330838383500796,-1.0330838383500796,0.0945,0.17268041237113402,harm
0.75,0.5,9.8,0.135,0.0,0.1,0.07970401691331923,-0.007970401691331922,0.5,0.48924492414533005,-0.010755075854669949,-1.0755075854669949,0.0945,0.17346938775510207,harm
0.75,0.5,9.9,0.135,0.0,0.1,0.08213530655391116,-0.008213530655391117,0.5,0.48881466701720344,-0.011185332982796559,-1.1185332982796559,0.0945,0.17424242424242425,harm
0.75,0.5,10.0,0.135,0.0,0.1,0.08456659619450314,-0.008456659619450314,0.5,0.48837839460001764,-0.01162160539998236,-1.162160539998236,0.0945,0.175,harm
0.75,0.5,10.100000000000001,0.135,0.0,0.1,0.08699788583509513,-0.008699788583509513,0.5,0.487936111485347,-0.01206388851465301,-1.206388851465301,0.0945,0.17574257425742576,harm
0.75,0.5,10.2,0.135,0.0,0.1,0.08942917547568706,-0.008942917547568706,0.5,0.4874878224953843,-0.012512177504615696,-1.2512177504615696,0.0945,0.1764705882352941,harm
0.75,0.5,10.3,0.135,0.0,0.1,0.09186046511627904,-0.009186046511627905,0.5,0.4870335326899688,-0.012966467310031204,-1.2966467310031204,0.0945,0.17718446601941748,harm
0.75,0.5,10.4,0.135,0.0,0.1,0.09429175475687102,-0.009429175475687102,0.5,0.48657324737369656,-0.01342675262630344,-1.342675262630344,0.0945,0.1778846153846154,harm
0.75,0.5,10.5,0.135,0.0,0.1,0.096723044397463,-0.009672304439746301,0.5,0.48610697210311316,-0.013893027896886845,-1.3893027896886845,0.0945,0.17857142857142858,harm
0.75,0.5,10.600000000000001,0.135,0.0,0.1,0.09915433403805497,-0.009915433403805497,0.5,0.4856347126939856,-0.014365287306014385,-1.4365287306014385,0.0945,0.17924528301886794,harm
0.75,0.5,10.7,0.135,0.0,0.1,0.10158562367864692,-0.010158562367864693,0.5,0.485156475228653,-0.014843524771346983,-1.4843524771346983,0.0945,0.17990654205607476,harm
0.75,0.5,10.8,0.135,0.0,0.1,0.10401691331923889,-0.010401691331923889,0.5,0.48467226606345365,-0.01532773393654635,-1.532773393654635,0.0945,0.18055555555555558,harm
0.75,0.5,10.9,0.135,0.0,0.1,0.10644820295983082,-0.010644820295983083,0.5,0.48418209183622646,-0.015817908163773542,-1.5817908163773542,0.0945,0.1811926605504587,harm
0.75,0.5,11.0,0.135,0.0,0.1,0.1088794926004228,-0.01088794926004228,0.5,0.48368595947388526,-0.016314040526114737,-1.6314040526114737,0.0945,0.18181818181818182,harm
0.75,0.5,11.100000000000001,0.135,0.0,0.1,0.11131078224101479,-0.01113107822410148,0.5,0.48318387620006376,-0.016816123799936245,-1.6816123799936245,0.0945,0.18243243243243246,harm
0.75,0.5,11.2,0.135,0.0,0.1,0.11374207188160672,-0.011374207188160672,0.5,0.4826758495428285,-0.017324150457171505,-1.7324150457171505,0.0945,0.1830357142857143,harm
0.75,0.5,11.3,0.135,0.0,0.1,0.11617336152219869,-0.01161733615221987,0.5,0.482161887342459,-0.017838112657540983,-1.7838112657540983,0.0945,0.1836283185840708,harm
0.75,0.5,11.4,0.135,0.0,0.1,0.11860465116279068,-0.011860465116279069,0.5,0.4816419977592916,-0.018358002240708382,-1.8358002240708382,0.0945,0.1842105263157895,harm
0.75,0.5,11.5,0.135,0.0,0.1,0.1210359408033826,-0.01210359408033826,0.5,0.4811161892816245,-0.018883810718375527,-1.8883810718375527,0.0945,0.18478260869565216,harm
0.75,0.5,11.600000000000001,0.135,0.0,0.1,0.12346723044397463,-0.012346723044397464,0.5,0.4805844707336828,-0.019415529266317177,-1.9415529266317177,0.0945,0.1853448275862069,harm
0.75,0.5,11.7,0.135,0.0,0.1,0.12589852008456656,-0.012589852008456658,0.5,0.48004685128364055,-0.019953148716359448,-1.9953148716359448,0.0945,0.1858974358974359,harm
0.75,0.5,11.8,0.135,0.0,0.1,0.12832980972515856,-0.012832980972515857,0.5,0.47950334045169557,-0.02049665954830443,-2.0496659548304432,0.0945,0.1864406779661017,harm
0.75,0.5,11.9,0.135,0.0,0.1,0.13076109936575048,-0.013076109936575049,0.5,0.47895394811819747,-0.02104605188180253,-2.104605188180253,0.0945,0.1869747899159664,harm
0.75,0.5,12.0,0.135,0.0,0.1,0.13319238900634245,-0.013319238900634245,0.5,0.4783986845318227,-0.021601315468177285,-2.1601315468177287,0.0945,0.1875,harm
0.75,0.5,12.100000000000001,0.135,0.0,0.1,0.13562367864693445,-0.013562367864693446,0.5,0.4778375603177968,-0.022162439682203217,-2.2162439682203217,0.0945,0.18801652892561985,harm
0.75,0.5,12.2,0.135,0.0,0.1,0.13805496828752636,-0.013805496828752636,0.5,0.47727058648615805,-0.022729413513841945,-2.2729413513841945,0.0945,0.1885245901639344,harm
0.75,0.5,12.3,0.135,0.0,0.1,0.14048625792811836,-0.014048625792811837,0.5,0.4766977744400622,-0.023302225559937773,-2.3302225559937773,0.0945,0.18902439024390244,harm
0.75,0.5,12.4,0.135,0.0,0.1,0.14291754756871033,-0.014291754756871035,0.5,0.4761191359841223,-0.02388086401587769,-2.3880864015877687,0.0945,0.18951612903225806,harm
0.75,0.5,12.5,0.135,0.0,0.1,0.1453488372093023,-0.01453488372093023,0.5,0.4755346833327827,-0.024465316667217296,-2.4465316667217296,0.0945,0.19,harm
0.75,0.5,12.600000000000001,0.135,0.0,0.1,0.1477801268498943,-0.014778012684989432,0.5,0.4749444291187226,-0.02505557088127741,-2.505557088127741,0.0945,0.19047619047619047,harm
0.75,0.5,12.7,0.135,0.0,0.1,0.15021141649048622,-0.015021141649048622,0.5,0.47434838640128596,-0.02565161359871404,-2.565161359871404,0.0945,0.19094488188976377,harm
0.75,0.5,12.8,0.135,0.0,0.1,0.1526427061310782,-0.01526427061310782,0.5,0.47374656867493414,-0.026253431325065857,-2.6253431325065857,0.0945,0.19140625,harm
0.75,0.5,12.9,0.135,0.0,0.1,0.15507399577167014,-0.015507399577167014,0.5,0.47313898987771774,-0.02686101012228226,-2.686101012228226,0.0945,0.19186046511627908,harm
0.75,0.5,13.0,0.135,0.0,0.1,0.1575052854122621,-0.015750528541226213,0.5,0.4725256643997633,-0.02747433560023671,-2.747433560023671,0.0945,0.1923076923076923,harm
0.75,0.5,13.100000000000001,0.135,0.0,0.1,0.1599365750528541,-0.015993657505285412,0.5,0.4719066070917725,-0.028093392908227488,-2.8093392908227486,0.0945,0.19274809160305345,harm
0.75,0.5,13.2,0.135,0.0,0.1,0.16236786469344602,-0.016236786469344604,0.5,0.47128183327352746,-0.028718166726472538,-2.871816672647254,0.0945,0.19318181818181818,harm
0.75,0.5,13.3,0.135,0.0,0.1,0.16479915433403802,-0.016479915433403804,0.5,0.47065135874240016,-0.02934864125759984,-2.934864125759984,0.0945,0.19360902255639098,harm
0.75,0.5,13.4,0.135,0.0,0.1,0.16723044397463,-0.016723044397463,0.5,0.4700151997818607,-0.029984800218139318,-2.998480021813932,0.0945,0.19402985074626866,harm
0.75,0.5,13.5,0.135,0.0,0.1,0.1696617336152219,-0.01696617336152219,0.5,0.4693733731699803,-0.03062662683001971,-3.062662683001971,0.0945,0.19444444444444445,harm
0.75,0.5,13.600000000000001,0.135,0.0,0.1,0.17209302325581394,-0.017209302325581394,0.5,0.4687258961879252,-0.031274103812074794,-3.127410381207479,0.0945,0.1948529411764706,harm
0.75,0.5,13.7,0.135,0.0,0.1,0.17452431289640588,-0.01745243128964059,0.5,0.46807278662843543,-0.03192721337156457,-3.1927213371564567,0.0945,0.19525547445255476,harm
0.75,0.5,13.8,0.135,0.0,0.1,0.17695560253699785,-0.017695560253699786,0.5,0.46741406280428544,-0.032585937195714565,-3.2585937195714565,0.0945,0.1956521739130435,harm
0.75,0.5,13.9,0.135,0.0,0.1,0.1793868921775898,-0.01793868921775898,0.5,0.4667497435567216,-0.03325025644327839,-3.325025644327839,0.0945,0.1960431654676259,harm
0.75,0.5,14.0,0.135,0.0,0.1,0.18181818181818177,-0.018181818181818177,0.5,0.46607984826387017,-0.03392015173612983,-3.3920151736129833,0.0945,0.19642857142857142,harm
0.75,0.5,6.0,0.1375,0.0,0.1,-0.01587301587301589,0.001587301587301589,0.5,0.5013888798490034,0.0013888798490033771,0.1388879849003377,0.09625000000000002,0.125,improvement
0.75,0.5,6.1,0.1375,0.0,0.1,-0.013492063492063512,0.0013492063492063513,0.5,0.5011974148023551,0.0011974148023551345,0.11974148023551345,0.09625000000000002,0.12704918032786883,improvement
0.75,0.5,6.2,0.1375,0.0,0.1,-0.011111111111111134,0.0011111111111111135,0.5,0.5009999965802631,0.0009999965802630628,0.09999965802630628,0.09625000000000002,0.12903225806451613,improvement
0.75,0.5,6.3,0.1375,0.0,0.1,-0.008730158730158756,0.0008730158730158757,0.5,0.5007966252441283,0.0007966252441282684,0.07966252441282684,0.09625000000000002,0.13095238095238093,improvement
0.75,0.5,6.4,0.1375,0.0,0.1,-0.006349206349206355,0.0006349206349206356,0.5,0.5005873008857173,0.0005873008857173456,0.05873008857173456,0.09625000000000002,0.1328125,improvement
0.75,0.5,6.5,0.1375,0.0,0.1,-0.003968253968253978,0.0003968253968253978,0.5,0.5003720236301143,0.0003720236301143487,0.03720236301143487,0.09625000000000002,0.1346153846153846,improvement
0.75,0.5,6.6,0.1375,0.0,0.1,-0.0015873015873016005,0.00015873015873016006,0.5,0.5001507936387752,0.00015079363877523733,0.015079363877523733,0.09625000000000002,0.13636363636363635,improvement
0.75,0.5,6.7,0.1375,0.0,0.1,0.0007936507936507768,-7.936507936507768e-05,0.5,0.4999236111126825,-7.638888731748006e-05,-0.007638888731748006,0.09625000000000002,0.13805970149253732,harm
0.75,0.5,6.8,0.1375,0.0,0.1,0.0031746031746031542,-0.00031746031746031545,0.5,0.49969047629560037,-0.00030952370439962795,-0.030952370439962795,0.09625000000000002,0.13970588235294118,harm
0.75,0.5,6.9,0.1375,0.0,0.1,0.005555555555555555,-0.0005555555555555556,0.5,0.49945138947743145,-0.0005486105225685489,-0.05486105225685489,0.09625000000000002,0.14130434782608697,harm
0.75,0.5,7.0,0.1375,0.0,0.1,0.007936507936507908,-0.0007936507936507908,0.5,0.49920635099767363,-0.0007936490023263687,-0.07936490023263687,0.09625000000000002,0.14285714285714285,harm
0.75,0.5,7.1,0.1375,0.0,0.1,0.010317460317460286,-0.0010317460317460286,0.5,0.4989553612489771,-0.0010446387510228972,-0.10446387510228972,0.09625000000000002,0.14436619718309857,harm
0.75,0.5,7.2,0.1375,0.0,0.1,0.012698412698412688,-0.001269841269841269,0.5,0.4986984206808028,-0.0013015793191972214,-0.13015793191972214,0.09625000000000002,0.14583333333333334,harm
0.75,0.5,7.3,0.1375,0.0,0.1,0.015079365079365064,-0.0015079365079365065,0.5,0.4984355298031796,-0.0015644701968203778,-0.15644701968203778,0.09625000000000002,0.14726027397260272,harm
0.75,0.5,7.4,0.1375,0.0,0.1,0.017460317460317443,-0.0017460317460317445,0.5,0.49816668919056295,-0.0018333108094370498,-0.18333108094370498,0.09625000000000002,0.14864864864864866,harm
0.75,0.5,7.5,0.1375,0.0,0.1,0.01984126984126982,-0.001984126984126982,0.5,0.497891899485792,-0.002108100514208011,-0.21081005142080111,0.09625000000000002,0.15,harm
0.75,0.5,7.6,0.1375,0.0,0.1,0.022222222222222195,-0.0022222222222222196,0.5,0.4976111614041471,-0.002388838595852927,-0.23888385958529268,0.09625000000000002,0.1513157894736842,harm
0.75,0.5,7.7,0.1375,0.0,0.1,0.0246031746031746,-0.00246031746031746,0.5,0.4973244757375066,-0.0026755242624934006,-0.26755242624934006,0.09625000000000002,0.1525974025974026,harm
0.75,0.5,7.8,0.1375,0.0,0.1,0.026984126984126975,-0.0026984126984126978,0.5,0.4970318433586024,-0.0029681566413976013,-0.2968156641397601,0.09625000000000002,0.15384615384615385,harm
0.75,0.5,7.9,0.1375,0.0,0.1,0.02936507936507935,-0.002936507936507935,0.5,0.49673326522537453,-0.0032667347746254682,-0.3266734774625468,0.09625000000000002,0.1550632911392405,harm
0.75,0.5,8.0,0.1375,0.0,0.1,0.03174603174603173,-0.0031746031746031733,0.5,0.4964287423854239,-0.0035712576145761066,-0.35712576145761066,0.09625000000000002,0.15625,harm
0.75,0.5,8.1,0.1375,0.0,0.1,0.03412698412698411,-0.003412698412698411,0.5,0.4961182759805639,-0.0038817240194360947,-0.38817240194360947,0.09625000000000002,0.15740740740740738,harm
0.75,0.5,8.2,0.1375,0.0,0.1,0.03650793650793648,-0.0036507936507936484,0.5,0.49580186725146846,-0.004198132748531536,-0.41981327485315356,0.09625000000000002,0.15853658536585363,harm
0.75,0.5,8.3,0.1375,0.0,0.1,0.03888888888888888,-0.0038888888888888883,0.5,0.4954795175424195,-0.004520482457580521,-0.45204824575805214,0.09625000000000002,0.15963855421686748,harm
0.75,0.5,8.4,0.1375,0.0,0.1,0.04126984126984126,-0.0041269841269841265,0.5,0.4951512283061489,-0.004848771693851117,-0.4848771693851117,0.09625000000000002,0.1607142857142857,harm
0.75,0.5,8.5,0.1375,0.0,0.1,0.04365079365079364,-0.004365079365079364,0.5,0.49481700110877924,-0.005182998891220758,-0.5182998891220758,0.09625000000000002,0.16176470588235292,harm
0.75,0.5,8.6,0.1375,0.0,0.1,0.046031746031746014,-0.004603174603174601,0.5,0.4944768376348591,-0.005523162365140888,-0.5523162365140888,0.09625000000000002,0.16279069767441862,harm
0.75,0.5,8.7,0.1375,0.0,0.1,0.04841269841269837,-0.004841269841269837,0.5,0.49413073969249455,-0.005869260307505453,-0.5869260307505453,0.09625000000000002,0.16379310344827586,harm
0.75,0.5,8.8,0.1375,0.0,0.1,0.050793650793650794,-0.005079365079365079,0.5,0.49377870921857525,-0.006221290781424749,-0.6221290781424749,0.09625000000000002,0.1647727272727273,harm
0.75,0.5,8.9,0.1375,0.0,0.1,0.05317460317460317,-0.005317460317460318,0.5,0.4934207482840953,-0.006579251715904677,-0.6579251715904677,0.09625000000000002,0.1657303370786517,harm
0.75,0.5,9.0,0.1375,0.0,0.1,0.05555555555555555,-0.005555555555555556,0.5,0.4930568590995674,-0.006943140900432576,-0.6943140900432576,0.09625000000000002,0.16666666666666669,harm
0.75,0.5,9.1,0.1375,0.0,0.1,0.057936507936507925,-0.005793650793650793,0.5,0.49268704402053065,-0.007312955979469349,-0.7312955979469349,0.09625000000000002,0.1675824175824176,harm
0.75,0.5,9.2,0.1375,0.0,0.1,0.060317460317460304,-0.0060317460317460304,0.5,0.49231130555314995,-0.007688694446850053,-0.7688694446850053,0.09625000000000002,0.16847826086956522,harm
0.75,0.5,9.3,0.1375,0.0,0.1,0.06269841269841268,-0.006269841269841269,0.5,0.491929646359908,-0.00807035364009201,-0.807035364009201,0.09625000000000002,0.16935483870967744,harm
0.75,0.5,9.4,0.1375,0.0,0.1,0.06507936507936506,-0.006507936507936506,0.5,0.49154206926538735,-0.008457930734612651,-0.8457930734612651,0.09625000000000002,0.17021276595744683,harm
0.75,0.5,9.5,0.1375,0.0,0.1,0.06746031746031744,-0.006746031746031745,0.5,0.49114857726214256,-0.00885142273785744,-0.885142273785744,0.09625000000000002,0.17105263157894737,harm
0.75,0.5,9.6,0.1375,0.0,0.1,0.06984126984126982,-0.0069841269841269815,0.5,0.49074917351666214,-0.00925082648333786,-0.925082648333786,0.09625000000000002,0.171875,harm
0.75,0.5,9.7,0.1375,0.0,0.1,0.07222222222222219,-0.007222222222222219,0.5,0.49034386137541786,-0.009656138624582145,-0.9656138624582145,0.09625000000000002,0.17268041237113402,harm
0.75,0.5,9.8,0.1375,0.0,0.1,0.07460317460317462,-0.007460317460317462,0.5,0.48993264437100176,-0.010067355628998242,-1.0067355628998242,0.09625000000000002,0.17346938775510207,harm
0.75,0.5,9.9,0.1375,0.0,0.1,0.07698412698412699,-0.007698412698412699,0.5,0.48951552622834904,-0.01048447377165096,-1.048447377165096,0.09625000000000002,0.17424242424242425,harm
0.75,0.5,10.0,0.1375,0.0,0.1,0.07936507936507937,-0.007936507936507938,0.5,0.48909251087104655,-0.010907489128953451,-1.0907489128953451,0.09625000000000002,0.175,harm
0.75,0.5,10.100000000000001,0.1375,0.0,0.1,0.08174603174603175,-0.008174603174603175,0.5,0.48866360242772444,-0.011336397572275558,-1.1336397572275558,0.09625000000000002,0.17574257425742576,harm
0.75,0.5,10.2,0.1375,0.0,0.1,0.08412698412698408,-0.008412698412698408,0.5,0.48822880523853174,-0.011771194761468262,-1.1771194761468262,0.09625000000000002,0.1764705882352941,harm
0.75,0.5,10.3,0.1375,0.0,0.1,0.0865079365079365,-0.00865079365079365,0.5,0.487788123861692,-0.012211876138307987,-1.2211876138307987,0.09625000000000002,0.17718446601941748,harm
0.75,0.5,10.4,0.1375,0.0,0.1,0.08888888888888888,-0.008888888888888889,0.5,0.4873415630801404,-0.012658436919859573,-1.2658436919859573,0.09625000000000002,0.1778846153846154,harm
0.75,0.5,10.5,0.1375,0.0,0.1,0.09126984126984126,-0.009126984126984128,0.5,0.48688912790823907,-0.013110872091760928,-1.3110872091760928,0.09625000000000002,0.17857142857142858,harm
0.75,0.5,10.600000000000001,0.1375,0.0,0.1,0.09365079365079368,-0.009365079365079368,0.5,0.48643082359856993,-0.013569176401430072,-1.3569176401430072,0.09625000000000002,0.17924528301886794,harm
0.75,0.5,10.7,0.1375,0.0,0.1,0.09603174603174601,-0.009603174603174601,0.5,0.48596665564880365,-0.014033344351196353,-1.4033344351196353,0.09625000000000002,0.17990654205607476,harm
0.75,0.5,10.8,0.1375,0.0,0.1,0.0984126984126984,-0.00984126984126984,0.5,0.4854966298086424,-0.014503370191357612,-1.4503370191357612,0.09625000000000002,0.18055555555555558,harm
0.75,0.5,10.9,0.1375,0.0,0.1,0.10079365079365077,-0.010079365079365077,0.5,0.485020752086836,-0.014979247913164018,-1.4979247913164018,0.09625000000000002,0.1811926605504587,harm
0.75,0.5,11.0,0.1375,0.0,0.1,0.10317460317460314,-0.010317460317460315,0.5,0.4845390287582687,-0.015460971241731292,-1.5460971241731292,0.09625000000000002,0.18181818181818182,harm
0.75,0.5,11.100000000000001,0.1375,0.0,0.1,0.10555555555555557,-0.010555555555555558,0.5,0.48405146637111524,-0.015948533628884765,-1.5948533628884765,0.09625000000000002,0.18243243243243246,harm
0.75,0.5,11.2,0.1375,0.0,0.1,0.1079365079365079,-0.010793650793650791,0.5,0.4835580717540644,-0.0164419282459356,-1.64419282459356,0.09625000000000002,0.1830357142857143,harm
0.75,0.5,11.3,0.1375,0.0,0.1,0.11031746031746033,-0.011031746031746033,0.5,0.48305885202360827,-0.016941147976391735,-1.6941147976391735,0.09625000000000002,0.1836283185840708,harm
0.75,0.5,11.4,0.1375,0.0,0.1,0.1126984126984127,-0.01126984126984127,0.5,0.48255381459139424,-0.017446185408605763,-1.7446185408605763,0.09625000000000002,0.1842105263157895,harm
0.75,0.5,11.5,0.1375,0.0,0.1,0.11507936507936507,-0.011507936507936509,0.5,0.4820429671716397,-0.01795703282836031,-1.7957032828360309,0.09625000000000002,0.18478260869565216,harm
0.75,0.5,11.600000000000001,0.1375,0.0,0.1,0.11746031746031746,-0.011746031746031747,0.5,0.48152631778860483,-0.01847368221139517,-1.847368221139517,0.09625000000000002,0.1853448275862069,harm
0.75,0.5,11.7,0.1375,0.0,0.1,0.11984126984126979,-0.011984126984126979,0.5,0.4810038747841233,-0.01899612521587668,-1.899612521587668,0.09625000000000002,0.1858974358974359,harm
0.75,0.5,11.8,0.1375,0.0,0.1,0.1222222222222222,-0.012222222222222221,0.5,0.4804756468251877,-0.019524353174812326,-1.9524353174812326,0.09625000000000002,0.1864406779661017,harm
0.75,0.5,11.9,0.1375,0.0,0.1,0.12460317460317459,-0.01246031746031746,0.5,0.4799416429115866,-0.020058357088413414,-2.0058357088413414,0.09625000000000002,0.1869747899159664,harm
0.75,0.5,12.0,0.1375,0.0,0.1,0.12698412698412698,-0.012698412698412698,0.5,0.47940187238359283,-0.02059812761640717,-2.0598127616407167,0.09625000000000002,0.1875,harm
0.75,0.5,12.100000000000001,0.1375,0.0,0.1,0.12936507936507938,-0.012936507936507939,0.5,0.47885634492969814,-0.02114365507030186,-2.114365507030186,0.09625000000000002,0.18801652892561985,harm
0.75,0.5,12.2,0.1375,0.0,0.1,0.13174603174603172,-0.013174603174603172,0.5,0.4783050705943932,-0.0216949294056068,-2.16949294056068,0.09625000000000002,0.1885245901639344,harm
0.75,0.5,12.3,0.1375,0.0,0.1,0.13412698412698415,-0.013412698412698416,0.5,0.4777480597859891,-0.02225194021401089,-2.225194021401089,0.09625000000000002,0.18902439024390244,harm
0.75,0.5,12.4,0.1375,0.0,0.1,0.13650793650793647,-0.013650793650793648,0.5,0.47718532328447927,-0.022814676715520732,-2.281467671552073,0.09625000000000002,0.18951612903225806,harm
0.75,0.5,12.5,0.1375,0.0,0.1,0.13888888888888884,-0.013888888888888885,0.5,0.47661687224943616,-0.023383127750563837,-2.3383127750563837,0.09625000000000002,0.19,harm
0.75,0.5,12.600000000000001,0.1375,0.0,0.1,0.14126984126984127,-0.014126984126984127,0.5,0.4760427182279423,-0.023957281772057692,-2.3957281772057692,0.09625000000000002,0.19047619047619047,harm
0.75,0.5,12.7,0.1375,0.0,0.1,0.1436507936507936,-0.014365079365079362,0.5,0.475462873162552,-0.02453712683744802,-2.453712683744802,0.09625000000000002,0.19094488188976377,harm
0.75,0.5,12.8,0.1375,0.0,0.1,0.14603174603174604,-0.014603174603174604,0.5,0.4748773493992789,-0.025122650600721108,-2.512265060072111,0.09625000000000002,0.19140625,harm
0.75,0.5,12.9,0.1375,0.0,0.1,0.1484126984126984,-0.014841269841269843,0.5,0.4742861596956086,-0.02571384030439139,-2.571384030439139,0.09625000000000002,0.19186046511627908,harm
0.75,0.5,13.0,0.1375,0.0,0.1,0.15079365079365079,-0.01507936507936508,0.5,0.4736893172285311,-0.02631068277146892,-2.631068277146892,0.09625000000000002,0.1923076923076923,harm
0.75,0.5,13.100000000000001,0.1375,0.0,0.1,0.1531746031746032,-0.015317460317460322,0.5,0.47308683560259057,-0.026913164397409428,-2.691316439740943,0.09625000000000002,0.19274809160305345,harm
0.75,0.5,13.2,0.1375,0.0,0.1,0.15555555555555553,-0.015555555555555553,0.5,0.4724787288579486,-0.027521271142051384,-2.7521271142051384,0.09625000000000002,0.19318181818181818,harm
0.75,0.5,13.3,0.1375,0.0,0.1,0.15793650793650793,-0.015793650793650794,0.5,0.47186501147845705,-0.028134988521542947,-2.8134988521542947,0.09625000000000002,0.19360902255639098,harm
0.75,0.5,13.4,0.1375,0.0,0.1,0.1603174603174603,-0.016031746031746032,0.5,0.4712456983997377,-0.028754301600262322,-2.875430160026232,0.09625000000000002,0.19402985074626866,harm
0.75,0.5,13.5,0.1375,0.0,0.1,0.16269841269841268,-0.016269841269841268,0.5,0.47062080501726333,-0.029379194982736667,-2.9379194982736667,0.09625000000000002,0.19444444444444445,harm
0.75,0.5,13.600000000000001,0.1375,0.0,0.1,0.1650793650793651,-0.01650793650793651,0.5,0.46999034719443766,-0.030009652805562337,-3.0009652805562337,0.09625000000000002,0.1948529411764706,harm
0.75,0.5,13.7,0.1375,0.0,0.1,0.16746031746031742,-0.01674603174603174,0.5,0.4693543412706699,-0.030645658729330116,-3.0645658729330116,0.09625000000000002,0.19525547445255476,harm
0.75,0.5,13.8,0.1375,0.0,0.1,0.16984126984126985,-0.016984126984126987,0.5,0.4687128040694385,-0.03128719593056151,-3.1287195930561507,0.09625000000000002,0.1956521739130435,harm
0.75,0.5,13.9,0.1375,0.0,0.1,0.17222222222222222,-0.017222222222222222,0.5,0.468065752906342,-0.031934247093658,-3.1934247093657997,0.09625000000000002,0.1960431654676259,harm
0.75,0.5,14.0,0.1375,0.0,0.1,0.17460317460317457,-0.017460317460317457,0.5,0.46741320559713084,-0.03258679440286916,-3.2586794402869157,0.09625000000000002,0.19642857142857142,harm
0.75,0.5,6.0,0.14,0.0,0.1,-0.01906779661016951,0.0019067796610169512,0.5,0.501668416532835,0.0016684165328350042,0.16684165328350042,0.098,0.125,improvement
0.75,0.5,6.1,0.14,0.0,0.1,-0.016737288135593237,0.0016737288135593238,0.5,0.5014854231873423,0.0014854231873423496,0.14854231873423496,0.098,0.12704918032786883,improvement
0.75,0.5,6.2,0.14,0.0,0.1,-0.014406779661016963,0.0014406779661016965,0.5,0.5012966027149734,0.0012966027149734494,0.12966027149734494,0.098,0.12903225806451613,improvement
0.75,0.5,6.3,0.14,0.0,0.1,-0.012076271186440689,0.001207627118644069,0.5,0.50110195514023,0.0011019551402300376,0.11019551402300376,0.098,0.13095238095238093,improvement
0.75,0.5,6.4,0.14,0.0,0.1,-0.009745762711864416,0.0009745762711864417,0.5,0.5009014805135694,0.0009014805135694193,0.09014805135694193,0.098,0.1328125,improvement
0.75,0.5,6.5,0.14,0.0,0.1,-0.007415254237288166,0.0007415254237288166,0.5,0.5006951789141028,0.0006951789141027565,0.06951789141027565,0.098,0.1346153846153846,improvement
0.75,0.5,6.6,0.14,0.0,0.1,-0.005084745762711893,0.0005084745762711893,0.5,0.5004830504523861,0.0004830504523860579,0.04830504523860579,0.098,0.13636363636363635,improvement
0.75,0.5,6.7,0.14,0.0,0.1,-0.002754237288135619,0.0002754237288135619,0.5,0.5002650952733083,0.0002650952733083134,0.02650952733083134,0.098,0.13805970149253732,improvement
0.75,0.5,6.8,0.14,0.0,0.1,-0.00042372881355934593,4.23728813559346e-05,0.5,0.5000413135590721,4.131355907210921e-05,0.004131355907210921,0.098,0.13970588235294118,improvement
0.75,0.5,6.9,0.14,0.0,0.1,0.0019067796610169273,-0.00019067796610169275,0.5,0.4998117055322702,-0.0001882944677297771,-0.01882944677297771,0.098,0.14130434782608697,harm
0.75,0.5,7.0,0.14,0.0,0.1,0.0042372881355932,-0.00042372881355932007,0.5,0.49957627145905636,-0.0004237285409436353,-0.04237285409436353,0.098,0.14285714285714285,harm
0.75,0.5,7.1,0.14,0.0,0.1,0.006567796610169474,-0.0006567796610169475,0.5,0.4993350116524099,-0.0006649883475901008,-0.06649883475901008,0.098,0.14436619718309857,harm
0.75,0.5,7.2,0.14,0.0,0.1,0.008898305084745747,-0.0008898305084745748,0.5,0.4990879264754954,-0.0009120735245046196,-0.09120735245046196,0.098,0.14583333333333334,harm
0.75,0.5,7.3,0.14,0.0,0.1,0.011228813559322022,-0.0011228813559322022,0.5,0.49883501634511607,-0.0011649836548839332,-0.11649836548839332,0.098,0.14726027397260272,harm
0.75,0.5,7.4,0.14,0.0,0.1,0.013559322033898294,-0.0013559322033898295,0.5,0.49857628173526136,-0.0014237182647386382,-0.14237182647386382,0.098,0.14864864864864866,harm
0.75,0.5,7.5,0.14,0.0,0.1,0.01588983050847457,-0.0015889830508474569,0.5,0.49831172318074785,-0.0016882768192521547,-0.16882768192521547,0.098,0.15,harm
0.75,0.5,7.6,0.14,0.0,0.1,0.018220338983050817,-0.0018220338983050818,0.5,0.49804134128095456,-0.0019586587190454363,-0.19586587190454363,0.098,0.1513157894736842,harm
0.75,0.5,7.7,0.14,0.0,0.1,0.02055084745762709,-0.002055084745762709,0.5,0.4977651367036513,-0.002234863296348699,-0.22348632963486992,0.098,0.1525974025974026,harm
0.75,0.5,7.8,0.14,0.0,0.1,0.022881355932203366,-0.0022881355932203367,0.5,0.4974831101889201,-0.002516889811079892,-0.2516889811079892,0.098,0.15384615384615385,harm
0.75,0.5,7.9,0.14,0.0,0.1,0.025211864406779638,-0.002521186440677964,0.5,0.4971952625531698,-0.0028047374468301856,-0.28047374468301856,0.098,0.1550632911392405,harm
0.75,0.5,8.0,0.14,0.0,0.1,0.02754237288135591,-0.0027542372881355914,0.5,0.4969015946932437,-0.0030984053067563133,-0.30984053067563133,0.098,0.15625,harm
0.75,0.5,8.1,0.14,0.0,0.1,0.029872881355932183,-0.0029872881355932183,0.5,0.49660210759061896,-0.0033978924093810425,-0.33978924093810425,0.098,0.15740740740740738,harm
0.75,0.5,8.2,0.14,0.0,0.1,0.03220338983050843,-0.0032203389830508435,0.5,0.4962968023156989,-0.003703197684301107,-0.3703197684301107,0.098,0.15853658536585363,harm
0.75,0.5,8.3,0.14,0.0,0.1,0.03453389830508473,-0.003453389830508473,0.5,0.49598568003219645,-0.004014319967803548,-0.4014319967803548,0.098,0.15963855421686748,harm
0.75,0.5,8.4,0.14,0.0,0.1,0.036864406779661005,-0.003686440677966101,0.5,0.49566874200160943,-0.00433125799839057,-0.43312579983905697,0.098,0.1607142857142857,harm
0.75,0.5,8.5,0.14,0.0,0.1,0.03919491525423725,-0.003919491525423725,0.5,0.49534598958778703,-0.004654010412212972,-0.4654010412212972,0.098,0.16176470588235292,harm
0.75,0.5,8.6,0.14,0.0,0.1,0.04152542372881353,-0.004152542372881353,0.5,0.49501742426158657,-0.004982575738413431,-0.49825757384134306,0.098,0.16279069767441862,harm
0.75,0.5,8.7,0.14,0.0,0.1,0.0438559322033898,-0.00438559322033898,0.5,0.49468304760562076,-0.005316952394379237,-0.5316952394379237,0.098,0.16379310344827586,harm
0.75,0.5,8.8,0.14,0.0,0.1,0.046186440677966095,-0.004618644067796609,0.5,0.4943428613190948,-0.005657138680905227,-0.5657138680905227,0.098,0.1647727272727273,harm
0.75,0.5,8.9,0.14,0.0,0.1,0.04851694915254235,-0.004851694915254235,0.5,0.4939968672227325,-0.006003132777267495,-0.6003132777267495,0.098,0.1657303370786517,harm
0.75,0.5,9.0,0.14,0.0,0.1,0.05084745762711862,-0.005084745762711862,0.5,0.4936450672637913,-0.006354932736208685,-0.6354932736208685,0.098,0.16666666666666669,harm
0.75,0.5,9.1,0.14,0.0,0.1,0.053177966101694896,-0.00531779661016949,0.5,0.4932874635211653,-0.006712536478834685,-0.6712536478834685,0.098,0.1675824175824176,harm
0.75,0.5,9.2,0.14,0.0,0.1,0.055508474576271144,-0.005550847457627114,0.5,0.4929240582105762,-0.007075941789423779,-0.7075941789423779,0.098,0.16847826086956522,harm
0.75,0.5,9.3,0.14,0.0,0.1,0.05783898305084744,-0.005783898305084745,0.5,0.49255485368985075,-0.007445146310149253,-0.7445146310149253,0.098,0.16935483870967744,harm
0.75,0.5,9.4,0.14,0.0,0.1,0.06016949152542369,-0.006016949152542369,0.5,0.49217985246428464,-0.00782014753571536,-0.782014753571536,0.098,0.17021276595744683,harm
0.75,0.5,9.5,0.14,0.0,0.1,0.062499999999999986,-0.006249999999999999,0.5,0.49179905719209216,-0.00820094280790784,-0.8200942807907841,0.098,0.17105263157894737,harm
0.75,0.5,9.6,0.14,0.0,0.1,0.06483050847457623,-0.006483050847457624,0.5,0.49141247068994,-0.008587529310060016,-0.8587529310060016,0.098,0.171875,harm
0.75,0.5,9.7,0.14,0.0,0.1,0.06716101694915248,-0.006716101694915249,0.5,0.49102009593856577,-0.00897990406143423,-0.897990406143423,0.098,0.17268041237113402,harm
0.75,0.5,9.8,0.14,0.0,0.1,0.06949152542372879,-0.006949152542372879,0.5,0.49062193608847926,-0.00937806391152074,-0.937806391152074,0.098,0.17346938775510207,harm
0.75,0.5,9.9,0.14,0.0,0.1,0.07182203389830508,-0.007182203389830508,0.5,0.49021799446574577,-0.009782005534254234,-0.9782005534254234,0.098,0.17424242424242425,harm
0.75,0.5,10.0,0.14,0.0,0.1,0.07415254237288132,-0.007415254237288133,0.5,0.48980827457785125,-0.010191725422148745,-1.0191725422148745,0.098,0.175,harm
0.75,0.5,10.100000000000001,0.14,0.0,0.1,0.07648305084745763,-0.0076483050847457636,0.5,0.48939278011964743,-0.01060721988035257,-1.060721988035257,0.098,0.17574257425742576,harm
0.75,0.5,10.2,0.14,0.0,0.1,0.07881355932203388,-0.007881355932203389,0.5,0.4889715149793761,-0.011028485020623924,-1.1028485020623924,0.098,0.1764705882352941,harm
0.75,0.5,10.3,0.14,0.0,0.1,0.08114406779661018,-0.008114406779661019,0.5,0.4885444832447723,-0.011455516755227713,-1.1455516755227713,0.098,0.17718446601941748,harm
0.75,0.5,10.4,0.14,0.0,0.1,0.08347457627118643,-0.008347457627118643,0.5,0.48811168920924364,-0.011888310790756362,-1.1888310790756362,0.098,0.1778846153846154,harm
0.75,0.5,10.5,0.14,0.0,0.1,0.08580508474576268,-0.008580508474576268,0.5,0.48767313737812634,-0.012326862621873658,-1.2326862621873658,0.098,0.17857142857142858,harm
0.75,0.5,10.600000000000001,0.14,0.0,0.1,0.08813559322033897,-0.008813559322033896,0.5,0.48722883247501536,-0.012771167524984639,-1.277116752498464,0.098,0.17924528301886794,harm
0.75,0.5,10.7,0.14,0.0,0.1,0.09046610169491522,-0.009046610169491522,0.5,0.4867787794481685,-0.013221220551831503,-1.3221220551831503,0.098,0.17990654205607476,harm
0.75,0.5,10.8,0.14,0.0,0.1,0.09279661016949152,-0.009279661016949152,0.5,0.48632298347698155,-0.013677016523018448,-1.3677016523018448,0.098,0.18055555555555558,harm
0.75,0.5,10.9,0.14,0.0,0.1,0.09512711864406777,-0.009512711864406777,0.5,0.48586144997853525,-0.014138550021464746,-1.4138550021464746,0.098,0.1811926605504587,harm
0.75,0.5,11.0,0.14,0.0,0.1,0.09745762711864407,-0.009745762711864408,0.5,0.48539418461421013,-0.014605815385789866,-1.4605815385789866,0.098,0.18181818181818182,harm
0.75,0.5,11.100000000000001,0.14,0.0,0.1,0.09978813559322036,-0.009978813559322036,0.5,0.48492119329636996,-0.015078806703630043,-1.5078806703630043,0.098,0.18243243243243246,harm
0.75,0.5,11.2,0.14,0.0,0.1,0.10211864406779657,-0.010211864406779658,0.5,0.48444248219511066,-0.015557517804889343,-1.5557517804889343,0.098,0.1830357142857143,harm
0.75,0.5,11.3,0.14,0.0,0.1,0.10444915254237286,-0.010444915254237287,0.5,0.48395805774507317,-0.016041942254926833,-1.6041942254926833,0.098,0.1836283185840708,harm
0.75,0.5,11.4,0.14,0.0,0.1,0.1067796610169491,-0.010677966101694912,0.5,0.48346792665231997,-0.016532073347680032,-1.6532073347680032,0.098,0.1842105263157895,harm
0.75,0.5,11.5,0.14,0.0,0.1,0.10911016949152541,-0.010911016949152542,0.5,0.48297209590127127,-0.01702790409872873,-1.702790409872873,0.098,0.18478260869565216,harm
0.75,0.5,11.600000000000001,0.14,0.0,0.1,0.1114406779661017,-0.01114406779661017,0.5,0.4824705727617007,-0.01752942723829931,-1.752942723829931,0.098,0.1853448275862069,harm
0.75,0.5,11.7,0.14,0.0,0.1,0.11377118644067791,-0.01137711864406779,0.5,0.48196336479578783,-0.01803663520421217,-1.803663520421217,0.098,0.1858974358974359,harm
0.75,0.5,11.8,0.14,0.0,0.1,0.11610169491525421,-0.011610169491525421,0.5,0.4814504798652256,-0.0185495201347744,-1.85495201347744,0.098,0.1864406779661017,harm
0.75,0.5,11.9,0.14,0.0,0.1,0.1184322033898305,-0.011843220338983051,0.5,0.4809319261383808,-0.019068073861619184,-1.9068073861619184,0.098,0.1869747899159664,harm
0.75,0.5,12.0,0.14,0.0,0.1,0.12076271186440675,-0.012076271186440675,0.5,0.4804077120975051,-0.019592287902494898,-1.9592287902494898,0.098,0.1875,harm
0.75,0.5,12.100000000000001,0.14,0.0,0.1,0.12309322033898305,-0.012309322033898305,0.5,0.47987784654599447,-0.02012215345400553,-2.012215345400553,0.098,0.18801652892561985,harm
0.75,0.5,12.2,0.14,0.0,0.1,0.1254237288135593,-0.012542372881355929,0.5,0.4793423386156951,-0.020657661384304915,-2.0657661384304915,0.098,0.1885245901639344,harm
0.75,0.5,12.3,0.14,0.0,0.1,0.1277542372881356,-0.01277542372881356,0.5,0.4788011977742529,-0.021198802225747104,-2.1198802225747104,0.098,0.18902439024390244,harm
0.75,0.5,12.4,0.14,0.0,0.1,0.13008474576271184,-0.013008474576271184,0.5,0.4782544338325043,-0.021745566167495678,-2.174556616749568,0.098,0.18951612903225806,harm
0.75,0.5,12.5,0.14,0.0,0.1,0.1324152542372881,-0.01324152542372881,0.5,0.477702056951906,-0.022297943048094016,-2.2297943048094018,0.098,0.19,harm
0.75,0.5,12.600000000000001,0.14,0.0,0.1,0.1347457627118644,-0.01347457627118644,0.5,0.4771440776520003,-0.022855922347999713,-2.2855922347999713,0.098,0.19047619047619047,harm
0.75,0.5,12.7,0.14,0.0,0.1,0.13707627118644064,-0.013707627118644065,0.5,0.4765805068179152,-0.023419493182084805,-2.3419493182084805,0.098,0.19094488188976377,harm
0.75,0.5,12.8,0.14,0.0,0.1,0.13940677966101694,-0.013940677966101695,0.5,0.4760113557078934,-0.02398864429210662,-2.3988644292106622,0.098,0.19140625,harm
0.75,0.5,12.9,0.14,0.0,0.1,0.1417372881355932,-0.01417372881355932,0.5,0.47543663596085023,-0.02456336403914977,-2.4563364039149773,0.098,0.19186046511627908,harm
0.75,0.5,13.0,0.14,0.0,0.1,0.14406779661016944,-0.014406779661016944,0.5,0.4748563596039564,-0.02514364039604361,-2.514364039604361,0.098,0.1923076923076923,harm
0.75,0.5,13.100000000000001,0.14,0.0,0.1,0.14639830508474577,-0.014639830508474578,0.5,0.47427053906024186,-0.025729460939758142,-2.572946093975814,0.098,0.19274809160305345,harm
0.75,0.5,13.2,0.14,0.0,0.1,0.148728813559322,-0.0148728813559322,0.5,0.4736791871562188,-0.026320812843781183,-2.6320812843781183,0.098,0.19318181818181818,harm
0.75,0.5,13.3,0.14,0.0,0.1,0.15105932203389827,-0.015105932203389828,0.5,0.47308231712951987,-0.02691768287048013,-2.691768287048013,0.098,0.19360902255639098,harm
0.75,0.5,13.4,0.14,0.0,0.1,0.15338983050847455,-0.015338983050847455,0.5,0.4724799426365486,-0.027520057363451422,-2.7520057363451422,0.098,0.19402985074626866,harm
0.75,0.5,13.5,0.14,0.0,0.1,0.15572033898305082,-0.015572033898305082,0.5,0.4718720777601382,-0.028127922239861824,-2.8127922239861824,0.098,0.19444444444444445,harm
0.75,0.5,13.600000000000001,0.14,0.0,0.1,0.15805084745762712,-0.015805084745762712,0.5,0.47125873701721654,-0.028741262982783455,-2.8741262982783455,0.098,0.1948529411764706,harm
0.75,0.5,13.7,0.14,0.0,0.1,0.16038135593220332,-0.016038135593220332,0.5,0.4706399353664713,-0.029360064633528693,-2.9360064633528693,0.098,0.19525547445255476,harm
0.75,0.5,13.8,0.14,0.0,0.1,0.16271186440677962,-0.016271186440677963,0.5,0.47001568821601425,-0.02998431178398575,-2.998431178398575,0.098,0.1956521739130435,harm
0.75,0.5,13.9,0.14,0.0,0.1,0.16504237288135593,-0.016504237288135593,0.5,0.46938601143103964,-0.03061398856896036,-3.061398856896036,0.098,0.1960431654676259,harm
0.75,0.5,14.0,0.14,0.0,0.1,0.16737288135593217,-0.016737288135593217,0.5,0.46875092134147245,-0.03124907865852755,-3.124907865852755,0.098,0.19642857142857142,harm
0.75,0.5,6.0,0.14250000000000002,0.0,0.1,-0.022269353128313914,0.0022269353128313916,0.5,0.5019485434353359,0.0019485434353359032,0.19485434353359032,0.09975,0.125,improvement
0.75,0.5,6.1,0.14250000000000002,0.0,0.1,-0.01998939554612941,0.001998939554612941,0.5,0.5017740398867874,0.0017740398867873708,0.17740398867873708,0.09975,0.12704918032786883,improvement
0.75,0.5,6.2,0.14250000000000002,0.0,0.1,-0.017709437963944884,0.0017709437963944884,0.5,0.5015938355705296,0.0015938355705296114,0.15938355705296114,0.09975,0.12903225806451613,improvement
0.75,0.5,6.3,0.14250000000000002,0.0,0.1,-0.01542948038176036,0.001542948038176036,0.5,0.501407930479034,0.0014079304790339808,0.14079304790339808,0.09975,0.13095238095238093,improvement
0.75,0.5,6.4,0.14250000000000002,0.0,0.1,-0.013149522799575835,0.0013149522799575835,0.5,0.5012163246266492,0.0012163246266492234,0.12163246266492234,0.09975,0.1328125,improvement
0.75,0.5,6.5,0.14250000000000002,0.0,0.1,-0.010869565217391332,0.0010869565217391333,0.5,0.5010190180520575,0.0010190180520575076,0.10190180520575076,0.09975,0.1346153846153846,improvement
0.75,0.5,6.6,0.14250000000000002,0.0,0.1,-0.008589607635206806,0.0008589607635206807,0.5,0.5008160108208175,0.0008160108208175032,0.08160108208175032,0.09975,0.13636363636363635,improvement
0.75,0.5,6.7,0.14250000000000002,0.0,0.1,-0.006309650053022281,0.0006309650053022281,0.5,0.5006073030279985,0.0006073030279984959,0.06073030279984959,0.09975,0.13805970149253732,improvement
0.75,0.5,6.8,0.14250000000000002,0.0,0.1,-0.004029692470837779,0.0004029692470837779,0.5,0.500392894800901,0.00039289480090098916,0.039289480090098916,0.09975,0.13970588235294118,improvement
0.75,0.5,6.9,0.14250000000000002,0.0,0.1,-0.0017497348886532536,0.00017497348886532537,0.5,0.5001727863018675,0.0001727863018674558,0.01727863018674558,0.09975,0.14130434782608697,improvement
0.75,0.5,7.0,0.14250000000000002,0.0,0.1,0.0005302226935312718,-5.3022269353127186e-05,0.5,0.499946977731181,-5.3022268818980756e-05,-0.0053022268818980756,0.09975,0.14285714285714285,harm
0.75,0.5,7.1,0.14250000000000002,0.0,0.1,0.002810180275715774,-0.0002810180275715774,0.5,0.4997154693300532,-0.0002845306699468253,-0.02845306699468253,0.09975,0.14436619718309857,harm
0.75,0.5,7.2,0.14250000000000002,0.0,0.1,0.005090137857900299,-0.0005090137857900299,0.5,0.4994782613836992,-0.000521738616300782,-0.0521738616300782,0.09975,0.14583333333333334,harm
0.75,0.5,7.3,0.14250000000000002,0.0,0.1,0.007370095440084801,-0.0007370095440084801,0.5,0.4992353542245025,-0.0007646457754975078,-0.07646457754975078,0.09975,0.14726027397260272,harm
0.75,0.5,7.4,0.14250000000000002,0.0,0.1,0.009650053022269327,-0.0009650053022269328,0.5,0.4989867482352669,-0.001013251764733103,-0.1013251764733103,0.09975,0.14864864864864866,harm
0.75,0.5,7.5,0.14250000000000002,0.0,0.1,0.011930010604453853,-0.0011930010604453854,0.5,0.4987324438525569,-0.0012675561474431163,-0.12675561474431163,0.09975,0.15,harm
0.75,0.5,7.6,0.14250000000000002,0.0,0.1,0.014209968186638354,-0.0014209968186638354,0.5,0.49847244157012605,-0.0015275584298739542,-0.15275584298739542,0.09975,0.1513157894736842,harm
0.75,0.5,7.7,0.14250000000000002,0.0,0.1,0.01648992576882288,-0.001648992576882288,0.5,0.49820674194243303,-0.001793258057566971,-0.1793258057566971,0.09975,0.1525974025974026,harm
0.75,0.5,7.8,0.14250000000000002,0.0,0.1,0.018769883351007405,-0.0018769883351007406,0.5,0.49793534558824515,-0.0020646544117548515,-0.20646544117548515,0.09975,0.15384615384615385,harm
0.75,0.5,7.9,0.14250000000000002,0.0,0.1,0.02104984093319193,-0.002104984093319193,0.5,0.4976582531943292,-0.0023417468056707857,-0.23417468056707857,0.09975,0.1550632911392405,harm
0.75,0.5,8.0,0.14250000000000002,0.0,0.1,0.02332979851537643,-0.002332979851537643,0.5,0.49737546551923006,-0.0026245344807699356,-0.26245344807699356,0.09975,0.15625,harm
0.75,0.5,8.1,0.14250000000000002,0.0,0.1,0.025609756097560936,-0.0025609756097560938,0.5,0.49708698339713525,-0.0029130166028647486,-0.29130166028647486,0.09975,0.15740740740740738,harm
0.75,0.5,8.2,0.14250000000000002,0.0,0.1,0.02788971367974546,-0.002788971367974546,0.5,0.4967928077418266,-0.003207192258173397,-0.3207192258173397,0.09975,0.15853658536585363,harm
0.75,0.5,8.3,0.14250000000000002,0.0,0.1,0.030169671261930008,-0.003016967126193001,0.5,0.49649293955071905,-0.003507060449280952,-0.3507060449280952,0.09975,0.15963855421686748,harm
0.75,0.5,8.4,0.14250000000000002,0.0,0.1,0.03244962884411451,-0.003244962884411451,0.5,0.4961873799089841,-0.003812620091015906,-0.3812620091015906,0.09975,0.1607142857142857,harm
0.75,0.5,8.5,0.14250000000000002,0.0,0.1,0.03472958642629901,-0.003472958642629901,0.5,0.4958761299937602,-0.004123870006239816,-0.4123870006239816,0.09975,0.16176470588235292,harm
0.75,0.5,8.6,0.14250000000000002,0.0,0.1,0.03700954400848354,-0.003700954400848354,0.5,0.49555919107844837,-0.004440808921551631,-0.4440808921551631,0.09975,0.16279069767441862,harm
0.75,0.5,8.7,0.14250000000000002,0.0,0.1,0.03928950159066804,-0.0039289501590668045,0.5,0.4952365645370923,-0.004763435462907695,-0.47634354629076947,0.09975,0.16379310344827586,harm
0.75,0.5,8.8,0.14250000000000002,0.0,0.1,0.04156945917285259,-0.0041569459172852595,0.5,0.4949082518488438,-0.005091748151156206,-0.5091748151156206,0.09975,0.1647727272727273,harm
0.75,0.5,8.9,0.14250000000000002,0.0,0.1,0.04384941675503709,-0.004384941675503709,0.5,0.49457425460251225,-0.005425745397487747,-0.5425745397487747,0.09975,0.1657303370786517,harm
0.75,0.5,9.0,0.14250000000000002,0.0,0.1,0.04612937433722159,-0.004612937433722159,0.5,0.4942345745011977,-0.0057654254988023235,-0.5765425498802323,0.09975,0.16666666666666669,harm
0.75,0.5,9.1,0.14250000000000002,0.0,0.1,0.04840933191940612,-0.004840933191940612,0.5,0.49388921336700753,-0.006110786632992471,-0.6110786632992471,0.09975,0.1675824175824176,harm
0.75,0.5,9.2,0.14250000000000002,0.0,0.1,0.05068928950159062,-0.005068928950159063,0.5,0.493538173145856,-0.006461826854143982,-0.6461826854143982,0.09975,0.16847826086956522,harm
0.75,0.5,9.3,0.14250000000000002,0.0,0.1,0.05296924708377517,-0.005296924708377518,0.5,0.49318145591234575,-0.006818544087654255,-0.6818544087654255,0.09975,0.16935483870967744,harm
0.75,0.5,9.4,0.14250000000000002,0.0,0.1,0.05524920466595969,-0.005524920466595969,0.5,0.49281906387473107,-0.007180936125268933,-0.7180936125268933,0.09975,0.17021276595744683,harm
0.75,0.5,9.5,0.14250000000000002,0.0,0.1,0.057529162248144174,-0.005752916224814417,0.5,0.4924509993799624,-0.007549000620037605,-0.7549000620037605,0.09975,0.17105263157894737,harm
0.75,0.5,9.6,0.14250000000000002,0.0,0.1,0.059809119830328696,-0.00598091198303287,0.5,0.4920772649188113,-0.007922735081188681,-0.7922735081188681,0.09975,0.171875,harm
0.75,0.5,9.7,0.14250000000000002,0.0,0.1,0.062089077412513224,-0.006208907741251323,0.5,0.4916978631310753,-0.008302136868924725,-0.8302136868924725,0.09975,0.17268041237113402,harm
0.75,0.5,9.8,0.14250000000000002,0.0,0.1,0.06436903499469775,-0.006436903499469775,0.5,0.4913127968108606,-0.008687203189139403,-0.8687203189139403,0.09975,0.17346938775510207,harm
0.75,0.5,9.9,0.14250000000000002,0.0,0.1,0.06664899257688227,-0.006664899257688227,0.5,0.49092206891194545,-0.009077931088054547,-0.9077931088054547,0.09975,0.17424242424242425,harm
0.75,0.5,10.0,0.14250000000000002,0.0,0.1,0.06892895015906675,-0.006892895015906675,0.5,0.4905256825532182,-0.009474317446781788,-0.9474317446781788,0.09975,0.175,harm
0.75,0.5,10.100000000000001,0.14250000000000002,0.0,0.1,0.07120890774125133,-0.007120890774125133,0.5,0.49012364102419426,-0.009876358975805744,-0.9876358975805744,0.09975,0.17574257425742576,harm
0.75,0.5,10.2,0.14250000000000002,0.0,0.1,0.0734888653234358,-0.007348886532343581,0.5,0.4897159477906077,-0.010284052209392325,-1.0284052209392325,0.09975,0.1764705882352941,harm
0.75,0.5,10.3,0.14250000000000002,0.0,0.1,0.07576882290562033,-0.007576882290562033,0.5,0.4893026065000772,-0.010697393499922825,-1.0697393499922825,0.09975,0.17718446601941748,harm
0.75,0.5,10.4,0.14250000000000002,0.0,0.1,0.07804878048780485,-0.007804878048780485,0.5,0.48888362098784766,-0.011116379012152344,-1.1116379012152344,0.09975,0.1778846153846154,harm
0.75,0.5,10.5,0.14250000000000002,0.0,0.1,0.08032873806998939,-0.00803287380699894,0.5,0.4884589952826024,-0.011541004717397607,-1.1541004717397607,0.09975,0.17857142857142858,harm
0.75,0.5,10.600000000000001,0.14250000000000002,0.0,0.1,0.08260869565217391,-0.00826086956521739,0.5,0.4880287336123489,-0.011971266387651114,-1.1971266387651114,0.09975,0.17924528301886794,harm
0.75,0.5,10.7,0.14250000000000002,0.0,0.1,0.08488865323435839,-0.008488865323435839,0.5,0.4875928404103739,-0.012407159589626127,-1.2407159589626127,0.09975,0.17990654205607476,harm
0.75,0.5,10.8,0.14250000000000002,0.0,0.1,0.08716861081654291,-0.008716861081654292,0.5,0.48715132032126884,-0.012848679678731156,-1.2848679678731156,0.09975,0.18055555555555558,harm
0.75,0.5,10.9,0.14250000000000002,0.0,0.1,0.08944856839872743,-0.008944856839872744,0.5,0.4867041782070234,-0.013295821792976614,-1.3295821792976614,0.09975,0.1811926605504587,harm
0.75,0.5,11.0,0.14250000000000002,0.0,0.1,0.09172852598091197,-0.009172852598091197,0.5,0.4862514191531852,-0.013748580846814795,-1.3748580846814795,0.09975,0.18181818181818182,harm
0.75,0.5,11.100000000000001,0.14250000000000002,0.0,0.1,0.09400848356309649,-0.00940084835630965,0.5,0.4857930484750862,-0.014206951524913802,-1.4206951524913802,0.09975,0.18243243243243246,harm
0.75,0.5,11.2,0.14250000000000002,0.0,0.1,0.09628844114528097,-0.009628844114528098,0.5,0.48532907172413253,-0.014670928275867468,-1.4670928275867468,0.09975,0.1830357142857143,harm
0.75,0.5,11.3,0.14250000000000002,0.0,0.1,0.09856839872746553,-0.009856839872746555,0.5,0.48485949469415796,-0.015140505305842045,-1.5140505305842045,0.09975,0.1836283185840708,harm
0.75,0.5,11.4,0.14250000000000002,0.0,0.1,0.10084835630965001,-0.010084835630965003,0.5,0.48438432342783755,-0.015615676572162451,-1.5615676572162451,0.09975,0.1842105263157895,harm
0.75,0.5,11.5,0.14250000000000002,0.0,0.1,0.10312831389183454,-0.010312831389183454,0.5,0.48390356422316194,-0.01609643577683806,-1.6096435776838058,0.09975,0.18478260869565216,harm
0.75,0.5,11.600000000000001,0.14250000000000002,0.0,0.1,0.10540827147401907,-0.010540827147401908,0.5,0.4834172236399695,-0.016582776360030527,-1.6582776360030527,0.09975,0.1853448275862069,harm
0.75,0.5,11.7,0.14250000000000002,0.0,0.1,0.10768822905620355,-0.010768822905620356,0.5,0.4829253085065346,-0.01707469149346541,-1.707469149346541,0.09975,0.1858974358974359,harm
0.75,0.5,11.8,0.14250000000000002,0.0,0.1,0.10996818663838812,-0.010996818663838812,0.5,0.4824278259262109,-0.017572174073789082,-1.7572174073789082,0.09975,0.1864406779661017,harm
0.75,0.5,11.9,0.14250000000000002,0.0,0.1,0.1122481442205726,-0.01122481442205726,0.5,0.4819247832841276,-0.018075216715872422,-1.8075216715872422,0.09975,0.1869747899159664,harm
0.75,0.5,12.0,0.14250000000000002,0.0,0.1,0.11452810180275712,-0.011452810180275712,0.5,0.48141618825393606,-0.01858381174606394,-1.8583811746063938,0.09975,0.1875,harm
0.75,0.5,12.100000000000001,0.14250000000000002,0.0,0.1,0.1168080593849417,-0.01168080593849417,0.5,0.48090204880460585,-0.019097951195394147,-1.9097951195394147,0.09975,0.18801652892561985,harm
0.75,0.5,12.2,0.14250000000000002,0.0,0.1,0.11908801696712612,-0.011908801696712613,0.5,0.4803823732072682,-0.019617626792731824,-1.9617626792731824,0.09975,0.1885245901639344,harm
0.75,0.5,12.3,0.14250000000000002,0.0,0.1,0.1213679745493107,-0.01213679745493107,0.5,0.47985717004210326,-0.020142829957896735,-2.0142829957896735,0.09975,0.18902439024390244,harm
0.75,0.5,12.4,0.14250000000000002,0.0,0.1,0.12364793213149518,-0.012364793213149518,0.5,0.47932644820527165,-0.02067355179472835,-2.067355179472835,0.09975,0.18951612903225806,harm
0.75,0.5,12.5,0.14250000000000002,0.0,0.1,0.1259278897136797,-0.012592788971367973,0.5,0.47879021691588497,-0.02120978308411503,-2.120978308411503,0.09975,0.19,harm
0.75,0.5,12.600000000000001,0.14250000000000002,0.0,0.1,0.12820784729586426,-0.012820784729586428,0.5,0.47824848572301576,-0.02175151427698424,-2.175151427698424,0.09975,0.19047619047619047,harm
0.75,0.5,12.7,0.14250000000000002,0.0,0.1,0.1304878048780487,-0.01304878048780487,0.5,0.47770126451274253,-0.02229873548725747,-2.229873548725747,0.09975,0.19094488188976377,harm
0.75,0.5,12.8,0.14250000000000002,0.0,0.1,0.13276776246023328,-0.013276776246023329,0.5,0.47714856351522894,-0.02285143648477106,-2.285143648477106,0.09975,0.19140625,harm
0.75,0.5,12.9,0.14250000000000002,0.0,0.1,0.1350477200424178,-0.01350477200424178,0.5,0.47659039331183295,-0.02340960668816705,-2.340960668816705,0.09975,0.19186046511627908,harm
0.75,0.5,13.0,0.14250000000000002,0.0,0.1,0.1373276776246023,-0.01373276776246023,0.5,0.47602676484224515,-0.023973235157754846,-2.3973235157754846,0.09975,0.1923076923076923,harm
0.75,0.5,13.100000000000001,0.14250000000000002,0.0,0.1,0.13960763520678685,-0.013960763520678685,0.5,0.4754576894116524,-0.024542310588347604,-2.4542310588347602,0.09975,0.19274809160305345,harm
0.75,0.5,13.2,0.14250000000000002,0.0,0.1,0.14188759278897134,-0.014188759278897135,0.5,0.47488317869792385,-0.025116821302076153,-2.5116821302076153,0.09975,0.19318181818181818,harm
0.75,0.5,13.3,0.14250000000000002,0.0,0.1,0.14416755037115586,-0.014416755037115586,0.5,0.4743032447588177,-0.025696755241182312,-2.569675524118231,0.09975,0.19360902255639098,harm
0.75,0.5,13.4,0.14250000000000002,0.0,0.1,0.14644750795334038,-0.01464475079533404,0.5,0.4737179000392047,-0.02628209996079528,-2.628209996079528,0.09975,0.19402985074626866,harm
0.75,0.5,13.5,0.14250000000000002,0.0,0.1,0.14872746553552485,-0.014872746553552486,0.5,0.47312715737830596,-0.026872842621694037,-2.6872842621694035,0.09975,0.19444444444444445,harm
0.75,0.5,13.600000000000001,0.14250000000000002,0.0,0.1,0.15100742311770943,-0.015100742311770943,0.5,0.4725310300169414,-0.02746896998305859,-2.746896998305859,0.09975,0.1948529411764706,harm
0.75,0.5,13.7,0.14250000000000002,0.0,0.1,0.15328738069989392,-0.015328738069989392,0.5,0.4719295316047867,-0.02807046839521332,-2.807046839521332,0.09975,0.19525547445255476,harm
0.75,0.5,13.8,0.14250000000000002,0.0,0.1,0.15556733828207844,-0.015556733828207846,0.5,0.47132267620763413,-0.028677323792365872,-2.867732379236587,0.09975,0.1956521739130435,harm
0.75,0.5,13.9,0.14250000000000002,0.0,0.1,0.15784729586426297,-0.015784729586426297,0.5,0.47071047831465584,-0.029289521685344155,-2.9289521685344155,0.09975,0.1960431654676259,harm
0.75,0.5,14.0,0.14250000000000002,0.0,0.1,0.1601272534464475,-0.01601272534464475,0.5,0.4700929528456639,-0.02990704715433612,-2.990704715433612,0.09975,0.19642857142857142,harm
0.75,0.5,6.0,0.14500000000000002,0.0,0.1,-0.02547770700636945,0.002547770700636945,0.5,0.5022292619813258,0.002229261981325781,0.22292619813257808,0.1015,0.125,improvement
0.75,0.5,6.1,0.14500000000000002,0.0,0.1,-0.023248407643312135,0.0023248407643312137,0.5,0.5020632663383755,0.0020632663383755023,0.20632663383755023,0.1015,0.12704918032786883,improvement
0.75,0.5,6.2,0.14500000000000002,0.0,0.1,-0.021019108280254797,0.0021019108280254796,0.5,0.5018916965948605,0.001891696594860548,0.1891696594860548,0.1015,0.12903225806451613,improvement
0.75,0.5,6.3,0.14500000000000002,0.0,0.1,-0.01878980891719748,0.001878980891719748,0.5,0.5017145527158773,0.0017145527158772822,0.17145527158772822,0.1015,0.13095238095238093,improvement
0.75,0.5,6.4,0.14500000000000002,0.0,0.1,-0.01656050955414014,0.0016560509554140142,0.5,0.5015318346846434,0.0015318346846433517,0.15318346846433517,0.1015,0.1328125,improvement
0.75,0.5,6.5,0.14500000000000002,0.0,0.1,-0.014331210191082827,0.0014331210191082828,0.5,0.5013435425047232,0.0013435425047232386,0.13435425047232386,0.1015,0.1346153846153846,improvement
0.75,0.5,6.6,0.14500000000000002,0.0,0.1,-0.012101910828025511,0.0012101910828025513,0.5,0.5011496762023375,0.001149676202337524,0.1149676202337524,0.1015,0.13636363636363635,improvement
0.75,0.5,6.7,0.14500000000000002,0.0,0.1,-0.009872611464968173,0.0009872611464968174,0.5,0.5009502358287565,0.0009502358287565293,0.09502358287565293,0.1015,0.13805970149253732,improvement
0.75,0.5,6.8,0.14500000000000002,0.0,0.1,-0.007643312101910858,0.0007643312101910859,0.5,0.5007452214627741,0.0007452214627741149,0.0745221462774115,0.1015,0.13970588235294118,improvement
0.75,0.5,6.9,0.14500000000000002,0.0,0.1,-0.00541401273885352,0.0005414012738853521,0.5,0.500534633213267,0.0005346332132669662,0.05346332132669662,0.1015,0.14130434782608697,improvement
0.75,0.5,7.0,0.14500000000000002,0.0,0.1,-0.003184713375796205,0.00031847133757962053,0.5,0.5003184712218357,0.0003184712218357033,0.03184712218357033,0.1015,0.14285714285714285,improvement
0.75,0.5,7.1,0.14500000000000002,0.0,0.1,-0.0009554140127388897,9.554140127388898e-05,0.5,0.5000967356655293,9.673566552925728e-05,0.009673566552925728,0.1015,0.14436619718309857,improvement
0.75,0.5,7.2,0.14500000000000002,0.0,0.1,0.001273885350318449,-0.0001273885350318449,0.5,0.4998694267596513,-0.0001305732403487081,-0.01305732403487081,0.1015,0.14583333333333334,harm
0.75,0.5,7.3,0.14500000000000002,0.0,0.1,0.003503184713375764,-0.00035031847133757646,0.5,0.49963654476065034,-0.00036345523934966373,-0.03634552393496637,0.1015,0.14726027397260272,harm
0.75,0.5,7.4,0.14500000000000002,0.0,0.1,0.005732484076433102,-0.0005732484076433102,0.5,0.49939808996909163,-0.0006019100309083703,-0.060191003090837025,0.1015,0.14864864864864866,harm
0.75,0.5,7.5,0.14500000000000002,0.0,0.1,0.007961783439490418,-0.0007961783439490418,0.5,0.499154062732712,-0.0008459372672879883,-0.08459372672879883,0.1015,0.15,harm
0.75,0.5,7.6,0.14500000000000002,0.0,0.1,0.010191082802547732,-0.0010191082802547733,0.5,0.4989044634495572,-0.0010955365504428105,-0.10955365504428105,0.1015,0.1513157894736842,harm
0.75,0.5,7.7,0.14500000000000002,0.0,0.1,0.012420382165605072,-0.0012420382165605074,0.5,0.49864929257120033,-0.001350707428799669,-0.1350707428799669,0.1015,0.1525974025974026,harm
0.75,0.5,7.8,0.14500000000000002,0.0,0.1,0.014649681528662386,-0.0014649681528662386,0.5,0.4983885506060444,-0.0016114493939555774,-0.16114493939555774,0.1015,0.15384615384615385,harm
0.75,0.5,7.9,0.14500000000000002,0.0,0.1,0.016878980891719724,-0.0016878980891719725,0.5,0.49812223812270506,-0.0018777618772949367,-0.18777618772949367,0.1015,0.1550632911392405,harm
0.75,0.5,8.0,0.14500000000000002,0.0,0.1,0.01910828025477704,-0.0019108280254777042,0.5,0.4978503557534756,-0.002149644246524418,-0.2149644246524418,0.1015,0.15625,harm
0.75,0.5,8.1,0.14500000000000002,0.0,0.1,0.021337579617834355,-0.0021337579617834355,0.5,0.49757290419787403,-0.002427095802125967,-0.2427095802125967,0.1015,0.15740740740740738,harm
0.75,0.5,8.2,0.14500000000000002,0.0,0.1,0.02356687898089167,-0.002356687898089167,0.5,0.49728988422627074,-0.0027101157737292603,-0.271011577372926,0.1015,0.15853658536585363,harm
0.75,0.5,8.3,0.14500000000000002,0.0,0.1,0.025796178343949032,-0.002579617834394903,0.5,0.49700129668359794,-0.0029987033164020627,-0.29987033164020627,0.1015,0.15963855421686748,harm
0.75,0.5,8.4,0.14500000000000002,0.0,0.1,0.028025477707006346,-0.0028025477707006347,0.5,0.49670714249313963,-0.0032928575068603694,-0.32928575068603694,0.1015,0.1607142857142857,harm
0.75,0.5,8.5,0.14500000000000002,0.0,0.1,0.030254777070063663,-0.0030254777070063666,0.5,0.49640742266040216,-0.0035925773395978355,-0.35925773395978355,0.1015,0.16176470588235292,harm
0.75,0.5,8.6,0.14500000000000002,0.0,0.1,0.03248407643312098,-0.003248407643312098,0.5,0.4961021382770655,-0.0038978617229344925,-0.38978617229344925,0.1015,0.16279069767441862,harm
0.75,0.5,8.7,0.14500000000000002,0.0,0.1,0.034713375796178295,-0.0034713375796178295,0.5,0.4957912905250142,-0.004208709474985806,-0.42087094749858056,0.1015,0.16379310344827586,harm
0.75,0.5,8.8,0.14500000000000002,0.0,0.1,0.036942675159235654,-0.0036942675159235654,0.5,0.49547488068044776,-0.00452511931955224,-0.452511931955224,0.1015,0.1647727272727273,harm
0.75,0.5,8.9,0.14500000000000002,0.0,0.1,0.03917197452229297,-0.003917197452229297,0.5,0.4951529101180713,-0.004847089881928723,-0.48470898819287234,0.1015,0.1657303370786517,harm
0.75,0.5,9.0,0.14500000000000002,0.0,0.1,0.04140127388535028,-0.004140127388535028,0.5,0.4948253803153644,-0.005174619684635617,-0.5174619684635617,0.1015,0.16666666666666669,harm
0.75,0.5,9.1,0.14500000000000002,0.0,0.1,0.0436305732484076,-0.00436305732484076,0.5,0.49449229285692853,-0.005507707143071472,-0.5507707143071472,0.1015,0.1675824175824176,harm
0.75,0.5,9.2,0.14500000000000002,0.0,0.1,0.045859872611464916,-0.004585987261146492,0.5,0.4941536494389133,-0.005846350561086677,-0.5846350561086677,0.1015,0.16847826086956522,harm
0.75,0.5,9.3,0.14500000000000002,0.0,0.1,0.048089171974522275,-0.0048089171974522275,0.5,0.4938094518735191,-0.006190548126480899,-0.6190548126480899,0.1015,0.16935483870967744,harm
0.75,0.5,9.4,0.14500000000000002,0.0,0.1,0.05031847133757959,-0.0050318471337579595,0.5,0.49345970209357853,-0.006540297906421466,-0.6540297906421466,0.1015,0.17021276595744683,harm
0.75,0.5,9.5,0.14500000000000002,0.0,0.1,0.05254777070063691,-0.005254777070063691,0.5,0.49310440215721335,-0.006895597842786649,-0.6895597842786649,0.1015,0.17105263157894737,harm
0.75,0.5,9.6,0.14500000000000002,0.0,0.1,0.05477707006369422,-0.005477707006369422,0.5,0.4927435542525678,-0.0072564457474322275,-0.7256445747432227,0.1015,0.171875,harm
0.75,0.5,9.7,0.14500000000000002,0.0,0.1,0.05700636942675154,-0.005700636942675154,0.5,0.4923771607026176,-0.007622839297382389,-0.7622839297382389,0.1015,0.17268041237113402,harm
0.75,0.5,9.8,0.14500000000000002,0.0,0.1,0.0592356687898089,-0.00592356687898089,0.5,0.4920052239700542,-0.007994776029945805,-0.7994776029945805,0.1015,0.17346938775510207,harm
0.75,0.5,9.9,0.14500000000000002,0.0,0.1,0.061464968152866215,-0.006146496815286622,0.5,0.4916277466622426,-0.008372253337757374,-0.8372253337757374,0.1015,0.17424242424242425,harm
0.75,0.5,10.0,0.14500000000000002,0.0,0.1,0.06369426751592352,-0.006369426751592353,0.5,0.49124473153625325,-0.008755268463746746,-0.8755268463746746,0.1015,0.175,harm
0.75,0.5,10.100000000000001,0.14500000000000002,0.0,0.1,0.06592356687898089,-0.00659235668789809,0.5,0.4908561815039666,-0.009143818496033407,-0.9143818496033407,0.1015,0.17574257425742576,harm
0.75,0.5,10.2,0.14500000000000002,0.0,0.1,0.06815286624203816,-0.0068152866242038165,0.5,0.4904620996372503,-0.009537900362749707,-0.9537900362749707,0.1015,0.1764705882352941,harm
0.75,0.5,10.3,0.14500000000000002,0.0,0.1,0.07038216560509553,-0.007038216560509553,0.5,0.49006248917320694,-0.009937510826793061,-0.9937510826793061,0.1015,0.17718446601941748,harm
0.75,0.5,10.4,0.14500000000000002,0.0,0.1,0.07261146496815284,-0.007261146496815284,0.5,0.48965735351949286,-0.010342646480507145,-1.0342646480507145,0.1015,0.1778846153846154,harm
0.75,0.5,10.5,0.14500000000000002,0.0,0.1,0.07484076433121015,-0.007484076433121015,0.5,0.4892466962597067,-0.010753303740293318,-1.0753303740293318,0.1015,0.17857142857142858,harm
0.75,0.5,10.600000000000001,0.14500000000000002,0.0,0.1,0.07707006369426751,-0.007707006369426752,0.5,0.48883052115884573,-0.011169478841154268,-1.1169478841154268,0.1015,0.17924528301886794,harm
0.75,0.5,10.7,0.14500000000000002,0.0,0.1,0.07929936305732478,-0.007929936305732478,0.5,0.48840883216883135,-0.011591167831168647,-1.1591167831168647,0.1015,0.17990654205607476,harm
0.75,0.5,10.8,0.14500000000000002,0.0,0.1,0.08152866242038215,-0.008152866242038216,0.5,0.48798163343410006,-0.01201836656589994,-1.201836656589994,0.1015,0.18055555555555558,harm
0.75,0.5,10.9,0.14500000000000002,0.0,0.1,0.08375796178343946,-0.008375796178343947,0.5,0.4875489292972609,-0.012451070702739098,-1.2451070702739098,0.1015,0.1811926605504587,harm
0.75,0.5,11.0,0.14500000000000002,0.0,0.1,0.08598726114649677,-0.008598726114649678,0.5,0.48711072430481694,-0.012889275695183056,-1.2889275695183056,0.1015,0.18181818181818182,harm
0.75,0.5,11.100000000000001,0.14500000000000002,0.0,0.1,0.08821656050955413,-0.008821656050955414,0.5,0.48666702321295097,-0.013332976787049033,-1.3332976787049033,0.1015,0.18243243243243246,harm
0.75,0.5,11.2,0.14500000000000002,0.0,0.1,0.0904458598726114,-0.00904458598726114,0.5,0.4862178309933724,-0.013782169006627598,-1.3782169006627598,0.1015,0.1830357142857143,harm
0.75,0.5,11.3,0.14500000000000002,0.0,0.1,0.09267515923566877,-0.009267515923566878,0.5,0.4857631528392263,-0.014236847160773725,-1.4236847160773725,0.1015,0.1836283185840708,harm
0.75,0.5,11.4,0.14500000000000002,0.0,0.1,0.09490445859872608,-0.009490445859872609,0.5,0.48530299417106104,-0.014697005828938958,-1.4697005828938958,0.1015,0.1842105263157895,harm
0.75,0.5,11.5,0.14500000000000002,0.0,0.1,0.09713375796178339,-0.00971337579617834,0.5,0.4848373606428552,-0.015162639357144791,-1.5162639357144791,0.1015,0.18478260869565216,harm
0.75,0.5,11.600000000000001,0.14500000000000002,0.0,0.1,0.09936305732484076,-0.009936305732484076,0.5,0.4843662581481011,-0.01563374185189892,-1.563374185189892,0.1015,0.1853448275862069,harm
0.75,0.5,11.7,0.14500000000000002,0.0,0.1,0.10159235668789802,-0.010159235668789804,0.5,0.4838896928259434,-0.016110307174056593,-1.6110307174056593,0.1015,0.1858974358974359,harm
0.75,0.5,11.8,0.14500000000000002,0.0,0.1,0.10382165605095539,-0.01038216560509554,0.5,0.4834076710673725,-0.01659232893262752,-1.659232893262752,0.1015,0.1864406779661017,harm
0.75,0.5,11.9,0.14500000000000002,0.0,0.1,0.1060509554140127,-0.010605095541401271,0.5,0.4829201995214697,-0.017079800478530305,-1.7079800478530305,0.1015,0.1869747899159664,harm
0.75,0.5,12.0,0.14500000000000002,0.0,0.1,0.10828025477707003,-0.010828025477707004,0.5,0.48242728510170324,-0.01757271489829676,-1.757271489829676,0.1015,0.1875,harm
0.75,0.5,12.100000000000001,0.14500000000000002,0.0,0.1,0.11050955414012738,-0.011050955414012738,0.5,0.48192893499227385,-0.01807106500772615,-1.807106500772615,0.1015,0.18801652892561985,harm
0.75,0.5,12.2,0.14500000000000002,0.0,0.1,0.11273885350318465,-0.011273885350318466,0.5,0.481425156654507,-0.018574843345492975,-1.8574843345492975,0.1015,0.1885245901639344,harm
0.75,0.5,12.3,0.14500000000000002,0.0,0.1,0.11496815286624201,-0.011496815286624202,0.5,0.4809159578332911,-0.019084042166708892,-1.9084042166708892,0.1015,0.18902439024390244,harm
0.75,0.5,12.4,0.14500000000000002,0.0,0.1,0.11719745222929932,-0.011719745222929933,0.5,0.48040134656355915,-0.01959865343644085,-1.959865343644085,0.1015,0.18951612903225806,harm
0.75,0.5,12.5,0.14500000000000002,0.0,0.1,0.11942675159235665,-0.011942675159235666,0.5,0.4798813311768124,-0.02011866882318758,-2.011866882318758,0.1015,0.19,harm
0.75,0.5,12.600000000000001,0.14500000000000002,0.0,0.1,0.121656050955414,-0.0121656050955414,0.5,0.47935592030768304,-0.020644079692316963,-2.0644079692316963,0.1015,0.19047619047619047,harm
0.75,0.5,12.7,0.14500000000000002,0.0,0.1,0.12388535031847127,-0.012388535031847128,0.5,0.47882512290053547,-0.02117487709946453,-2.117487709946453,0.1015,0.19094488188976377,harm
0.75,0.5,12.8,0.14500000000000002,0.0,0.1,0.12611464968152863,-0.012611464968152864,0.5,0.47828894821610196,-0.02171105178389804,-2.171105178389804,0.1015,0.19140625,harm
0.75,0.5,12.9,0.14500000000000002,0.0,0.1,0.12834394904458596,-0.012834394904458597,0.5,0.4777474058381528,-0.022252594161847217,-2.2252594161847217,0.1015,0.19186046511627908,harm
0.75,0.5,13.0,0.14500000000000002,0.0,0.1,0.13057324840764326,-0.013057324840764327,0.5,0.4772005056801961,-0.02279949431980388,-2.279949431980388,0.1015,0.1923076923076923,harm
0.75,0.5,13.100000000000001,0.14500000000000002,0.0,0.1,0.13280254777070064,-0.013280254777070065,0.5,0.476648257992208,-0.023351742007791998,-2.3351742007792,0.1015,0.19274809160305345,harm
0.75,0.5,13.2,0.14500000000000002,0.0,0.1,0.1350318471337579,-0.01350318471337579,0.5,0.4760906733673872,-0.023909326632612804,-2.3909326632612804,0.1015,0.19318181818181818,harm
0.75,0.5,13.3,0.14500000000000002,0.0,0.1,0.13726114649681526,-0.013726114649681527,0.5,0.4755277627489346,-0.0244722372510654,-2.44722372510654,0.1015,0.19360902255639098,harm
0.75,0.5,13.4,0.14500000000000002,0.0,0.1,0.13949044585987258,-0.01394904458598726,0.5,0.47495953743685404,-0.02504046256314596,-2.504046256314596,0.1015,0.19402985074626866,harm
0.75,0.5,13.5,0.14500000000000002,0.0,0.1,0.14171974522292988,-0.014171974522292989,0.5,0.474386009094771,-0.025613990905228978,-2.561399090522898,0.1015,0.19444444444444445,harm
0.75,0.5,13.600000000000001,0.14500000000000002,0.0,0.1,0.14394904458598726,-0.014394904458598727,0.5,0.47380718975676794,-0.026192810243232056,-2.6192810243232056,0.1015,0.1948529411764706,harm
0.75,0.5,13.7,0.14500000000000002,0.0,0.1,0.14617834394904453,-0.014617834394904453,0.5,0.47322309183423206,-0.026776908165767943,-2.6776908165767943,0.1015,0.19525547445255476,harm
0.75,0.5,13.8,0.14500000000000002,0.0,0.1,0.14840764331210188,-0.014840764331210189,0.5,0.4726337281227142,-0.027366271877285797,-2.7366271877285797,0.1015,0.1956521739130435,harm
0.75,0.5,13.9,0.14500000000000002,0.0,0.1,0.1506369426751592,-0.015063694267515922,0.5,0.4720391118087945,-0.027960888191205513,-2.796088819120551,0.1015,0.1960431654676259,harm
0.75,0.5,14.0,0.14500000000000002,0.0,0.1,0.1528662420382165,-0.015286624203821651,0.5,0.4714392564769523,-0.028560743523047716,-2.8560743523047716,0.1015,0.19642857142857142,harm
0.75,0.5,6.0,0.14750000000000002,0.0,0.1,-0.028692879914984086,0.002869287991498409,0.5,0.5025105735978663,0.002510573597866328,0.2510573597866328,0.10325000000000002,0.125,improvement
0.75,0.5,6.1,0.14750000000000002,0.0,0.1,-0.02651434643995752,0.002651434643995752,0.5,0.5023531039817073,0.002353103981707294,0.2353103981707294,0.10325000000000002,0.12704918032786883,improvement
0.75,0.5,6.2,0.14750000000000002,0.0,0.1,-0.024335812964930956,0.002433581296493096,0.5,0.5021901872374401,0.002190187237440133,0.21901872374401332,0.10325000000000002,0.12903225806451613,improvement
0.75,0.5,6.3,0.14750000000000002,0.0,0.1,-0.022157279489904393,0.0022157279489904394,0.5,0.5020218233072261,0.0020218233072261116,0.20218233072261116,0.10325000000000002,0.13095238095238093,improvement
0.75,0.5,6.4,0.14750000000000002,0.0,0.1,-0.019978746014877806,0.0019978746014877808,0.5,0.5018480121479021,0.0018480121479020895,0.18480121479020895,0.10325000000000002,0.1328125,improvement
0.75,0.5,6.5,0.14750000000000002,0.0,0.1,-0.017800212539851243,0.0017800212539851243,0.5,0.5016687537329902,0.0016687537329902469,0.1668753732990247,0.10325000000000002,0.1346153846153846,improvement
0.75,0.5,6.6,0.14750000000000002,0.0,0.1,-0.01562167906482468,0.001562167906482468,0.5,0.5014840480547866,0.0014840480547866353,0.14840480547866353,0.10325000000000002,0.13636363636363635,improvement
0.75,0.5,6.7,0.14750000000000002,0.0,0.1,-0.013443145589798117,0.0013443145589798118,0.5,0.5012938951265253,0.0012938951265253351,0.1293895126525335,0.10325000000000002,0.13805970149253732,improvement
0.75,0.5,6.8,0.14750000000000002,0.0,0.1,-0.011264612114771554,0.0011264612114771555,0.5,0.5010982949846213,0.0010982949846213286,0.10982949846213286,0.10325000000000002,0.13970588235294118,improvement
0.75,0.5,6.9,0.14750000000000002,0.0,0.1,-0.009086078639744966,0.0009086078639744966,0.5,0.5008972476909915,0.0008972476909915317,0.08972476909915317,0.10325000000000002,0.14130434782608697,improvement
0.75,0.5,7.0,0.14750000000000002,0.0,0.1,-0.006907545164718426,0.0006907545164718426,0.5,0.5006907533354514,0.0006907533354514328,0.06907533354514328,0.10325000000000002,0.14285714285714285,improvement
0.75,0.5,7.1,0.14750000000000002,0.0,0.1,-0.004729011689691863,0.00047290116896918626,0.5,0.5004788120381909,0.00047881203819089,0.047881203819089,0.10325000000000002,0.14436619718309857,improvement
0.75,0.5,7.2,0.14750000000000002,0.0,0.1,-0.0025504782146652757,0.00025504782146652756,0.5,0.5002614239523258,0.00026142395232575666,0.026142395232575666,0.10325000000000002,0.14583333333333334,improvement
0.75,0.5,7.3,0.14750000000000002,0.0,0.1,-0.00037194473963871207,3.719447396387121e-05,0.5,0.5000385892665284,3.8589266528443744e-05,0.0038589266528443744,0.10325000000000002,0.14726027397260272,improvement
0.75,0.5,7.4,0.14750000000000002,0.0,0.1,0.0018065887353878513,-0.00018065887353878513,0.5,0.49981030820773437,-0.00018969179226563382,-0.018969179226563382,0.10325000000000002,0.14864864864864866,harm
0.75,0.5,7.5,0.14750000000000002,0.0,0.1,0.003985122210414415,-0.0003985122210414415,0.5,0.4995765810439259,-0.0004234189560741175,-0.04234189560741175,0.10325000000000002,0.15,harm
0.75,0.5,7.6,0.14750000000000002,0.0,0.1,0.006163655685440979,-0.0006163655685440979,0.5,0.49933740808699345,-0.0006625919130065494,-0.06625919130065494,0.10325000000000002,0.1513157894736842,harm
0.75,0.5,7.7,0.14750000000000002,0.0,0.1,0.008342189160467566,-0.0008342189160467566,0.5,0.49909278969567394,-0.000907210304326056,-0.0907210304326056,0.10325000000000002,0.1525974025974026,harm
0.75,0.5,7.8,0.14750000000000002,0.0,0.1,0.01052072263549413,-0.001052072263549413,0.5,0.49884272627856485,-0.001157273721435148,-0.1157273721435148,0.10325000000000002,0.15384615384615385,harm
0.75,0.5,7.9,0.14750000000000002,0.0,0.1,0.012699256110520692,-0.0012699256110520693,0.5,0.49858721829721614,-0.0014127817027838607,-0.14127817027838607,0.10325000000000002,0.1550632911392405,harm
0.75,0.5,8.0,0.14750000000000002,0.0,0.1,0.014877789585547255,-0.0014877789585547255,0.5,0.4983262662692983,-0.0016737337307016764,-0.16737337307016764,0.10325000000000002,0.15625,harm
0.75,0.5,8.1,0.14750000000000002,0.0,0.1,0.01705632306057382,-0.001705632306057382,0.5,0.49805987077184666,-0.0019401292281533422,-0.19401292281533422,0.10325000000000002,0.15740740740740738,harm
0.75,0.5,8.2,0.14750000000000002,0.0,0.1,0.01923485653560038,-0.0019234856535600383,0.5,0.4977880324445818,-0.002211967555418193,-0.22119675554181928,0.10325000000000002,0.15853658536585363,harm
0.75,0.5,8.3,0.14750000000000002,0.0,0.1,0.02141339001062697,-0.002141339001062697,0.5,0.49751075199330663,-0.0024892480066933675,-0.24892480066933675,0.10325000000000002,0.15963855421686748,harm
0.75,0.5,8.4,0.14750000000000002,0.0,0.1,0.023591923485653532,-0.002359192348565353,0.5,0.4972280301933784,-0.002771969806621588,-0.2771969806621588,0.10325000000000002,0.1607142857142857,harm
0.75,0.5,8.5,0.14750000000000002,0.0,0.1,0.0257704569606801,-0.00257704569606801,0.5,0.4969398678932573,-0.003060132106742719,-0.3060132106742719,0.10325000000000002,0.16176470588235292,harm
0.75,0.5,8.6,0.14750000000000002,0.0,0.1,0.02794899043570666,-0.002794899043570666,0.5,0.4966462660181292,-0.0033537339818707768,-0.3353733981870777,0.10325000000000002,0.16279069767441862,harm
0.75,0.5,8.7,0.14750000000000002,0.0,0.1,0.0301275239107332,-0.00301275239107332,0.5,0.49634722557360533,-0.003652774426394667,-0.3652774426394667,0.10325000000000002,0.16379310344827586,harm
0.75,0.5,8.8,0.14750000000000002,0.0,0.1,0.03230605738575981,-0.0032306057385759813,0.5,0.49604274764949446,-0.003957252350505536,-0.39572523505055357,0.10325000000000002,0.1647727272727273,harm
0.75,0.5,8.9,0.14750000000000002,0.0,0.1,0.034484590860786375,-0.0034484590860786378,0.5,0.4957328334236517,-0.004267166576348291,-0.42671665763482913,0.10325000000000002,0.1657303370786517,harm
0.75,0.5,9.0,0.14750000000000002,0.0,0.1,0.03666312433581294,-0.003666312433581294,0.5,0.49541748416590065,-0.004582515834099354,-0.45825158340993544,0.10325000000000002,0.16666666666666669,harm
0.75,0.5,9.1,0.14750000000000002,0.0,0.1,0.03884165781083948,-0.003884165781083948,0.5,0.4950967012420292,-0.004903298757970798,-0.49032987579707976,0.10325000000000002,0.1675824175824176,harm
0.75,0.5,9.2,0.14750000000000002,0.0,0.1,0.041020191285866044,-0.004102019128586604,0.5,0.49477048611785945,-0.005229513882140546,-0.5229513882140546,0.10325000000000002,0.16847826086956522,harm
0.75,0.5,9.3,0.14750000000000002,0.0,0.1,0.043198724760892655,-0.004319872476089266,0.5,0.4944388403633906,-0.005561159636609414,-0.5561159636609414,0.10325000000000002,0.16935483870967744,harm
0.75,0.5,9.4,0.14750000000000002,0.0,0.1,0.04537725823591919,-0.004537725823591919,0.5,0.49410176565701414,-0.005898234342985864,-0.5898234342985864,0.10325000000000002,0.17021276595744683,harm
0.75,0.5,9.5,0.14750000000000002,0.0,0.1,0.047555791710945754,-0.004755579171094575,0.5,0.49375926378980217,-0.006240736210197828,-0.6240736210197828,0.10325000000000002,0.17105263157894737,harm
0.75,0.5,9.6,0.14750000000000002,0.0,0.1,0.04973432518597232,-0.004973432518597232,0.5,0.49341133666986703,-0.006588663330132971,-0.6588663330132971,0.10325000000000002,0.171875,harm
0.75,0.5,9.7,0.14750000000000002,0.0,0.1,0.05191285866099888,-0.005191285866099888,0.5,0.4930579863267923,-0.006942013673207681,-0.6942013673207681,0.10325000000000002,0.17268041237113402,harm
0.75,0.5,9.8,0.14750000000000002,0.0,0.1,0.05409139213602549,-0.005409139213602549,0.5,0.4926992149161349,-0.007300785083865113,-0.7300785083865113,0.10325000000000002,0.17346938775510207,harm
0.75,0.5,9.9,0.14750000000000002,0.0,0.1,0.056269925611052034,-0.005626992561105204,0.5,0.49233502472399726,-0.007664975276002739,-0.7664975276002739,0.10325000000000002,0.17424242424242425,harm
0.75,0.5,10.0,0.14750000000000002,0.0,0.1,0.05844845908607862,-0.005844845908607862,0.5,0.4919654181716694,-0.008034581828330611,-0.8034581828330611,0.10325000000000002,0.175,harm
0.75,0.5,10.100000000000001,0.14750000000000002,0.0,0.1,0.06062699256110521,-0.006062699256110521,0.5,0.4915903978203403,-0.008409602179659692,-0.8409602179659692,0.10325000000000002,0.17574257425742576,harm
0.75,0.5,10.2,0.14750000000000002,0.0,0.1,0.0628055260361317,-0.00628055260361317,0.5,0.4912099663758769,-0.008790033624123117,-0.8790033624123117,0.10325000000000002,0.1764705882352941,harm
0.75,0.5,10.3,0.14750000000000002,0.0,0.1,0.06498405951115833,-0.006498405951115834,0.5,0.490824126693672,-0.00917587330632802,-0.917587330632802,0.10325000000000002,0.17718446601941748,harm
0.75,0.5,10.4,0.14750000000000002,0.0,0.1,0.06716259298618488,-0.006716259298618488,0.5,0.49043288178355876,-0.00956711821644124,-0.9567118216441239,0.10325000000000002,0.1778846153846154,harm
0.75,0.5,10.5,0.14750000000000002,0.0,0.1,0.06934112646121142,-0.006934112646121142,0.5,0.4900362348147914,-0.009963765185208584,-0.9963765185208584,0.10325000000000002,0.17857142857142858,harm
0.75,0.5,10.600000000000001,0.14750000000000002,0.0,0.1,0.07151965993623804,-0.0071519659936238045,0.5,0.4896341891210915,-0.010365810878908477,-1.0365810878908477,0.10325000000000002,0.17924528301886794,harm
0.75,0.5,10.7,0.14750000000000002,0.0,0.1,0.07369819341126455,-0.007369819341126455,0.5,0.4892267482057598,-0.010773251794240213,-1.0773251794240213,0.10325000000000002,0.17990654205607476,harm
0.75,0.5,10.8,0.14750000000000002,0.0,0.1,0.07587672688629113,-0.007587672688629113,0.5,0.48881391574685024,-0.011186084253149764,-1.1186084253149764,0.10325000000000002,0.18055555555555558,harm
0.75,0.5,10.9,0.14750000000000002,0.0,0.1,0.07805526036131771,-0.007805526036131771,0.5,0.48839569560240903,-0.01160430439759097,-1.160430439759097,0.10325000000000002,0.1811926605504587,harm
0.75,0.5,11.0,0.14750000000000002,0.0,0.1,0.08023379383634426,-0.008023379383634425,0.5,0.4879720918157744,-0.01202790818422561,-1.202790818422561,0.10325000000000002,0.18181818181818182,harm
0.75,0.5,11.100000000000001,0.14750000000000002,0.0,0.1,0.08241232731137084,-0.008241232731137084,0.5,0.4875431086209373,-0.012456891379062696,-1.2456891379062696,0.10325000000000002,0.18243243243243246,harm
0.75,0.5,11.2,0.14750000000000002,0.0,0.1,0.08459086078639738,-0.008459086078639738,0.5,0.4871087504479637,-0.012891249552036299,-1.28912495520363,0.10325000000000002,0.1830357142857143,harm
0.75,0.5,11.3,0.14750000000000002,0.0,0.1,0.08676939426142397,-0.008676939426142397,0.5,0.4866690219284737,-0.013330978071526278,-1.3330978071526278,0.10325000000000002,0.1836283185840708,harm
0.75,0.5,11.4,0.14750000000000002,0.0,0.1,0.08894792773645055,-0.008894792773645055,0.5,0.4862239279011804,-0.013776072098819592,-1.3776072098819592,0.10325000000000002,0.1842105263157895,harm
0.75,0.5,11.5,0.14750000000000002,0.0,0.1,0.09112646121147709,-0.00911264612114771,0.5,0.4857734734174844,-0.014226526582515608,-1.4226526582515608,0.10325000000000002,0.18478260869565216,harm
0.75,0.5,11.600000000000001,0.14750000000000002,0.0,0.1,0.09330499468650369,-0.00933049946865037,0.5,0.48531766374712376,-0.014682336252876238,-1.4682336252876238,0.10325000000000002,0.1853448275862069,harm
0.75,0.5,11.7,0.14750000000000002,0.0,0.1,0.09548352816153022,-0.009548352816153023,0.5,0.4848565043838793,-0.015143495616120717,-1.5143495616120717,0.10325000000000002,0.1858974358974359,harm
0.75,0.5,11.8,0.14750000000000002,0.0,0.1,0.09766206163655682,-0.009766206163655682,0.5,0.4843900010513313,-0.015609998948668713,-1.5609998948668713,0.10325000000000002,0.1864406779661017,harm
0.75,0.5,11.9,0.14750000000000002,0.0,0.1,0.0998405951115834,-0.009984059511158341,0.5,0.4839181597086691,-0.016081840291330918,-1.6081840291330918,0.10325000000000002,0.1869747899159664,harm
0.75,0.5,12.0,0.14750000000000002,0.0,0.1,0.10201912858660994,-0.010201912858660995,0.5,0.48344098655655,-0.01655901344345001,-1.655901344345001,0.10325000000000002,0.1875,harm
0.75,0.5,12.100000000000001,0.14750000000000002,0.0,0.1,0.10419766206163653,-0.010419766206163653,0.5,0.4829584880430071,-0.017041511956992883,-1.7041511956992883,0.10325000000000002,0.18801652892561985,harm
0.75,0.5,12.2,0.14750000000000002,0.0,0.1,0.10637619553666307,-0.010637619553666308,0.5,0.4824706708694051,-0.017529329130594906,-1.7529329130594906,0.10325000000000002,0.1885245901639344,harm
0.75,0.5,12.3,0.14750000000000002,0.0,0.1,0.10855472901168965,-0.010855472901168966,0.5,0.48197754199644005,-0.01802245800355995,-1.802245800355995,0.10325000000000002,0.18902439024390244,harm
0.75,0.5,12.4,0.14750000000000002,0.0,0.1,0.1107332624867162,-0.01107332624867162,0.5,0.4814791086501849,-0.018520891349815105,-1.8520891349815105,0.10325000000000002,0.18951612903225806,harm
0.75,0.5,12.5,0.14750000000000002,0.0,0.1,0.11291179596174278,-0.011291179596174278,0.5,0.4809753783281763,-0.019024621671823727,-1.9024621671823727,0.10325000000000002,0.19,harm
0.75,0.5,12.600000000000001,0.14750000000000002,0.0,0.1,0.11509032943676936,-0.011509032943676938,0.5,0.48046635880554245,-0.01953364119445755,-1.9533641194457552,0.10325000000000002,0.19047619047619047,harm
0.75,0.5,12.7,0.14750000000000002,0.0,0.1,0.1172688629117959,-0.011726886291179591,0.5,0.47995205814116937,-0.02004794185883063,-2.004794185883063,0.10325000000000002,0.19094488188976377,harm
0.75,0.5,12.8,0.14750000000000002,0.0,0.1,0.11944739638682249,-0.011944739638682249,0.5,0.47943248468390454,-0.020567515316095464,-2.0567515316095464,0.10325000000000002,0.19140625,harm
0.75,0.5,12.9,0.14750000000000002,0.0,0.1,0.12162592986184903,-0.012162592986184904,0.5,0.4789076470787952,-0.021092352921204816,-2.1092352921204816,0.10325000000000002,0.19186046511627908,harm
0.75,0.5,13.0,0.14750000000000002,0.0,0.1,0.12380446333687561,-0.012380446333687562,0.5,0.47837755427336004,-0.02162244572663996,-2.162244572663996,0.10325000000000002,0.1923076923076923,harm
0.75,0.5,13.100000000000001,0.14750000000000002,0.0,0.1,0.1259829968119022,-0.01259829968119022,0.5,0.4778422155238915,-0.0221577844761085,-2.21577844761085,0.10325000000000002,0.19274809160305345,harm
0.75,0.5,13.2,0.14750000000000002,0.0,0.1,0.12816153028692875,-0.012816153028692876,0.5,0.4773016404017876,-0.022698359598212425,-2.2698359598212425,0.10325000000000002,0.19318181818181818,harm
0.75,0.5,13.3,0.14750000000000002,0.0,0.1,0.13034006376195534,-0.013034006376195534,0.5,0.4767558387999096,-0.023244161200090374,-2.3244161200090376,0.10325000000000002,0.19360902255639098,harm
0.75,0.5,13.4,0.14750000000000002,0.0,0.1,0.13251859723698187,-0.013251859723698188,0.5,0.47620482093896543,-0.023795179061034566,-2.3795179061034566,0.10325000000000002,0.19402985074626866,harm
0.75,0.5,13.5,0.14750000000000002,0.0,0.1,0.13469713071200845,-0.013469713071200845,0.5,0.4756485973739141,-0.024351402626085927,-2.4351402626085927,0.10325000000000002,0.19444444444444445,harm
0.75,0.5,13.600000000000001,0.14750000000000002,0.0,0.1,0.13687566418703503,-0.013687566418703504,0.5,0.47508717900039066,-0.024912820999609342,-2.491282099960934,0.10325000000000002,0.1948529411764706,harm
0.75,0.5,13.7,0.14750000000000002,0.0,0.1,0.13905419766206153,-0.013905419766206155,0.5,0.4745205770611488,-0.025479422938851193,-2.5479422938851193,0.10325000000000002,0.19525547445255476,harm
0.75,0.5,13.8,0.14750000000000002,0.0,0.1,0.14123273113708817,-0.014123273113708819,0.5,0.473948803152518,-0.026051196847482028,-2.6051196847482028,0.10325000000000002,0.1956521739130435,harm
0.75,0.5,13.9,0.14750000000000002,0.0,0.1,0.1434112646121147,-0.014341126461211471,0.5,0.47337186923087315,-0.026628130769126845,-2.6628130769126845,0.10325000000000002,0.1960431654676259,harm
0.75,0.5,14.0,0.14750000000000002,0.0,0.1,0.14558979808714126,-0.014558979808714127,0.5,0.47278978761911433,-0.027210212380885668,-2.721021238088567,0.10325000000000002,0.19642857142857142,harm
0.75,0.5,6.0,0.15000000000000002,0.0,0.1,-0.0319148936170213,0.0031914893617021305,0.5,0.5027924797142466,0.002792479714246565,0.2792479714246565,0.10500000000000002,0.125,improvement
0.75,0.5,6.1,0.15000000000000002,0.0,0.1,-0.029787234042553217,0.002978723404255322,0.5,0.502643554258279,0.0026435542582790017,0.26435542582790017,0.10500000000000002,0.12704918032786883,improvement
0.75,0.5,6.2,0.15000000000000002,0.0,0.1,-0.02765957446808513,0.0027659574468085132,0.5,0.5024893089492638,0.002489308949263802,0.2489308949263802,0.10500000000000002,0.12903225806451613,improvement
0.75,0.5,6.3,0.15000000000000002,0.0,0.1,-0.025531914893617044,0.0025531914893617046,0.5,0.5023297437106466,0.002329743710646648,0.2329743710646648,0.10500000000000002,0.13095238095238093,improvement
0.75,0.5,6.4,0.15000000000000002,0.0,0.1,-0.023404255319148956,0.0023404255319148955,0.5,0.5021648584774051,0.002164858477405107,0.21648584774051072,0.10500000000000002,0.1328125,improvement
0.75,0.5,6.5,0.15000000000000002,0.0,0.1,-0.021276595744680868,0.002127659574468087,0.5,0.5019946531978556,0.0019946531978556337,0.19946531978556337,0.10500000000000002,0.1346153846153846,improvement
0.75,0.5,6.6,0.15000000000000002,0.0,0.1,-0.019148936170212807,0.0019148936170212808,0.5,0.5018191278355313,0.0018191278355312868,0.18191278355312868,0.10500000000000002,0.13636363636363635,improvement
0.75,0.5,6.7,0.15000000000000002,0.0,0.1,-0.01702127659574472,0.001702127659574472,0.5,0.5016382823711335,0.0016382823711335037,0.16382823711335037,0.10500000000000002,0.13805970149253732,improvement
0.75,0.5,6.8,0.15000000000000002,0.0,0.1,-0.014893617021276633,0.0014893617021276633,0.5,0.5014521168045547,0.001452116804554704,0.1452116804554704,0.10500000000000002,0.13970588235294118,improvement
0.75,0.5,6.9,0.15000000000000002,0.0,0.1,-0.012765957446808545,0.0012765957446808545,0.5,0.5012606311569738,0.0012606311569738349,0.1260631156973835,0.10500000000000002,0.14130434782608697,improvement
0.75,0.5,7.0,0.15000000000000002,0.0,0.1,-0.010638297872340458,0.0010638297872340458,0.5,0.5010638254730244,0.0010638254730244157,0.10638254730244157,0.10500000000000002,0.14285714285714285,improvement
0.75,0.5,7.1,0.15000000000000002,0.0,0.1,-0.008510638297872372,0.0008510638297872372,0.5,0.5008616998230342,0.0008616998230341899,0.08616998230341899,0.10500000000000002,0.14436619718309857,improvement
0.75,0.5,7.2,0.15000000000000002,0.0,0.1,-0.0063829787234042845,0.0006382978723404285,0.5,0.5006542543053367,0.0006542543053367211,0.06542543053367211,0.10500000000000002,0.14583333333333334,improvement
0.75,0.5,7.3,0.15000000000000002,0.0,0.1,-0.004255319148936197,0.00042553191489361973,0.5,0.5004414890486559,0.00044148904865592975,0.044148904865592975,0.10500000000000002,0.14726027397260272,improvement
0.75,0.5,7.4,0.15000000000000002,0.0,0.1,-0.0021276595744681107,0.00021276595744681108,0.5,0.5002234042145624,0.0002234042145623505,0.02234042145623505,0.10500000000000002,0.14864864864864866,improvement
0.75,0.5,7.5,0.15000000000000002,0.0,0.1,-4.724353296277262e-17,4.7243532962772625e-18,0.5,0.5,0.0,0.0,0.10500000000000002,0.15,zero
0.75,0.5,7.6,0.15000000000000002,0.0,0.1,0.0021276595744680396,-0.00021276595744680398,0.5,0.4997712766398879,-0.00022872336011209304,-0.022872336011209304,0.10500000000000002,0.1513157894736842,harm
0.75,0.5,7.7,0.15000000000000002,0.0,0.1,0.004255319148936127,-0.00042553191489361273,0.5,0.4995372344097908,-0.00046276559020919095,-0.046276559020919095,0.10500000000000002,0.1525974025974026,harm
0.75,0.5,7.8,0.15000000000000002,0.0,0.1,0.006382978723404213,-0.0006382978723404214,0.5,0.4992978736286629,-0.0007021263713370973,-0.07021263713370973,0.10500000000000002,0.15384615384615385,harm
0.75,0.5,7.9,0.15000000000000002,0.0,0.1,0.0085106382978723,-0.0008510638297872301,0.5,0.4990531946616631,-0.000946805338336909,-0.0946805338336909,0.10500000000000002,0.1550632911392405,harm
0.75,0.5,8.0,0.15000000000000002,0.0,0.1,0.010638297872340387,-0.0010638297872340387,0.5,0.4988031979230414,-0.001196802076958603,-0.1196802076958603,0.10500000000000002,0.15625,harm
0.75,0.5,8.1,0.15000000000000002,0.0,0.1,0.012765957446808474,-0.0012765957446808475,0.5,0.49854788387909676,-0.0014521161209032352,-0.14521161209032352,0.10500000000000002,0.15740740740740738,harm
0.75,0.5,8.2,0.15000000000000002,0.0,0.1,0.014893617021276537,-0.0014893617021276538,0.5,0.4982872530512069,-0.0017127469487930869,-0.1712746948793087,0.10500000000000002,0.15853658536585363,harm
0.75,0.5,8.3,0.15000000000000002,0.0,0.1,0.017021276595744646,-0.0017021276595744648,0.5,0.4980213060189277,-0.0019786939810723103,-0.19786939810723103,0.10500000000000002,0.15963855421686748,harm
0.75,0.5,8.4,0.15000000000000002,0.0,0.1,0.019148936170212735,-0.0019148936170212735,0.5,0.49775004342316537,-0.002249956576834633,-0.2249956576834633,0.10500000000000002,0.1607142857142857,harm
0.75,0.5,8.5,0.15000000000000002,0.0,0.1,0.021276595744680823,-0.0021276595744680825,0.5,0.4974734659694177,-0.0025265340305822837,-0.25265340305822837,0.10500000000000002,0.16176470588235292,harm
0.75,0.5,8.6,0.15000000000000002,0.0,0.1,0.023404255319148887,-0.0023404255319148886,0.5,0.49719157443108697,-0.002808425568913031,-0.2808425568913031,0.10500000000000002,0.16279069767441862,harm
0.75,0.5,8.7,0.15000000000000002,0.0,0.1,0.02553191489361697,-0.0025531914893616972,0.5,0.4969043696528629,-0.0030956303471371127,-0.30956303471371127,0.10500000000000002,0.16379310344827586,harm
0.75,0.5,8.8,0.15000000000000002,0.0,0.1,0.027659574468085084,-0.0027659574468085085,0.5,0.4966118525541753,-0.0033881474458247185,-0.33881474458247185,0.10500000000000002,0.1647727272727273,harm
0.75,0.5,8.9,0.15000000000000002,0.0,0.1,0.029787234042553144,-0.0029787234042553145,0.5,0.4963140241327175,-0.003685975867282476,-0.3685975867282476,0.10500000000000002,0.1657303370786517,harm
0.75,0.5,9.0,0.15000000000000002,0.0,0.1,0.03191489361702123,-0.0031914893617021236,0.5,0.49601088546803856,-0.003989114531961435,-0.3989114531961435,0.10500000000000002,0.16666666666666669,harm
0.75,0.5,9.1,0.15000000000000002,0.0,0.1,0.03404255319148932,-0.0034042553191489322,0.5,0.49570243772520517,-0.0042975622747948306,-0.42975622747948306,0.10500000000000002,0.1675824175824176,harm
0.75,0.5,9.2,0.15000000000000002,0.0,0.1,0.03617021276595738,-0.0036170212765957383,0.5,0.4953886821585328,-0.004611317841467177,-0.46113178414671774,0.10500000000000002,0.16847826086956522,harm
0.75,0.5,9.3,0.15000000000000002,0.0,0.1,0.0382978723404255,-0.00382978723404255,0.5,0.495069620115385,-0.004930379884614977,-0.4930379884614977,0.10500000000000002,0.16935483870967744,harm
0.75,0.5,9.4,0.15000000000000002,0.0,0.1,0.04042553191489358,-0.004042553191489358,0.5,0.4947452530400419,-0.00525474695995809,-0.525474695995809,0.10500000000000002,0.17021276595744683,harm
0.75,0.5,9.5,0.15000000000000002,0.0,0.1,0.042553191489361646,-0.004255319148936165,0.5,0.49441558247763595,-0.005584417522364049,-0.5584417522364049,0.10500000000000002,0.17105263157894737,harm
0.75,0.5,9.6,0.15000000000000002,0.0,0.1,0.044680851063829734,-0.004468085106382974,0.5,0.49408061007815585,-0.005919389921844154,-0.5919389921844154,0.10500000000000002,0.171875,harm
0.75,0.5,9.7,0.15000000000000002,0.0,0.1,0.046808510638297815,-0.0046808510638297815,0.5,0.49374033760051744,-0.006259662399482557,-0.6259662399482557,0.10500000000000002,0.17268041237113402,harm
0.75,0.5,9.8,0.15000000000000002,0.0,0.1,0.04893617021276593,-0.004893617021276594,0.5,0.4933947669167018,-0.00660523308329819,-0.660523308329819,0.10500000000000002,0.17346938775510207,harm
0.75,0.5,9.9,0.15000000000000002,0.0,0.1,0.05106382978723399,-0.0051063829787234,0.5,0.49304390001595866,-0.006956099984041342,-0.6956099984041342,0.10500000000000002,0.17424242424242425,harm
0.75,0.5,10.0,0.15000000000000002,0.0,0.1,0.05319148936170208,-0.005319148936170208,0.5,0.49268773900907736,-0.007312260990922637,-0.7312260990922637,0.10500000000000002,0.175,harm
0.75,0.5,10.100000000000001,0.15000000000000002,0.0,0.1,0.05531914893617021,-0.005531914893617021,0.5,0.4923262861327212,-0.007673713867278775,-0.7673713867278775,0.10500000000000002,0.17574257425742576,harm
0.75,0.5,10.2,0.15000000000000002,0.0,0.1,0.05744680851063825,-0.005744680851063826,0.5,0.49195954375382855,-0.008040456246171446,-0.8040456246171446,0.10500000000000002,0.1764705882352941,harm
0.75,0.5,10.3,0.15000000000000002,0.0,0.1,0.05957446808510634,-0.005957446808510634,0.5,0.49158751437407655,-0.00841248562592345,-0.8412485625923449,0.10500000000000002,0.17718446601941748,harm
0.75,0.5,10.4,0.15000000000000002,0.0,0.1,0.061702127659574425,-0.006170212765957443,0.5,0.4912102006344095,-0.00878979936559049,-0.8789799365590489,0.10500000000000002,0.1778846153846154,harm
0.75,0.5,10.5,0.15000000000000002,0.0,0.1,0.0638297872340425,-0.006382978723404251,0.5,0.4908276053196299,-0.009172394680370122,-0.9172394680370122,0.10500000000000002,0.17857142857142858,harm
0.75,0.5,10.600000000000001,0.15000000000000002,0.0,0.1,0.0659574468085106,-0.00659574468085106,0.5,0.49043973136305175,-0.009560268636948255,-0.9560268636948255,0.10500000000000002,0.17924528301886794,harm
0.75,0.5,10.7,0.15000000000000002,0.0,0.1,0.06808510638297864,-0.0068085106382978645,0.5,0.49004658185121586,-0.009953418148784143,-0.9953418148784143,0.10500000000000002,0.17990654205607476,harm
0.75,0.5,10.8,0.15000000000000002,0.0,0.1,0.07021276595744677,-0.0070212765957446775,0.5,0.48964816002866557,-0.010351839971334431,-1.0351839971334431,0.10500000000000002,0.18055555555555558,harm
0.75,0.5,10.9,0.15000000000000002,0.0,0.1,0.07234042553191486,-0.007234042553191486,0.5,0.4892444693027832,-0.010755530697216797,-1.0755530697216797,0.10500000000000002,0.1811926605504587,harm
0.75,0.5,11.0,0.15000000000000002,0.0,0.1,0.0744680851063829,-0.007446808510638291,0.5,0.48883551324868557,-0.011164486751314429,-1.1164486751314429,0.10500000000000002,0.18181818181818182,harm
0.75,0.5,11.100000000000001,0.15000000000000002,0.0,0.1,0.07659574468085104,-0.007659574468085104,0.5,0.4884212956141778,-0.011578704385822203,-1.1578704385822203,0.10500000000000002,0.18243243243243246,harm
0.75,0.5,11.2,0.15000000000000002,0.0,0.1,0.07872340425531907,-0.007872340425531907,0.5,0.48800182032476547,-0.011998179675234533,-1.1998179675234533,0.10500000000000002,0.1830357142857143,harm
0.75,0.5,11.3,0.15000000000000002,0.0,0.1,0.08085106382978721,-0.008085106382978722,0.5,0.48757709148872297,-0.012422908511277031,-1.242290851127703,0.10500000000000002,0.1836283185840708,harm
0.75,0.5,11.4,0.15000000000000002,0.0,0.1,0.08297872340425524,-0.008297872340425524,0.5,0.4871471134022176,-0.012852886597782387,-1.2852886597782387,0.10500000000000002,0.1842105263157895,harm
0.75,0.5,11.5,0.15000000000000002,0.0,0.1,0.08510638297872333,-0.008510638297872334,0.5,0.48671189055448927,-0.013288109445510732,-1.3288109445510732,0.10500000000000002,0.18478260869565216,harm
0.75,0.5,11.600000000000001,0.15000000000000002,0.0,0.1,0.08723404255319146,-0.008723404255319147,0.5,0.4862714276330826,-0.01372857236691738,-1.372857236691738,0.10500000000000002,0.1853448275862069,harm
0.75,0.5,11.7,0.15000000000000002,0.0,0.1,0.08936170212765951,-0.008936170212765951,0.5,0.4858257295291333,-0.014174270470866723,-1.4174270470866723,0.10500000000000002,0.1858974358974359,harm
0.75,0.5,11.8,0.15000000000000002,0.0,0.1,0.0914893617021276,-0.00914893617021276,0.5,0.48537480134270483,-0.014625198657295169,-1.4625198657295169,0.10500000000000002,0.1864406779661017,harm
0.75,0.5,11.9,0.15000000000000002,0.0,0.1,0.09361702127659569,-0.009361702127659568,0.5,0.48491864838817633,-0.015081351611823668,-1.5081351611823668,0.10500000000000002,0.1869747899159664,harm
0.75,0.5,12.0,0.15000000000000002,0.0,0.1,0.09574468085106377,-0.009574468085106378,0.5,0.48445727619967943,-0.015542723800320568,-1.5542723800320568,0.10500000000000002,0.1875,harm
0.75,0.5,12.100000000000001,0.15000000000000002,0.0,0.1,0.0978723404255319,-0.00978723404255319,0.5,0.4839906905365828,-0.01600930946341722,-1.600930946341722,0.10500000000000002,0.18801652892561985,harm
0.75,0.5,12.2,0.15000000000000002,0.0,0.1,0.09999999999999995,-0.009999999999999995,0.5,0.48351889738902404,-0.016481102610975962,-1.6481102610975962,0.10500000000000002,0.1885245901639344,harm
0.75,0.5,12.3,0.15000000000000002,0.0,0.1,0.10212765957446802,-0.010212765957446803,0.5,0.48304190298348615,-0.01695809701651385,-1.6958097016513851,0.10500000000000002,0.18902439024390244,harm
0.75,0.5,12.4,0.15000000000000002,0.0,0.1,0.10425531914893611,-0.010425531914893612,0.5,0.4825597137884185,-0.0174402862115815,-1.7440286211581502,0.10500000000000002,0.18951612903225806,harm
0.75,0.5,12.5,0.15000000000000002,0.0,0.1,0.1063829787234042,-0.01063829787234042,0.5,0.48207233651989967,-0.01792766348010033,-1.792766348010033,0.10500000000000002,0.19,harm
0.75,0.5,12.600000000000001,0.15000000000000002,0.0,0.1,0.10851063829787229,-0.01085106382978723,0.5,0.48157977814734204,-0.01842022185265796,-1.8420221852657959,0.10500000000000002,0.19047619047619047,harm
0.75,0.5,12.7,0.15000000000000002,0.0,0.1,0.11063829787234034,-0.011063829787234034,0.5,0.4810820458992352,-0.0189179541007648,-1.89179541007648,0.10500000000000002,0.19094488188976377,harm
0.75,0.5,12.8,0.15000000000000002,0.0,0.1,0.11276595744680847,-0.011276595744680847,0.5,0.48057914726892725,-0.019420852731072746,-1.9420852731072746,0.10500000000000002,0.19140625,harm
0.75,0.5,12.9,0.15000000000000002,0.0,0.1,0.11489361702127655,-0.011489361702127656,0.5,0.48007109002044257,-0.01992890997955743,-1.992890997955743,0.10500000000000002,0.19186046511627908,harm
0.75,0.5,13.0,0.15000000000000002,0.0,0.1,0.11702127659574464,-0.011702127659574464,0.5,0.47955788219433415,-0.02044211780566585,-2.044211780566585,0.10500000000000002,0.1923076923076923,harm
0.75,0.5,13.100000000000001,0.15000000000000002,0.0,0.1,0.11914893617021273,-0.011914893617021274,0.5,0.47903953211356787,-0.020960467886432133,-2.0960467886432133,0.10500000000000002,0.19274809160305345,harm
0.75,0.5,13.2,0.15000000000000002,0.0,0.1,0.12127659574468076,-0.012127659574468076,0.5,0.4785160483894385,-0.02148395161056149,-2.148395161056149,0.10500000000000002,0.19318181818181818,harm
0.75,0.5,13.3,0.15000000000000002,0.0,0.1,0.1234042553191489,-0.012340425531914891,0.5,0.47798743992751414,-0.022012560072485865,-2.2012560072485865,0.10500000000000002,0.19360902255639098,harm
0.75,0.5,13.4,0.15000000000000002,0.0,0.1,0.12553191489361695,-0.012553191489361695,0.5,0.4774537159336085,-0.022546284066391475,-2.2546284066391475,0.10500000000000002,0.19402985074626866,harm
0.75,0.5,13.5,0.15000000000000002,0.0,0.1,0.127659574468085,-0.012765957446808501,0.5,0.47691488591977726,-0.023085114080222735,-2.3085114080222735,0.10500000000000002,0.19444444444444445,harm
0.75,0.5,13.600000000000001,0.15000000000000002,0.0,0.1,0.12978723404255316,-0.012978723404255316,0.5,0.47637095971033827,-0.02362904028966173,-2.362904028966173,0.10500000000000002,0.1948529411764706,harm
0.75,0.5,13.7,0.15000000000000002,0.0,0.1,0.1319148936170212,-0.01319148936170212,0.5,0.4758219474479124,-0.024178052552087603,-2.4178052552087603,0.10500000000000002,0.19525547445255476,harm
0.75,0.5,13.8,0.15000000000000002,0.0,0.1,0.13404255319148928,-0.013404255319148928,0.5,0.4752678595994832,-0.0247321404005168,-2.4732140400516798,0.10500000000000002,0.1956521739130435,harm
0.75,0.5,13.9,0.15000000000000002,0.0,0.1,0.13617021276595737,-0.013617021276595738,0.5,0.4747087069624732,-0.025291293037526807,-2.529129303752681,0.10500000000000002,0.1960431654676259,harm
0.75,0.5,14.0,0.15000000000000002,0.0,0.1,0.13829787234042545,-0.013829787234042545,0.5,0.4741445006708342,-0.02585549932916581,-2.5855499329165808,0.10500000000000002,0.19642857142857142,harm
0.75,0.5,6.0,0.1525,0.0,0.1,-0.035143769968051124,0.0035143769968051125,0.5,0.5030749817619684,0.0030749817619684094,0.30749817619684094,0.10674999999999998,0.125,improvement
0.75,0.5,6.1,0.1525,0.0,0.1,-0.03306709265175719,0.003306709265175719,0.5,0.5029346186114636,0.002934618611463602,0.2934618611463602,0.10674999999999998,0.12704918032786883,improvement
0.75,0.5,6.2,0.1525,0.0,0.1,-0.030990415335463248,0.003099041533546325,0.5,0.5027890631828236,0.00278906318282357,0.278906318282357,0.10674999999999998,0.12903225806451613,improvement
0.75,0.5,6.3,0.1525,0.0,0.1,-0.028913738019169334,0.0028913738019169335,0.5,0.5026383153847755,0.002638315384775547,0.2638315384775547,0.10674999999999998,0.13095238095238093,improvement
0.75,0.5,6.4,0.1525,0.0,0.1,-0.026837060702875375,0.0026837060702875376,0.5,0.5024823751347273,0.002482375134727266,0.2482375134727266,0.10674999999999998,0.1328125,improvement
0.75,0.5,6.5,0.1525,0.0,0.1,-0.02476038338658146,0.0024760383386581465,0.5,0.5023212423603813,0.002321242360381337,0.2321242360381337,0.10674999999999998,0.1346153846153846,improvement
0.75,0.5,6.6,0.1525,0.0,0.1,-0.022683706070287548,0.002268370607028755,0.5,0.5021549170014176,0.0021549170014175667,0.21549170014175667,0.10674999999999998,0.13636363636363635,improvement
0.75,0.5,6.7,0.1525,0.0,0.1,-0.02060702875399361,0.0020607028753993613,0.5,0.5019833990112428,0.0019833990112427813,0.19833990112427813,0.10674999999999998,0.13805970149253732,improvement
0.75,0.5,6.8,0.1525,0.0,0.1,-0.018530351437699672,0.0018530351437699673,0.5,0.5018066883588068,0.0018066883588068183,0.18066883588068183,0.10674999999999998,0.13970588235294118,improvement
0.75,0.5,6.9,0.1525,0.0,0.1,-0.016453674121405734,0.0016453674121405734,0.5,0.5016247850304867,0.0016247850304866862,0.16247850304866862,0.10674999999999998,0.14130434782608697,improvement
0.75,0.5,7.0,0.1525,0.0,0.1,-0.01437699680511182,0.001437699680511182,0.5,0.5014376890320378,0.001437689032037781,0.1437689032037781,0.10674999999999998,0.14285714285714285,improvement
0.75,0.5,7.1,0.1525,0.0,0.1,-0.012300319488817884,0.0012300319488817886,0.5,0.5012454003906115,0.0012454003906114952,0.12454003906114952,0.10674999999999998,0.14436619718309857,improvement
0.75,0.5,7.2,0.1525,0.0,0.1,-0.010223642172523946,0.0010223642172523947,0.5,0.5010479191568413,0.001047919156841326,0.1047919156841326,0.10674999999999998,0.14583333333333334,improvement
0.75,0.5,7.3,0.1525,0.0,0.1,-0.008146964856230033,0.0008146964856230034,0.5,0.5008452454069945,0.0008452454069944881,0.08452454069944881,0.10674999999999998,0.14726027397260272,improvement
0.75,0.5,7.4,0.1525,0.0,0.1,-0.0060702875399360956,0.0006070287539936096,0.5,0.5006373792451919,0.0006373792451919158,0.06373792451919158,0.10674999999999998,0.14864864864864866,improvement
0.75,0.5,7.5,0.1525,0.0,0.1,-0.0039936102236421585,0.0003993610223642159,0.5,0.5004243208056944,0.00042432080569443364,0.042432080569443364,0.10674999999999998,0.15,improvement
0.75,0.5,7.6,0.1525,0.0,0.1,-0.0019169329073482444,0.00019169329073482445,0.5,0.5002060702552565,0.00020607025525654077,0.020607025525654077,0.10674999999999998,0.1513157894736842,improvement
0.75,0.5,7.7,0.1525,0.0,0.1,0.00015974440894569295,-1.5974440894569297e-05,0.5,0.4999826277955466,-1.7372204453414142e-05,-0.0017372204453414142,0.10674999999999998,0.1525974025974026,harm
0.75,0.5,7.8,0.1525,0.0,0.1,0.002236421725239607,-0.0002236421725239607,0.5,0.4997539936656336,-0.00024600633436638875,-0.024600633436638875,0.10674999999999998,0.15384615384615385,harm
0.75,0.5,7.9,0.1525,0.0,0.1,0.004313099041533567,-0.00043130990415335673,0.5,0.4995201681445417,-0.0004798318554583014,-0.04798318554583014,0.10674999999999998,0.1550632911392405,harm
0.75,0.5,8.0,0.1525,0.0,0.1,0.006389776357827481,-0.0006389776357827482,0.5,0.4992811515538702,-0.0007188484461297939,-0.07188484461297939,0.10674999999999998,0.15625,harm
0.75,0.5,8.1,0.1525,0.0,0.1,0.008466453674121395,-0.0008466453674121395,0.5,0.4990369442604813,-0.0009630557395187145,-0.09630557395187145,0.10674999999999998,0.15740740740740738,harm
0.75,0.5,8.2,0.1525,0.0,0.1,0.010543130990415333,-0.0010543130990415333,0.5,0.4987875466792526,-0.0012124533207473753,-0.12124533207473753,0.10674999999999998,0.15853658536585363,harm
0.75,0.5,8.3,0.1525,0.0,0.1,0.012619808306709293,-0.0012619808306709294,0.5,0.49853295927589825,-0.0014670407241017536,-0.14670407241017536,0.10674999999999998,0.15963855421686748,harm
0.75,0.5,8.4,0.1525,0.0,0.1,0.014696485623003207,-0.0014696485623003207,0.5,0.49827318256985387,-0.0017268174301461325,-0.17268174301461325,0.10674999999999998,0.1607142857142857,harm
0.75,0.5,8.5,0.1525,0.0,0.1,0.01677316293929712,-0.001677316293929712,0.5,0.4980082171372294,-0.0019917828627705747,-0.19917828627705747,0.10674999999999998,0.16176470588235292,harm
0.75,0.5,8.6,0.1525,0.0,0.1,0.01884984025559106,-0.001884984025559106,0.5,0.497738063613827,-0.0022619363861730024,-0.22619363861730024,0.10674999999999998,0.16279069767441862,harm
0.75,0.5,8.7,0.1525,0.0,0.1,0.020926517571884972,-0.0020926517571884973,0.5,0.49746272269822434,-0.0025372773017756645,-0.25372773017756645,0.10674999999999998,0.16379310344827586,harm
0.75,0.5,8.8,0.1525,0.0,0.1,0.023003194888178934,-0.0023003194888178936,0.5,0.49718219515492457,-0.0028178048450754334,-0.28178048450754334,0.10674999999999998,0.1647727272727273,harm
0.75,0.5,8.9,0.1525,0.0,0.1,0.025079872204472848,-0.002507987220447285,0.5,0.49689648181757035,-0.0031035181824296543,-0.3103518182429654,0.10674999999999998,0.1657303370786517,harm
0.75,0.5,9.0,0.1525,0.0,0.1,0.027156549520766782,-0.0027156549520766784,0.5,0.4966055835922242,-0.0033944164077758243,-0.33944164077758243,0.10674999999999998,0.16666666666666669,harm
0.75,0.5,9.1,0.1525,0.0,0.1,0.029233226837060696,-0.00292332268370607,0.5,0.4963095014607127,-0.0036904985392873235,-0.36904985392873235,0.10674999999999998,0.1675824175824176,harm
0.75,0.5,9.2,0.1525,0.0,0.1,0.03130990415335461,-0.0031309904153354615,0.5,0.49600823648403625,-0.003991763515963753,-0.3991763515963753,0.10674999999999998,0.16847826086956522,harm
0.75,0.5,9.3,0.1525,0.0,0.1,0.033386581469648575,-0.003338658146964858,0.5,0.49570178980584273,-0.00429821019415727,-0.42982101941572703,0.10674999999999998,0.16935483870967744,harm
0.75,0.5,9.4,0.1525,0.0,0.1,0.03546325878594251,-0.003546325878594251,0.5,0.49539016265596514,-0.004609837344034862,-0.46098373440348617,0.10674999999999998,0.17021276595744683,harm
0.75,0.5,9.5,0.1525,0.0,0.1,0.037539936102236424,-0.0037539936102236426,0.5,0.49507335635402383,-0.00492664364597617,-0.492664364597617,0.10674999999999998,0.17105263157894737,harm
0.75,0.5,9.6,0.1525,0.0,0.1,0.03961661341853034,-0.003961661341853034,0.5,0.4947513723130912,-0.005248627686908813,-0.5248627686908813,0.10674999999999998,0.171875,harm
0.75,0.5,9.7,0.1525,0.0,0.1,0.04169329073482427,-0.004169329073482427,0.5,0.4944242120434207,-0.0055757879565793145,-0.5575787956579314,0.10674999999999998,0.17268041237113402,harm
0.75,0.5,9.8,0.1525,0.0,0.1,0.043769968051118234,-0.004376996805111824,0.5,0.4940918771562373,-0.0059081228437626865,-0.5908122843762686,0.10674999999999998,0.17346938775510207,harm
0.75,0.5,9.9,0.1525,0.0,0.1,0.04584664536741215,-0.004584664536741215,0.5,0.49375436936759204,-0.006245630632407961,-0.6245630632407961,0.10674999999999998,0.17424242424242425,harm
0.75,0.5,10.0,0.1525,0.0,0.1,0.04792332268370609,-0.004792332268370609,0.5,0.49341169050227707,-0.006588309497722933,-0.6588309497722933,0.10674999999999998,0.175,harm
0.75,0.5,10.100000000000001,0.1525,0.0,0.1,0.050000000000000024,-0.005000000000000003,0.5,0.4930638424978031,-0.0069361575021968935,-0.6936157502196894,0.10674999999999998,0.17574257425742576,harm
0.75,0.5,10.2,0.1525,0.0,0.1,0.052076677316293916,-0.005207667731629392,0.5,0.49271082740843797,-0.007289172591562032,-0.7289172591562032,0.10674999999999998,0.1764705882352941,harm
0.75,0.5,10.3,0.1525,0.0,0.1,0.05415335463258787,-0.0054153354632587875,0.5,0.4923526474093056,-0.0076473525906943784,-0.7647352590694378,0.10674999999999998,0.17718446601941748,harm
0.75,0.5,10.4,0.1525,0.0,0.1,0.056230031948881785,-0.005623003194888179,0.5,0.4919893048005455,-0.00801069519945452,-0.8010695199454521,0.10674999999999998,0.1778846153846154,harm
0.75,0.5,10.5,0.1525,0.0,0.1,0.0583067092651757,-0.005830670926517571,0.5,0.4916208020115314,-0.00837919798846859,-0.837919798846859,0.10674999999999998,0.17857142857142858,harm
0.75,0.5,10.600000000000001,0.1525,0.0,0.1,0.06038338658146966,-0.0060383386581469665,0.5,0.4912471416051496,-0.008752858394850405,-0.8752858394850405,0.10674999999999998,0.17924528301886794,harm
0.75,0.5,10.7,0.1525,0.0,0.1,0.062460063897763575,-0.006246006389776358,0.5,0.4908683262821353,-0.009131673717864719,-0.9131673717864719,0.10674999999999998,0.17990654205607476,harm
0.75,0.5,10.8,0.1525,0.0,0.1,0.06453674121405754,-0.006453674121405755,0.5,0.49048435888546704,-0.009515641114532958,-0.9515641114532958,0.10674999999999998,0.18055555555555558,harm
0.75,0.5,10.9,0.1525,0.0,0.1,0.06661341853035145,-0.0066613418530351454,0.5,0.4900952424048184,-0.009904757595181612,-0.9904757595181612,0.10674999999999998,0.1811926605504587,harm
0.75,0.5,11.0,0.1525,0.0,0.1,0.06869009584664537,-0.006869009584664538,0.5,0.4897009799810663,-0.01029902001893368,-1.029902001893368,0.10674999999999998,0.18181818181818182,harm
0.75,0.5,11.100000000000001,0.1525,0.0,0.1,0.07076677316293932,-0.007076677316293932,0.5,0.48930157491085524,-0.010698425089144759,-1.0698425089144759,0.10674999999999998,0.18243243243243246,harm
0.75,0.5,11.2,0.1525,0.0,0.1,0.0728434504792332,-0.00728434504792332,0.5,0.4888970306512162,-0.011102969348783798,-1.1102969348783798,0.10674999999999998,0.1830357142857143,harm
0.75,0.5,11.3,0.1525,0.0,0.1,0.07492012779552715,-0.007492012779552715,0.5,0.48848735082424055,-0.011512649175759448,-1.1512649175759448,0.10674999999999998,0.1836283185840708,harm
0.75,0.5,11.4,0.1525,0.0,0.1,0.07699680511182111,-0.007699680511182111,0.5,0.48807253922180704,-0.011927460778192955,-1.1927460778192955,0.10674999999999998,0.1842105263157895,harm
0.75,0.5,11.5,0.1525,0.0,0.1,0.07907348242811503,-0.007907348242811503,0.5,0.487652599810362,-0.01234740018963798,-1.234740018963798,0.10674999999999998,0.18478260869565216,harm
0.75,0.5,11.600000000000001,0.1525,0.0,0.1,0.08115015974440899,-0.0081150159744409,0.5,0.4872275367357508,-0.01277246326424919,-1.277246326424919,0.10674999999999998,0.1853448275862069,harm
0.75,0.5,11.7,0.1525,0.0,0.1,0.08322683706070286,-0.008322683706070286,0.5,0.48679735432810056,-0.013202645671899438,-1.3202645671899438,0.10674999999999998,0.1858974358974359,harm
0.75,0.5,11.8,0.1525,0.0,0.1,0.08530351437699682,-0.008530351437699682,0.5,0.48636205710675273,-0.013637942893247268,-1.3637942893247268,0.10674999999999998,0.1864406779661017,harm
0.75,0.5,11.9,0.1525,0.0,0.1,0.08738019169329073,-0.008738019169329073,0.5,0.485921649785245,-0.014078350214755009,-1.4078350214755009,0.10674999999999998,0.1869747899159664,harm
0.75,0.5,12.0,0.1525,0.0,0.1,0.08945686900958465,-0.008945686900958465,0.5,0.4854761372763404,-0.014523862723659575,-1.4523862723659575,0.10674999999999998,0.1875,harm
0.75,0.5,12.100000000000001,0.1525,0.0,0.1,0.09153354632587861,-0.009153354632587861,0.5,0.48502552469710447,-0.014974475302895529,-1.497447530289553,0.10674999999999998,0.18801652892561985,harm
0.75,0.5,12.2,0.1525,0.0,0.1,0.09361022364217252,-0.009361022364217252,0.5,0.4845698173740267,-0.015430182625973288,-1.5430182625973288,0.10674999999999998,0.1885245901639344,harm
0.75,0.5,12.3,0.1525,0.0,0.1,0.09568690095846648,-0.009568690095846648,0.5,0.484109020848188,-0.01589097915181198,-1.589097915181198,0.10674999999999998,0.18902439024390244,harm
0.75,0.5,12.4,0.1525,0.0,0.1,0.0977635782747604,-0.00977635782747604,0.5,0.4836431408804709,-0.01635685911952911,-1.635685911952911,0.10674999999999998,0.18951612903225806,harm
0.75,0.5,12.5,0.1525,0.0,0.1,0.0998402555910543,-0.009984025559105431,0.5,0.4831721834568118,-0.016827816543188212,-1.6827816543188212,0.10674999999999998,0.19,harm
0.75,0.5,12.600000000000001,0.1525,0.0,0.1,0.10191693290734827,-0.010191693290734827,0.5,0.4826961547934947,-0.017303845206505297,-1.7303845206505297,0.10674999999999998,0.19047619047619047,harm
0.75,0.5,12.7,0.1525,0.0,0.1,0.10399361022364219,-0.01039936102236422,0.5,0.48221506134248415,-0.017784938657515847,-1.7784938657515847,0.10674999999999998,0.19094488188976377,harm
0.75,0.5,12.8,0.1525,0.0,0.1,0.10607028753993614,-0.010607028753993615,0.5,0.4817289097967964,-0.01827109020320361,-1.827109020320361,0.10674999999999998,0.19140625,harm
0.75,0.5,12.9,0.1525,0.0,0.1,0.10814696485623006,-0.010814696485623006,0.5,0.48123770709590735,-0.018762292904092648,-1.8762292904092648,0.10674999999999998,0.19186046511627908,harm
0.75,0.5,13.0,0.1525,0.0,0.1,0.11022364217252396,-0.011022364217252396,0.5,0.48074146043119614,-0.019258539568803856,-1.9258539568803856,0.10674999999999998,0.1923076923076923,harm
0.75,0.5,13.100000000000001,0.1525,0.0,0.1,0.11230031948881793,-0.011230031948881794,0.5,0.4802401772514221,-0.019759822748577904,-1.9759822748577904,0.10674999999999998,0.19274809160305345,harm
0.75,0.5,13.2,0.1525,0.0,0.1,0.11437699680511179,-0.01143769968051118,0.5,0.47973386526823436,-0.02026613473176564,-2.026613473176564,0.10674999999999998,0.19318181818181818,harm
0.75,0.5,13.3,0.1525,0.0,0.1,0.11645367412140575,-0.011645367412140575,0.5,0.47922253246171165,-0.020777467538288352,-2.0777467538288352,0.10674999999999998,0.19360902255639098,harm
0.75,0.5,13.4,0.1525,0.0,0.1,0.11853035143769967,-0.011853035143769968,0.5,0.4787061870859314,-0.02129381291406862,-2.129381291406862,0.10674999999999998,0.19402985074626866,harm
0.75,0.5,13.5,0.1525,0.0,0.1,0.12060702875399364,-0.012060702875399364,0.5,0.47818483767456604,-0.021815162325433957,-2.1815162325433954,0.10674999999999998,0.19444444444444445,harm
0.75,0.5,13.600000000000001,0.1525,0.0,0.1,0.1226837060702876,-0.012268370607028761,0.5,0.47765849304650493,-0.02234150695349507,-2.2341506953495074,0.10674999999999998,0.1948529411764706,harm
0.75,0.5,13.7,0.1525,0.0,0.1,0.12476038338658146,-0.012476038338658147,0.5,0.47712716231149954,-0.022872837688500458,-2.287283768850046,0.10674999999999998,0.19525547445255476,harm
0.75,0.5,13.8,0.1525,0.0,0.1,0.12683706070287543,-0.012683706070287543,0.5,0.47659085487583075,-0.02340914512416925,-2.340914512416925,0.10674999999999998,0.1956521739130435,harm
0.75,0.5,13.9,0.1525,0.0,0.1,0.12891373801916933,-0.012891373801916933,0.5,0.47604958044799583,-0.023950419552004165,-2.3950419552004165,0.10674999999999998,0.1960431654676259,harm
0.75,0.5,14.0,0.1525,0.0,0.1,0.13099041533546324,-0.013099041533546324,0.5,0.4755033490444138,-0.024496650955586174,-2.4496650955586174,0.10674999999999998,0.19642857142857142,harm
0.75,0.5,6.0,0.155,0.0,0.1,-0.03837953091684434,0.003837953091684434,0.5,0.50335808117473,0.003358081174730021,0.3358081174730021,0.1085,0.125,improvement
0.75,0.5,6.1,0.155,0.0,0.1,-0.03635394456289979,0.003635394456289979,0.5,0.5032262984864904,0.0032262984864903643,0.32262984864903643,0.1085,0.12704918032786883,improvement
0.75,0.5,6.2,0.155,0.0,0.1,-0.03432835820895521,0.0034328358208955212,0.5,0.503089451392084,0.0030894513920840527,0.3089451392084053,0.1085,0.12903225806451613,improvement
0.75,0.5,6.3,0.155,0.0,0.1,-0.03230277185501066,0.003230277185501066,0.5,0.5029475397892915,0.00294753978929152,0.294753978929152,0.1085,0.13095238095238093,improvement
0.75,0.5,6.4,0.155,0.0,0.1,-0.03027718550106608,0.0030277185501066083,0.5,0.502800563582003,0.0028005635820029795,0.28005635820029795,0.1085,0.1328125,improvement
0.75,0.5,6.5,0.155,0.0,0.1,-0.02825159914712153,0.002825159914712153,0.5,0.5026485226816537,0.00264852268165372,0.264852268165372,0.1085,0.1346153846153846,improvement
0.75,0.5,6.6,0.155,0.0,0.1,-0.026226012793176975,0.002622601279317698,0.5,0.5024914170087227,0.002491417008722685,0.2491417008722685,0.1085,0.13636363636363635,improvement
0.75,0.5,6.7,0.155,0.0,0.1,-0.024200426439232398,0.00242004264392324,0.5,0.5023292464942917,0.00232924649429167,0.23292464942916702,0.1085,0.13805970149253732,improvement
0.75,0.5,6.8,0.155,0.0,0.1,-0.022174840085287844,0.0022174840085287845,0.5,0.5021620110816687,0.002162011081668691,0.2162011081668691,0.1085,0.13970588235294118,improvement
0.75,0.5,6.9,0.155,0.0,0.1,-0.02014925373134327,0.002014925373134327,0.5,0.5019897107280732,0.0019897107280731907,0.19897107280731907,0.1085,0.14130434782608697,improvement
0.75,0.5,7.0,0.155,0.0,0.1,-0.018123667377398716,0.0018123667377398717,0.5,0.5018123454063826,0.0018123454063826427,0.18123454063826427,0.1085,0.14285714285714285,improvement
0.75,0.5,7.1,0.155,0.0,0.1,-0.016098081023454162,0.0016098081023454163,0.5,0.5016299151069432,0.0016299151069432138,0.16299151069432138,0.1085,0.14436619718309857,improvement
0.75,0.5,7.2,0.155,0.0,0.1,-0.014072494669509585,0.0014072494669509585,0.5,0.5014424198394414,0.0014424198394413779,0.14424198394413779,0.1085,0.14583333333333334,improvement
0.75,0.5,7.3,0.155,0.0,0.1,-0.012046908315565033,0.0012046908315565034,0.5,0.5012498596348387,0.0012498596348387014,0.12498596348387014,0.1085,0.14726027397260272,improvement
0.75,0.5,7.4,0.155,0.0,0.1,-0.010021321961620455,0.0010021321961620456,0.5,0.5010522345473686,0.0010522345473685801,0.10522345473685801,0.1085,0.14864864864864866,improvement
0.75,0.5,7.5,0.155,0.0,0.1,-0.007995735607675903,0.0007995735607675904,0.5,0.500849544656595,0.000849544656595036,0.0849544656595036,0.1085,0.15,improvement
0.75,0.5,7.6,0.155,0.0,0.1,-0.005970149253731349,0.000597014925373135,0.5,0.5006417900695341,0.0006417900695341316,0.06417900695341316,0.1085,0.1513157894736842,improvement
0.75,0.5,7.7,0.155,0.0,0.1,-0.003944562899786772,0.00039445628997867725,0.5,0.5004289709228373,0.00042897092283733507,0.04289709228373351,0.1085,0.1525974025974026,improvement
0.75,0.5,7.8,0.155,0.0,0.1,-0.0019189765458422195,0.00019189765458422196,0.5,0.5002110873850372,0.0002110873850371675,0.02110873850371675,0.1085,0.15384615384615385,improvement
0.75,0.5,7.9,0.155,0.0,0.1,0.00010660980810235736,-1.0660980810235737e-05,0.5,0.49998813965885486,-1.1860341145142339e-05,-0.001186034114514234,0.1085,0.1550632911392405,harm
0.75,0.5,8.0,0.155,0.0,0.1,0.0021321961620469104,-0.00021321961620469107,0.5,0.4997601279835695,-0.00023987201643049794,-0.023987201643049794,0.1085,0.15625,harm
0.75,0.5,8.1,0.155,0.0,0.1,0.004157782515991464,-0.00041577825159914636,0.5,0.4995270526374499,-0.0004729473625501024,-0.04729473625501024,0.1085,0.15740740740740738,harm
0.75,0.5,8.2,0.155,0.0,0.1,0.006183368869936016,-0.0006183368869936017,0.5,0.49928891394024777,-0.0007110860597522306,-0.07110860597522306,0.1085,0.15853658536585363,harm
0.75,0.5,8.3,0.155,0.0,0.1,0.008208955223880618,-0.0008208955223880618,0.5,0.499045712255753,-0.0009542877442469955,-0.09542877442469955,0.1085,0.15963855421686748,harm
0.75,0.5,8.4,0.155,0.0,0.1,0.01023454157782517,-0.001023454157782517,0.5,0.49879744799441006,-0.0012025520055899408,-0.12025520055899408,0.1085,0.1607142857142857,harm
0.75,0.5,8.5,0.155,0.0,0.1,0.012260127931769723,-0.0012260127931769723,0.5,0.49854412161599626,-0.0014558783840037393,-0.14558783840037393,0.1085,0.16176470588235292,harm
0.75,0.5,8.6,0.155,0.0,0.1,0.014285714285714277,-0.0014285714285714277,0.5,0.4982857336323615,-0.001714266367638495,-0.1714266367638495,0.1085,0.16279069767441862,harm
0.75,0.5,8.7,0.155,0.0,0.1,0.01631130063965883,-0.001631130063965883,0.5,0.498022284610229,-0.0019777153897709843,-0.19777153897709843,0.1085,0.16379310344827586,harm
0.75,0.5,8.8,0.155,0.0,0.1,0.01833688699360343,-0.001833688699360343,0.5,0.4977537751740575,-0.0022462248259425,-0.22462248259425,0.1085,0.1647727272727273,harm
0.75,0.5,8.9,0.155,0.0,0.1,0.020362473347547982,-0.0020362473347547982,0.5,0.4974802060089637,-0.002519793991036301,-0.2519793991036301,0.1085,0.1657303370786517,harm
0.75,0.5,9.0,0.155,0.0,0.1,0.022388059701492536,-0.002238805970149254,0.5,0.49720157786370667,-0.0027984221362933326,-0.27984221362933326,0.1085,0.16666666666666669,harm
0.75,0.5,9.1,0.155,0.0,0.1,0.02441364605543709,-0.002441364605543709,0.5,0.49691789155373167,-0.003082108446268328,-0.3082108446268328,0.1085,0.1675824175824176,harm
0.75,0.5,9.2,0.155,0.0,0.1,0.026439232409381643,-0.0026439232409381647,0.5,0.49662914796427515,-0.0033708520357248473,-0.3370852035724847,0.1085,0.16847826086956522,harm
0.75,0.5,9.3,0.155,0.0,0.1,0.028464818763326242,-0.002846481876332624,0.5,0.4963353480535294,-0.0036646519464705873,-0.36646519464705873,0.1085,0.16935483870967744,harm
0.75,0.5,9.4,0.155,0.0,0.1,0.030490405117270795,-0.00304904051172708,0.5,0.49603649285586804,-0.003963507144131961,-0.39635071441319614,0.1085,0.17021276595744683,harm
0.75,0.5,9.5,0.155,0.0,0.1,0.032515991471215346,-0.0032515991471215346,0.5,0.49573258348512994,-0.004267416514870059,-0.42674165148700594,0.1085,0.17105263157894737,harm
0.75,0.5,9.6,0.155,0.0,0.1,0.0345415778251599,-0.0034541577825159906,0.5,0.49542362113796357,-0.004576378862036434,-0.45763788620364343,0.1085,0.171875,harm
0.75,0.5,9.7,0.155,0.0,0.1,0.03656716417910448,-0.0036567164179104484,0.5,0.4951096070972304,-0.0048903929027696025,-0.48903929027696025,0.1085,0.17268041237113402,harm
0.75,0.5,9.8,0.155,0.0,0.1,0.03859275053304906,-0.003859275053304906,0.5,0.494790542735467,-0.0052094572645329795,-0.520945726453298,0.1085,0.17346938775510207,harm
0.75,0.5,9.9,0.155,0.0,0.1,0.04061833688699361,-0.004061833688699361,0.5,0.4944664295184057,-0.005533570481594308,-0.5533570481594308,0.1085,0.17424242424242425,harm
0.75,0.5,10.0,0.155,0.0,0.1,0.04264392324093816,-0.004264392324093816,0.5,0.49413726900855337,-0.00586273099144663,-0.586273099144663,0.1085,0.175,harm
0.75,0.5,10.100000000000001,0.155,0.0,0.1,0.044669509594882764,-0.004466950959488277,0.5,0.4938030628688287,-0.0061969371311713095,-0.619693713117131,0.1085,0.17574257425742576,harm
0.75,0.5,10.2,0.155,0.0,0.1,0.046695095948827293,-0.0046695095948827295,0.5,0.49346381286625607,-0.0065361871337439315,-0.6536187133743931,0.1085,0.1764705882352941,harm
0.75,0.5,10.3,0.155,0.0,0.1,0.04872068230277187,-0.004872068230277187,0.5,0.49311952087571764,-0.006880479124282357,-0.6880479124282357,0.1085,0.17718446601941748,harm
0.75,0.5,10.4,0.155,0.0,0.1,0.05074626865671644,-0.005074626865671644,0.5,0.49277018888376084,-0.00722981111623916,-0.722981111623916,0.1085,0.1778846153846154,harm
0.75,0.5,10.5,0.155,0.0,0.1,0.052771855010661,-0.0052771855010661,0.5,0.49241581899246323,-0.007584181007536772,-0.7584181007536772,0.1085,0.17857142857142858,harm
0.75,0.5,10.600000000000001,0.155,0.0,0.1,0.05479744136460558,-0.005479744136460558,0.5,0.4920564134233528,-0.007943586576647177,-0.7943586576647177,0.1085,0.17924528301886794,harm
0.75,0.5,10.7,0.155,0.0,0.1,0.056823027718550106,-0.005682302771855011,0.5,0.49169197452138347,-0.008308025478616532,-0.8308025478616532,0.1085,0.17990654205607476,harm
0.75,0.5,10.8,0.155,0.0,0.1,0.05884861407249468,-0.0058848614072494684,0.5,0.49132250475896505,-0.00867749524103495,-0.8677495241034949,0.1085,0.18055555555555558,harm
0.75,0.5,10.9,0.155,0.0,0.1,0.060874200426439255,-0.006087420042643926,0.5,0.49094800674004857,-0.00905199325995143,-0.905199325995143,0.1085,0.1811926605504587,harm
0.75,0.5,11.0,0.155,0.0,0.1,0.06289978678038378,-0.006289978678038379,0.5,0.49056848320426405,-0.00943151679573595,-0.943151679573595,0.1085,0.18181818181818182,harm
0.75,0.5,11.100000000000001,0.155,0.0,0.1,0.0649253731343284,-0.006492537313432841,0.5,0.4901839370311122,-0.009816062968887818,-0.9816062968887818,0.1085,0.18243243243243246,harm
0.75,0.5,11.2,0.155,0.0,0.1,0.0669509594882729,-0.00669509594882729,0.5,0.4897943712442082,-0.010205628755791785,-1.0205628755791785,0.1085,0.1830357142857143,harm
0.75,0.5,11.3,0.155,0.0,0.1,0.06897654584221752,-0.006897654584221752,0.5,0.48939978901557774,-0.010600210984422265,-1.0600210984422265,0.1085,0.1836283185840708,harm
0.75,0.5,11.4,0.155,0.0,0.1,0.07100213219616204,-0.007100213219616205,0.5,0.48900019367000347,-0.010999806329996531,-1.099980632999653,0.1085,0.1842105263157895,harm
0.75,0.5,11.5,0.155,0.0,0.1,0.07302771855010662,-0.0073027718550106625,0.5,0.48859558868942266,-0.011404411310577345,-1.1404411310577345,0.1085,0.18478260869565216,harm
0.75,0.5,11.600000000000001,0.155,0.0,0.1,0.0750533049040512,-0.00750533049040512,0.5,0.4881859777173744,-0.011814022282625625,-1.1814022282625625,0.1085,0.1853448275862069,harm
0.75,0.5,11.7,0.155,0.0,0.1,0.07707889125799573,-0.007707889125799574,0.5,0.4877713645634953,-0.012228635436504709,-1.222863543650471,0.1085,0.1858974358974359,harm
0.75,0.5,11.8,0.155,0.0,0.1,0.07910447761194031,-0.00791044776119403,0.5,0.48735175320806423,-0.012648246791935769,-1.2648246791935769,0.1085,0.1864406779661017,harm
0.75,0.5,11.9,0.155,0.0,0.1,0.08113006396588489,-0.008113006396588488,0.5,0.4869271478065931,-0.013072852193406925,-1.3072852193406925,0.1085,0.1869747899159664,harm
0.75,0.5,12.0,0.155,0.0,0.1,0.08315565031982947,-0.008315565031982946,0.5,0.48649755269446515,-0.013502447305534848,-1.3502447305534848,0.1085,0.1875,harm
0.75,0.5,12.100000000000001,0.155,0.0,0.1,0.08518123667377403,-0.008518123667377404,0.5,0.48606297239161866,-0.013937027608381336,-1.3937027608381336,0.1085,0.18801652892561985,harm
0.75,0.5,12.2,0.155,0.0,0.1,0.08720682302771857,-0.008720682302771857,0.5,0.4856234116072744,-0.014376588392725598,-1.4376588392725598,0.1085,0.1885245901639344,harm
0.75,0.5,12.3,0.155,0.0,0.1,0.08923240938166314,-0.008923240938166314,0.5,0.4851788752447077,-0.014821124755292292,-1.4821124755292292,0.1085,0.18902439024390244,harm
0.75,0.5,12.4,0.155,0.0,0.1,0.09125799573560772,-0.009125799573560772,0.5,0.48472936840606257,-0.015270631593937434,-1.5270631593937434,0.1085,0.18951612903225806,harm
0.75,0.5,12.5,0.155,0.0,0.1,0.09328358208955224,-0.009328358208955225,0.5,0.48427489639720744,-0.015725103602792556,-1.5725103602792556,0.1085,0.19,harm
0.75,0.5,12.600000000000001,0.155,0.0,0.1,0.09530916844349682,-0.009530916844349683,0.5,0.4838154647326315,-0.016184535267368516,-1.6184535267368516,0.1085,0.19047619047619047,harm
0.75,0.5,12.7,0.155,0.0,0.1,0.09733475479744136,-0.009733475479744137,0.5,0.4833510791403802,-0.016648920859619776,-1.6648920859619776,0.1085,0.19094488188976377,harm
0.75,0.5,12.8,0.155,0.0,0.1,0.09936034115138598,-0.009936034115138598,0.5,0.48288174556702884,-0.01711825443297116,-1.7118254432971158,0.1085,0.19140625,harm
0.75,0.5,12.9,0.155,0.0,0.1,0.10138592750533051,-0.010138592750533052,0.5,0.4824074701826935,-0.017592529817306524,-1.7592529817306524,0.1085,0.19186046511627908,harm
0.75,0.5,13.0,0.155,0.0,0.1,0.10341151385927508,-0.010341151385927509,0.5,0.4819282593860772,-0.018071740613922804,-1.8071740613922804,0.1085,0.1923076923076923,harm
0.75,0.5,13.100000000000001,0.155,0.0,0.1,0.10543710021321966,-0.010543710021321966,0.5,0.4814441198095507,-0.018555880190449292,-1.8555880190449292,0.1085,0.19274809160305345,harm
0.75,0.5,13.2,0.155,0.0,0.1,0.10746268656716419,-0.01074626865671642,0.5,0.4809550583242661,-0.019044941675733895,-1.9044941675733895,0.1085,0.19318181818181818,harm
0.75,0.5,13.3,0.155,0.0,0.1,0.10948827292110877,-0.010948827292110878,0.5,0.48046108204530263,-0.019538917954697366,-1.9538917954697366,0.1085,0.19360902255639098,harm
0.75,0.5,13.4,0.155,0.0,0.1,0.11151385927505335,-0.011151385927505336,0.5,0.47996219833684206,-0.02003780166315794,-2.003780166315794,0.1085,0.19402985074626866,harm
0.75,0.5,13.5,0.155,0.0,0.1,0.11353944562899787,-0.011353944562899787,0.5,0.4794584148173734,-0.02054158518262661,-2.054158518262661,0.1085,0.19444444444444445,harm
0.75,0.5,13.600000000000001,0.155,0.0,0.1,0.1155650319829425,-0.011556503198294252,0.5,0.47894973936492435,-0.021050260635075646,-2.1050260635075646,0.1085,0.1948529411764706,harm
0.75,0.5,13.7,0.155,0.0,0.1,0.11759061833688698,-0.0117590618336887,0.5,0.47843618012231937,-0.021563819877680634,-2.1563819877680634,0.1085,0.19525547445255476,harm
0.75,0.5,13.8,0.155,0.0,0.1,0.1196162046908316,-0.01196162046908316,0.5,0.47791774550246036,-0.022082254497539644,-2.2082254497539644,0.1085,0.1956521739130435,harm
0.75,0.5,13.9,0.155,0.0,0.1,0.12164179104477614,-0.012164179104477615,0.5,0.4773944441936315,-0.022605555806368527,-2.2605555806368525,0.1085,0.1960431654676259,harm
0.75,0.5,14.0,0.155,0.0,0.1,0.1236673773987207,-0.01236673773987207,0.5,0.4768662851648232,-0.02313371483517679,-2.313371483517679,0.1085,0.19642857142857142,harm
0.75,0.5,6.0,0.1575,0.0,0.1,-0.041622198505869804,0.00416221985058698,0.5,0.5036417793884108,0.003641779388410815,0.3641779388410815,0.11025,0.125,improvement
0.75,0.5,6.1,0.1575,0.0,0.1,-0.039647812166488806,0.003964781216648881,0.5,0.5035185953304255,0.0035185953304255335,0.35185953304255335,0.11025,0.12704918032786883,improvement
0.75,0.5,6.2,0.1575,0.0,0.1,-0.03767342582710778,0.0037673425827107784,0.5,0.5033904750324579,0.003390475032457929,0.3390475032457929,0.11025,0.12903225806451613,improvement
0.75,0.5,6.3,0.1575,0.0,0.1,-0.035699039487726784,0.0035699039487726786,0.5,0.5032574183848841,0.0032574183848841365,0.32574183848841365,0.11025,0.13095238095238093,improvement
0.75,0.5,6.4,0.1575,0.0,0.1,-0.03372465314834579,0.003372465314834579,0.5,0.5031194252818905,0.0031194252818904644,0.31194252818904644,0.11025,0.1328125,improvement
0.75,0.5,6.5,0.1575,0.0,0.1,-0.03175026680896479,0.003175026680896479,0.5,0.5029764956227419,0.002976495622741937,0.2976495622741937,0.11025,0.1346153846153846,improvement
0.75,0.5,6.6,0.1575,0.0,0.1,-0.02977588046958379,0.0029775880469583792,0.5,0.502828629313107,0.0028286293131070117,0.28286293131070117,0.11025,0.13636363636363635,improvement
0.75,0.5,6.7,0.1575,0.0,0.1,-0.027801494130202768,0.002780149413020277,0.5,0.502675826266441,0.002675826266441028,0.2675826266441028,0.11025,0.13805970149253732,improvement
0.75,0.5,6.8,0.1575,0.0,0.1,-0.025827107790821768,0.002582710779082177,0.5,0.5025180864054271,0.0025180864054270558,0.2518086405427056,0.11025,0.13970588235294118,improvement
0.75,0.5,6.9,0.1575,0.0,0.1,-0.02385272145144077,0.0023852721451440772,0.5,0.5023554096634751,0.0023554096634751387,0.23554096634751387,0.11025,0.14130434782608697,improvement
0.75,0.5,7.0,0.1575,0.0,0.1,-0.02187833511205977,0.002187833511205977,0.5,0.5021877959862784,0.0021877959862783847,0.21877959862783847,0.11025,0.14285714285714285,improvement
0.75,0.5,7.1,0.1575,0.0,0.1,-0.019903948772678773,0.001990394877267877,0.5,0.5020152453334277,0.002015245333427673,0.20152453334276732,0.11025,0.14436619718309857,improvement
0.75,0.5,7.2,0.1575,0.0,0.1,-0.017929562433297748,0.0017929562433297748,0.5,0.5018377576800838,0.0018377576800837625,0.18377576800837625,0.11025,0.14583333333333334,improvement
0.75,0.5,7.3,0.1575,0.0,0.1,-0.01595517609391675,0.0015955176093916752,0.5,0.501655333018707,0.001655333018707017,0.1655333018707017,0.11025,0.14726027397260272,improvement
0.75,0.5,7.4,0.1575,0.0,0.1,-0.013980789754535752,0.0013980789754535752,0.5,0.5014679713608456,0.0014679713608456435,0.14679713608456435,0.11025,0.14864864864864866,improvement
0.75,0.5,7.5,0.1575,0.0,0.1,-0.012006403415154753,0.0012006403415154754,0.5,0.50127567273898,0.0012756727389799938,0.12756727389799938,0.11025,0.15,improvement
0.75,0.5,7.6,0.1575,0.0,0.1,-0.010032017075773754,0.0010032017075773754,0.5,0.5010784372084269,0.00107843720842693,0.107843720842693,0.11025,0.1513157894736842,improvement
0.75,0.5,7.7,0.1575,0.0,0.1,-0.008057630736392731,0.0008057630736392732,0.5,0.5008762648492996,0.0008762648492995906,0.08762648492995906,0.11025,0.1525974025974026,improvement
0.75,0.5,7.8,0.1575,0.0,0.1,-0.006083244397011732,0.0006083244397011733,0.5,0.5006691557685257,0.0006691557685256644,0.06691557685256644,0.11025,0.15384615384615385,improvement
0.75,0.5,7.9,0.1575,0.0,0.1,-0.0041088580576307335,0.0004108858057630734,0.5,0.500457110101924,0.00045711010192395207,0.04571101019239521,0.11025,0.1550632911392405,improvement
0.75,0.5,8.0,0.1575,0.0,0.1,-0.002134471718249735,0.0002134471718249735,0.5,0.5002401280163373,0.0002401280163373265,0.02401280163373265,0.11025,0.15625,improvement
0.75,0.5,8.1,0.1575,0.0,0.1,-0.00016008537886873605,1.6008537886873605e-05,0.5,0.5000182097118235,1.8209711823535812e-05,0.0018209711823535812,0.11025,0.15740740740740738,improvement
0.75,0.5,8.2,0.1575,0.0,0.1,0.0018143009605122629,-0.0001814300960512263,0.5,0.4997913554239036,-0.00020864457609637288,-0.020864457609637288,0.11025,0.15853658536585363,harm
0.75,0.5,8.3,0.1575,0.0,0.1,0.0037886872998932853,-0.00037886872998932857,0.5,0.4995595654258673,-0.0004404345741326754,-0.04404345741326754,0.11025,0.15963855421686748,harm
0.75,0.5,8.4,0.1575,0.0,0.1,0.005763073639274284,-0.0005763073639274284,0.5,0.4993228400311359,-0.0006771599688640828,-0.06771599688640828,0.11025,0.1607142857142857,harm
0.75,0.5,8.5,0.1575,0.0,0.1,0.007737459978655283,-0.0007737459978655283,0.5,0.49908117959568243,-0.0009188204043175663,-0.09188204043175663,0.11025,0.16176470588235292,harm
0.75,0.5,8.6,0.1575,0.0,0.1,0.009711846318036281,-0.0009711846318036281,0.5,0.49883458452050833,-0.0011654154794916716,-0.11654154794916716,0.11025,0.16279069767441862,harm
0.75,0.5,8.7,0.1575,0.0,0.1,0.01168623265741728,-0.001168623265741728,0.5,0.49858305525417757,-0.001416944745822435,-0.1416944745822435,0.11025,0.16379310344827586,harm
0.75,0.5,8.8,0.1575,0.0,0.1,0.013660618996798303,-0.0013660618996798304,0.5,0.4983265922954075,-0.001673407704592511,-0.1673407704592511,0.11025,0.1647727272727273,harm
0.75,0.5,8.9,0.1575,0.0,0.1,0.015635005336179304,-0.0015635005336179304,0.5,0.49806519619571643,-0.0019348038042835691,-0.1934803804283569,0.11025,0.1657303370786517,harm
0.75,0.5,9.0,0.1575,0.0,0.1,0.0176093916755603,-0.0017609391675560302,0.5,0.49779886756212754,-0.002201132437872455,-0.2201132437872455,0.11025,0.16666666666666669,harm
0.75,0.5,9.1,0.1575,0.0,0.1,0.0195837780149413,-0.00195837780149413,0.5,0.4975276070599296,-0.0024723929400704003,-0.24723929400704003,0.11025,0.1675824175824176,harm
0.75,0.5,9.2,0.1575,0.0,0.1,0.0215581643543223,-0.00215581643543223,0.5,0.49725141541549367,-0.0027485845845063306,-0.27485845845063306,0.11025,0.16847826086956522,harm
0.75,0.5,9.3,0.1575,0.0,0.1,0.02353255069370332,-0.0023532550693703322,0.5,0.4969702934191461,-0.003029706580853886,-0.3029706580853886,0.11025,0.16935483870967744,harm
0.75,0.5,9.4,0.1575,0.0,0.1,0.02550693703308432,-0.002550693703308432,0.5,0.49668424192809707,-0.00331575807190293,-0.331575807190293,0.11025,0.17021276595744683,harm
0.75,0.5,9.5,0.1575,0.0,0.1,0.027481323372465317,-0.002748132337246532,0.5,0.49639326186942556,-0.0036067381305744384,-0.36067381305744384,0.11025,0.17105263157894737,harm
0.75,0.5,9.6,0.1575,0.0,0.1,0.029455709711846318,-0.002945570971184632,0.5,0.49609735424311907,-0.003902645756880929,-0.3902645756880929,0.11025,0.171875,harm
0.75,0.5,9.7,0.1575,0.0,0.1,0.03143009605122729,-0.0031430096051227293,0.5,0.495796520125169,-0.004203479874830995,-0.42034798748309954,0.11025,0.17268041237113402,harm
0.75,0.5,9.8,0.1575,0.0,0.1,0.03340448239060834,-0.003340448239060834,0.5,0.4954907606707213,-0.004509239329278714,-0.45092393292787136,0.11025,0.17346938775510207,harm
0.75,0.5,9.9,0.1575,0.0,0.1,0.03537886872998934,-0.003537886872998934,0.5,0.4951800771172812,-0.004819922882718819,-0.4819922882718819,0.11025,0.17424242424242425,harm
0.75,0.5,10.0,0.1575,0.0,0.1,0.03735325506937034,-0.003735325506937034,0.5,0.49486447078797313,-0.005135529212026868,-0.5135529212026868,0.11025,0.175,harm
0.75,0.5,10.100000000000001,0.1575,0.0,0.1,0.039327641408751356,-0.003932764140875135,0.5,0.49454394309485467,-0.0054560569051453345,-0.5456056905145334,0.11025,0.17574257425742576,harm
0.75,0.5,10.2,0.1575,0.0,0.1,0.04130202774813231,-0.004130202774813231,0.5,0.49421849554228425,-0.005781504457715747,-0.5781504457715747,0.11025,0.1764705882352941,harm
0.75,0.5,10.3,0.1575,0.0,0.1,0.04327641408751336,-0.004327641408751336,0.5,0.4938881297303426,-0.006111870269657427,-0.6111870269657427,0.11025,0.17718446601941748,harm
0.75,0.5,10.4,0.1575,0.0,0.1,0.04525080042689433,-0.0045250800426894335,0.5,0.49355284735830723,-0.006447152641692766,-0.6447152641692766,0.11025,0.1778846153846154,harm
0.75,0.5,10.5,0.1575,0.0,0.1,0.04722518676627533,-0.004722518676627534,0.5,0.4932126502281805,-0.006787349771819495,-0.6787349771819495,0.11025,0.17857142857142858,harm
0.75,0.5,10.600000000000001,0.1575,0.0,0.1,0.049199573105656376,-0.004919957310565638,0.5,0.4928675402482692,-0.007132459751730824,-0.7132459751730824,0.11025,0.17924528301886794,harm
0.75,0.5,10.7,0.1575,0.0,0.1,0.05117395944503733,-0.005117395944503733,0.5,0.49251751943681665,-0.007482480563183347,-0.7482480563183347,0.11025,0.17990654205607476,harm
0.75,0.5,10.8,0.1575,0.0,0.1,0.05314834578441835,-0.005314834578441835,0.5,0.4921625899256872,-0.007837410074312823,-0.7837410074312823,0.11025,0.18055555555555558,harm
0.75,0.5,10.9,0.1575,0.0,0.1,0.055122732123799374,-0.005512273212379938,0.5,0.49180275396410034,-0.008197246035899663,-0.8197246035899663,0.11025,0.1811926605504587,harm
0.75,0.5,11.0,0.1575,0.0,0.1,0.05709711846318037,-0.0057097118463180375,0.5,0.4914380139224176,-0.008561986077582406,-0.8561986077582406,0.11025,0.18181818181818182,harm
0.75,0.5,11.100000000000001,0.1575,0.0,0.1,0.05907150480256137,-0.005907150480256137,0.5,0.4910683722959778,-0.008931627704022227,-0.8931627704022227,0.11025,0.18243243243243246,harm
0.75,0.5,11.2,0.1575,0.0,0.1,0.06104589114194237,-0.006104589114194238,0.5,0.49069383170898323,-0.00930616829101677,-0.930616829101677,0.11025,0.1830357142857143,harm
0.75,0.5,11.3,0.1575,0.0,0.1,0.06302027748132337,-0.006302027748132337,0.5,0.490314394918435,-0.009685605081565019,-0.9685605081565019,0.11025,0.1836283185840708,harm
0.75,0.5,11.4,0.1575,0.0,0.1,0.06499466382070437,-0.0064994663820704375,0.5,0.4899300648181163,-0.010069935181883705,-1.0069935181883705,0.11025,0.1842105263157895,harm
0.75,0.5,11.5,0.1575,0.0,0.1,0.06696905016008536,-0.006696905016008537,0.5,0.4895408444426246,-0.010459155557375421,-1.0459155557375421,0.11025,0.18478260869565216,harm
0.75,0.5,11.600000000000001,0.1575,0.0,0.1,0.06894343649946641,-0.0068943436499466415,0.5,0.4891467369714506,-0.010853263028549387,-1.0853263028549387,0.11025,0.1853448275862069,harm
0.75,0.5,11.7,0.1575,0.0,0.1,0.07091782283884736,-0.0070917822838847365,0.5,0.4887477457331047,-0.0112522542668953,-1.12522542668953,0.11025,0.1858974358974359,harm
0.75,0.5,11.8,0.1575,0.0,0.1,0.0728922091782284,-0.007289220917822841,0.5,0.4883438742092885,-0.011656125790711513,-1.1656125790711513,0.11025,0.1864406779661017,harm
0.75,0.5,11.9,0.1575,0.0,0.1,0.07486659551760941,-0.007486659551760941,0.5,0.48793512603911293,-0.012064873960887068,-1.2064873960887068,0.11025,0.1869747899159664,harm
0.75,0.5,12.0,0.1575,0.0,0.1,0.07684098185699036,-0.007684098185699036,0.5,0.4875215050233603,-0.01247849497663972,-1.247849497663972,0.11025,0.1875,harm
0.75,0.5,12.100000000000001,0.1575,0.0,0.1,0.0788153681963714,-0.007881536819637141,0.5,0.48710301512879045,-0.01289698487120955,-1.289698487120955,0.11025,0.18801652892561985,harm
0.75,0.5,12.2,0.1575,0.0,0.1,0.08078975453575236,-0.008078975453575237,0.5,0.48667966049249045,-0.013320339507509549,-1.3320339507509549,0.11025,0.1885245901639344,harm
0.75,0.5,12.3,0.1575,0.0,0.1,0.08276414087513341,-0.008276414087513341,0.5,0.4862514454262656,-0.013748554573734417,-1.3748554573734417,0.11025,0.18902439024390244,harm
0.75,0.5,12.4,0.1575,0.0,0.1,0.0847385272145144,-0.00847385272145144,0.5,0.485818374421073,-0.014181625578926993,-1.4181625578926993,0.11025,0.18951612903225806,harm
0.75,0.5,12.5,0.1575,0.0,0.1,0.0867129135538954,-0.00867129135538954,0.5,0.48538045215149533,-0.014619547848504666,-1.4619547848504666,0.11025,0.19,harm
0.75,0.5,12.600000000000001,0.1575,0.0,0.1,0.08868729989327645,-0.008868729989327645,0.5,0.48493768348025357,-0.015062316519746433,-1.5062316519746433,0.11025,0.19047619047619047,harm
0.75,0.5,12.7,0.1575,0.0,0.1,0.0906616862326574,-0.00906616862326574,0.5,0.48449007346275963,-0.01550992653724037,-1.550992653724037,0.11025,0.19094488188976377,harm
0.75,0.5,12.8,0.1575,0.0,0.1,0.0926360725720384,-0.00926360725720384,0.5,0.4840376273517056,-0.01596237264829442,-1.596237264829442,0.11025,0.19140625,harm
0.75,0.5,12.9,0.1575,0.0,0.1,0.09461045891141939,-0.00946104589114194,0.5,0.4835803506016904,-0.016419649398309588,-1.6419649398309588,0.11025,0.19186046511627908,harm
0.75,0.5,13.0,0.1575,0.0,0.1,0.0965848452508004,-0.00965848452508004,0.5,0.48311824887388166,-0.01688175112611834,-1.6881751126118338,0.11025,0.1923076923076923,harm
0.75,0.5,13.100000000000001,0.1575,0.0,0.1,0.09855923159018144,-0.009855923159018145,0.5,0.4826513280407122,-0.017348671959287798,-1.7348671959287798,0.11025,0.19274809160305345,harm
0.75,0.5,13.2,0.1575,0.0,0.1,0.10053361792956239,-0.010053361792956239,0.5,0.4821795941906099,-0.017820405809390094,-1.7820405809390094,0.11025,0.19318181818181818,harm
0.75,0.5,13.3,0.1575,0.0,0.1,0.10250800426894344,-0.010250800426894344,0.5,0.48170305363275967,-0.01829694636724033,-1.829694636724033,0.11025,0.19360902255639098,harm
0.75,0.5,13.4,0.1575,0.0,0.1,0.10448239060832444,-0.010448239060832445,0.5,0.4812217129018968,-0.018778287098103197,-1.8778287098103197,0.11025,0.19402985074626866,harm
0.75,0.5,13.5,0.1575,0.0,0.1,0.10645677694770543,-0.010645677694770544,0.5,0.48073557876312933,-0.019264421236870666,-1.9264421236870666,0.11025,0.19444444444444445,harm
0.75,0.5,13.600000000000001,0.1575,0.0,0.1,0.10843116328708644,-0.010843116328708644,0.5,0.4802446582167895,-0.01975534178321048,-1.9755341783210478,0.11025,0.1948529411764706,harm
0.75,0.5,13.7,0.1575,0.0,0.1,0.11040554962646744,-0.011040554962646745,0.5,0.4797489585033123,-0.020251041496687716,-2.0251041496687714,0.11025,0.19525547445255476,harm
0.75,0.5,13.8,0.1575,0.0,0.1,0.11237993596584843,-0.011237993596584844,0.5,0.479248487108139,-0.020751512891861,-2.0751512891861,0.11025,0.1956521739130435,harm
0.75,0.5,13.9,0.1575,0.0,0.1,0.11435432230522943,-0.011435432230522943,0.5,0.478743251766646,-0.021256748233353995,-2.1256748233353995,0.11025,0.1960431654676259,harm
0.75,0.5,14.0,0.1575,0.0,0.1,0.11632870864461044,-0.011632870864461044,0.5,0.4782332604690961,-0.02176673953090391,-2.176673953090391,0.11025,0.19642857142857142,harm
0.75,0.5,6.0,0.16,0.0,0.1,-0.044871794871794865,0.004487179487179487,0.5,0.503926077841055,0.003926077841055031,0.3926077841055031,0.11200000000000002,0.125,improvement
0.75,0.5,6.1,0.16,0.0,0.1,-0.04294871794871796,0.0042948717948717964,0.5,0.5038115105921512,0.003811510592151235,0.3811510592151235,0.11200000000000002,0.12704918032786883,improvement
0.75,0.5,6.2,0.16,0.0,0.1,-0.04102564102564104,0.004102564102564104,0.5,0.5036921355607803,0.0036921355607802964,0.36921355607802964,0.11200000000000002,0.12903225806451613,improvement
0.75,0.5,6.3,0.16,0.0,0.1,-0.039102564102564116,0.003910256410256412,0.5,0.5035679526332241,0.0035679526332240696,0.35679526332240696,0.11200000000000002,0.13095238095238093,improvement
0.75,0.5,6.4,0.16,0.0,0.1,-0.03717948717948719,0.0037179487179487196,0.5,0.5034389616975368,0.0034389616975367687,0.3438961697536769,0.11200000000000002,0.1328125,improvement
0.75,0.5,6.5,0.16,0.0,0.1,-0.03525641025641026,0.0035256410256410266,0.5,0.5033051626446559,0.003305162644655857,0.3305162644655857,0.11200000000000002,0.1346153846153846,improvement
0.75,0.5,6.6,0.16,0.0,0.1,-0.03333333333333334,0.003333333333333334,0.5,0.5031665553695661,0.0031665553695661153,0.3166555369566115,0.11200000000000002,0.13636363636363635,improvement
0.75,0.5,6.7,0.16,0.0,0.1,-0.03141025641025642,0.003141025641025642,0.5,0.5030231397725183,0.003023139772518335,0.3023139772518335,0.11200000000000002,0.13805970149253732,improvement
0.75,0.5,6.8,0.16,0.0,0.1,-0.02948717948717949,0.0029487179487179493,0.5,0.5028749157603003,0.0028749157603003006,0.28749157603003006,0.11200000000000002,0.13970588235294118,improvement
0.75,0.5,6.9,0.16,0.0,0.1,-0.027564102564102567,0.0027564102564102567,0.5,0.5027218832475615,0.0027218832475615073,0.27218832475615073,0.11200000000000002,0.14130434782608697,improvement
0.75,0.5,7.0,0.16,0.0,0.1,-0.02564102564102564,0.002564102564102564,0.5,0.5025640421581917,0.002564042158191726,0.2564042158191726,0.11200000000000002,0.14285714285714285,improvement
0.75,0.5,7.1,0.16,0.0,0.1,-0.02371794871794874,0.002371794871794874,0.5,0.5024013924267521,0.0024013924267520803,0.24013924267520803,0.11200000000000002,0.14436619718309857,improvement
0.75,0.5,7.2,0.16,0.0,0.1,-0.02179487179487179,0.002179487179487179,0.5,0.5022339339999606,0.0022339339999606356,0.22339339999606356,0.11200000000000002,0.14583333333333334,improvement
0.75,0.5,7.3,0.16,0.0,0.1,-0.01987179487179489,0.0019871794871794894,0.5,0.5020616668382305,0.0020616668382305026,0.20616668382305026,0.11200000000000002,0.14726027397260272,improvement
0.75,0.5,7.4,0.16,0.0,0.1,-0.01794871794871794,0.0017948717948717942,0.5,0.5018845909172616,0.0018845909172615638,0.18845909172615638,0.11200000000000002,0.14864864864864866,improvement
0.75,0.5,7.5,0.16,0.0,0.1,-0.01602564102564104,0.0016025641025641042,0.5,0.5017027062296864,0.0017027062296863793,0.17027062296863793,0.11200000000000002,0.15,improvement
0.75,0.5,7.6,0.16,0.0,0.1,-0.014102564102564117,0.0014102564102564117,0.5,0.5015160127867673,0.0015160127867672735,0.15160127867672735,0.11200000000000002,0.1513157894736842,improvement
0.75,0.5,7.7,0.16,0.0,0.1,-0.012179487179487192,0.0012179487179487193,0.5,0.50132451062015,0.0013245106201500434,0.13245106201500434,0.11200000000000002,0.1525974025974026,improvement
0.75,0.5,7.8,0.16,0.0,0.1,-0.010256410256410267,0.0010256410256410267,0.5,0.5011281997836672,0.001128199783667183,0.11281997836671831,0.11200000000000002,0.15384615384615385,improvement
0.75,0.5,7.9,0.16,0.0,0.1,-0.008333333333333342,0.0008333333333333343,0.5,0.5009270803551983,0.0009270803551982842,0.09270803551982842,0.11200000000000002,0.1550632911392405,improvement
0.75,0.5,8.0,0.16,0.0,0.1,-0.006410256410256416,0.0006410256410256417,0.5,0.50072115243858,0.0007211524385799528,0.07211524385799528,0.11200000000000002,0.15625,improvement
0.75,0.5,8.1,0.16,0.0,0.1,-0.004487179487179491,0.00044871794871794915,0.5,0.5005104161655718,0.000510416165571792,0.051041616557179204,0.11200000000000002,0.15740740740740738,improvement
0.75,0.5,8.2,0.16,0.0,0.1,-0.00256410256410259,0.000256410256410259,0.5,0.5002948716978737,0.0002948716978736776,0.029487169787367762,0.11200000000000002,0.15853658536585363,improvement
0.75,0.5,8.3,0.16,0.0,0.1,-0.0006410256410256417,6.410256410256417e-05,0.5,0.5000745192291977,7.451922919765597e-05,0.007451922919765597,0.11200000000000002,0.15963855421686748,improvement
0.75,0.5,8.4,0.16,0.0,0.1,0.0012820512820512834,-0.00012820512820512834,0.5,0.4998493589873911,-0.00015064101260892082,-0.015064101260892082,0.11200000000000002,0.1607142857142857,harm
0.75,0.5,8.5,0.16,0.0,0.1,0.003205128205128208,-0.00032051282051282084,0.5,0.4996193912366146,-0.00038060876338541494,-0.038060876338541494,0.11200000000000002,0.16176470588235292,harm
0.75,0.5,8.6,0.16,0.0,0.1,0.005128205128205109,-0.000512820512820511,0.5,0.4993846162795714,-0.000615383720428575,-0.0615383720428575,0.11200000000000002,0.16279069767441862,harm
0.75,0.5,8.7,0.16,0.0,0.1,0.007051282051282034,-0.0007051282051282034,0.5,0.4991450344597905,-0.0008549655402094736,-0.08549655402094736,0.11200000000000002,0.16379310344827586,harm
0.75,0.5,8.8,0.16,0.0,0.1,0.008974358974358982,-0.0008974358974358983,0.5,0.4989006461639618,-0.0010993538360382082,-0.10993538360382082,0.11200000000000002,0.1647727272727273,harm
0.75,0.5,8.9,0.16,0.0,0.1,0.010897435897435907,-0.0010897435897435908,0.5,0.4986514518243246,-0.0013485481756754236,-0.13485481756754236,0.11200000000000002,0.1657303370786517,harm
0.75,0.5,9.0,0.16,0.0,0.1,0.01282051282051281,-0.001282051282051281,0.5,0.49839745192110785,-0.001602548078892152,-0.1602548078892152,0.11200000000000002,0.16666666666666669,harm
0.75,0.5,9.1,0.16,0.0,0.1,0.014743589743589735,-0.0014743589743589735,0.5,0.4981386469850235,-0.0018613530149764745,-0.18613530149764745,0.11200000000000002,0.1675824175824176,harm
0.75,0.5,9.2,0.16,0.0,0.1,0.01666666666666666,-0.0016666666666666661,0.5,0.49787503759981155,-0.002124962400188446,-0.2124962400188446,0.11200000000000002,0.16847826086956522,harm
0.75,0.5,9.3,0.16,0.0,0.1,0.018589743589743607,-0.0018589743589743609,0.5,0.4976066244048376,-0.0023933755951623947,-0.23933755951623947,0.11200000000000002,0.16935483870967744,harm
0.75,0.5,9.4,0.16,0.0,0.1,0.02051282051282051,-0.002051282051282051,0.5,0.4973334080977423,-0.002666591902257709,-0.2666591902257709,0.11200000000000002,0.17021276595744683,harm
0.75,0.5,9.5,0.16,0.0,0.1,0.022435897435897433,-0.0022435897435897434,0.5,0.49705538943714234,-0.0029446105628576635,-0.29446105628576635,0.11200000000000002,0.17105263157894737,harm
0.75,0.5,9.6,0.16,0.0,0.1,0.02435897435897436,-0.002435897435897436,0.5,0.4967725692453837,-0.0032274307546162895,-0.32274307546162895,0.11200000000000002,0.171875,harm
0.75,0.5,9.7,0.16,0.0,0.1,0.026282051282051258,-0.002628205128205126,0.5,0.49648494841134616,-0.003515051588653839,-0.3515051588653839,0.11200000000000002,0.17268041237113402,harm
0.75,0.5,9.8,0.16,0.0,0.1,0.02820512820512821,-0.002820512820512821,0.5,0.49619252789329843,-0.0038074721067015704,-0.38074721067015704,0.11200000000000002,0.17346938775510207,harm
0.75,0.5,9.9,0.16,0.0,0.1,0.030128205128205132,-0.0030128205128205133,0.5,0.49589530872180543,-0.004104691278194572,-0.4104691278194572,0.11200000000000002,0.17424242424242425,harm
0.75,0.5,10.0,0.16,0.0,0.1,0.032051282051282035,-0.0032051282051282037,0.5,0.49559329200268576,-0.004406707997314241,-0.4406707997314241,0.11200000000000002,0.175,harm
0.75,0.5,10.100000000000001,0.16,0.0,0.1,0.033974358974359006,-0.0033974358974359006,0.5,0.49528647892002,-0.004713521079980021,-0.4713521079980021,0.11200000000000002,0.17574257425742576,harm
0.75,0.5,10.2,0.16,0.0,0.1,0.03589743589743588,-0.0035897435897435884,0.5,0.4949748707392094,-0.005025129260790573,-0.5025129260790573,0.11200000000000002,0.1764705882352941,harm
0.75,0.5,10.3,0.16,0.0,0.1,0.03782051282051283,-0.003782051282051283,0.5,0.4946584688100847,-0.005341531189915316,-0.5341531189915316,0.11200000000000002,0.17718446601941748,harm
0.75,0.5,10.4,0.16,0.0,0.1,0.039743589743589734,-0.003974358974358974,0.5,0.49433727457006443,-0.005662725429935567,-0.5662725429935567,0.11200000000000002,0.1778846153846154,harm
0.75,0.5,10.5,0.16,0.0,0.1,0.04166666666666666,-0.004166666666666666,0.5,0.4940112895473637,-0.0059887104526363255,-0.5988710452636326,0.11200000000000002,0.17857142857142858,harm
0.75,0.5,10.600000000000001,0.16,0.0,0.1,0.04358974358974361,-0.004358974358974361,0.5,0.4936805153642509,-0.006319484635749106,-0.6319484635749106,0.11200000000000002,0.17924528301886794,harm
0.75,0.5,10.7,0.16,0.0,0.1,0.04551282051282048,-0.004551282051282048,0.5,0.49334495374035453,-0.00665504625964547,-0.665504625964547,0.11200000000000002,0.17990654205607476,harm
0.75,0.5,10.8,0.16,0.0,0.1,0.047435897435897434,-0.004743589743589744,0.5,0.4930046064960176,-0.006995393503982372,-0.6995393503982372,0.11200000000000002,0.18055555555555558,harm
0.75,0.5,10.9,0.16,0.0,0.1,0.04935897435897436,-0.004935897435897436,0.5,0.4926594755557012,-0.007340524444298779,-0.7340524444298779,0.11200000000000002,0.1811926605504587,harm
0.75,0.5,11.0,0.16,0.0,0.1,0.05128205128205128,-0.005128205128205128,0.5,0.4923095629514348,-0.007690437048565202,-0.7690437048565202,0.11200000000000002,0.18181818181818182,harm
0.75,0.5,11.100000000000001,0.16,0.0,0.1,0.05320512820512823,-0.005320512820512824,0.5,0.4919548708263146,-0.008045129173685384,-0.8045129173685384,0.11200000000000002,0.18243243243243246,harm
0.75,0.5,11.2,0.16,0.0,0.1,0.055128205128205134,-0.005512820512820513,0.5,0.4915954014380492,-0.008404598561950805,-0.8404598561950805,0.11200000000000002,0.1830357142857143,harm
0.75,0.5,11.3,0.16,0.0,0.1,0.057051282051282085,-0.005705128205128209,0.5,0.49123115716255045,-0.008768842837449553,-0.8768842837449553,0.11200000000000002,0.1836283185840708,harm
0.75,0.5,11.4,0.16,0.0,0.1,0.05897435897435898,-0.0058974358974358985,0.5,0.49086214049757204,-0.009137859502427959,-0.9137859502427959,0.11200000000000002,0.1842105263157895,harm
0.75,0.5,11.5,0.16,0.0,0.1,0.06089743589743588,-0.006089743589743589,0.5,0.49048835406639235,-0.009511645933607649,-0.9511645933607649,0.11200000000000002,0.18478260869565216,harm
0.75,0.5,11.600000000000001,0.16,0.0,0.1,0.06282051282051283,-0.006282051282051284,0.5,0.490109800621543,-0.009890199378456976,-0.9890199378456976,0.11200000000000002,0.1853448275862069,harm
0.75,0.5,11.7,0.16,0.0,0.1,0.06474358974358974,-0.006474358974358974,0.5,0.4897264830485818,-0.010273516951418205,-1.0273516951418205,0.11200000000000002,0.1858974358974359,harm
0.75,0.5,11.8,0.16,0.0,0.1,0.06666666666666668,-0.006666666666666668,0.5,0.4893384043699094,-0.010661595630090615,-1.0661595630090615,0.11200000000000002,0.1864406779661017,harm
0.75,0.5,11.9,0.16,0.0,0.1,0.06858974358974358,-0.006858974358974358,0.5,0.48894556774862974,-0.01105443225137026,-1.105443225137026,0.11200000000000002,0.1869747899159664,harm
0.75,0.5,12.0,0.16,0.0,0.1,0.07051282051282053,-0.007051282051282053,0.5,0.48854797649245285,-0.011452023507547149,-1.1452023507547149,0.11200000000000002,0.1875,harm
0.75,0.5,12.100000000000001,0.16,0.0,0.1,0.07243589743589748,-0.007243589743589749,0.5,0.4881456340576402,-0.01185436594235978,-1.185436594235978,0.11200000000000002,0.18801652892561985,harm
0.75,0.5,12.2,0.16,0.0,0.1,0.07435897435897433,-0.007435897435897433,0.5,0.487738544052991,-0.012261455947009003,-1.2261455947009003,0.11200000000000002,0.1885245901639344,harm
0.75,0.5,12.3,0.16,0.0,0.1,0.07628205128205129,-0.0076282051282051296,0.5,0.48732671024386953,-0.012673289756130468,-1.2673289756130468,0.11200000000000002,0.18902439024390244,harm
0.75,0.5,12.4,0.16,0.0,0.1,0.07820512820512819,-0.007820512820512819,0.5,0.48691013655627313,-0.013089863443726868,-1.3089863443726868,0.11200000000000002,0.18951612903225806,harm
0.75,0.5,12.5,0.16,0.0,0.1,0.08012820512820513,-0.008012820512820514,0.5,0.486488827080938,-0.013511172919062009,-1.351117291906201,0.11200000000000002,0.19,harm
0.75,0.5,12.600000000000001,0.16,0.0,0.1,0.08205128205128208,-0.008205128205128209,0.5,0.48606278607748515,-0.013937213922514846,-1.3937213922514846,0.11200000000000002,0.19047619047619047,harm
0.75,0.5,12.7,0.16,0.0,0.1,0.08397435897435894,-0.008397435897435895,0.5,0.4856320179786032,-0.014367982021396775,-1.4367982021396775,0.11200000000000002,0.19094488188976377,harm
0.75,0.5,12.8,0.16,0.0,0.1,0.08589743589743588,-0.00858974358974359,0.5,0.4851965273942682,-0.014803472605731782,-1.4803472605731782,0.11200000000000002,0.19140625,harm
0.75,0.5,12.9,0.16,0.0,0.1,0.08782051282051283,-0.008782051282051282,0.5,0.4847563191159998,-0.015243680884000188,-1.5243680884000188,0.11200000000000002,0.19186046511627908,harm
0.75,0.5,13.0,0.16,0.0,0.1,0.08974358974358973,-0.008974358974358974,0.5,0.484311398121152,-0.01568860187884802,-1.5688601878848019,0.11200000000000002,0.1923076923076923,harm
0.75,0.5,13.100000000000001,0.16,0.0,0.1,0.09166666666666669,-0.009166666666666668,0.5,0.4838617695772387,-0.0161382304227613,-1.6138230422761302,0.11200000000000002,0.19274809160305345,harm
0.75,0.5,13.2,0.16,0.0,0.1,0.09358974358974359,-0.00935897435897436,0.5,0.48340743884629234,-0.016592561153707663,-1.6592561153707663,0.11200000000000002,0.19318181818181818,harm
0.75,0.5,13.3,0.16,0.0,0.1,0.09551282051282053,-0.009551282051282054,0.5,0.48294841148925466,-0.01705158851074534,-1.7051588510745341,0.11200000000000002,0.19360902255639098,harm
0.75,0.5,13.4,0.16,0.0,0.1,0.09743589743589744,-0.009743589743589744,0.5,0.4824846932703987,-0.017515306729601277,-1.7515306729601277,0.11200000000000002,0.19402985074626866,harm
0.75,0.5,13.5,0.16,0.0,0.1,0.09935897435897434,-0.009935897435897435,0.5,0.48201629016178127,-0.01798370983821873,-1.798370983821873,0.11200000000000002,0.19444444444444445,harm
0.75,0.5,13.600000000000001,0.16,0.0,0.1,0.10128205128205128,-0.010128205128205128,0.5,0.4815432083477241,-0.018456791652275872,-1.8456791652275872,0.11200000000000002,0.1948529411764706,harm
0.75,0.5,13.7,0.16,0.0,0.1,0.10320512820512819,-0.01032051282051282,0.5,0.4810654542293238,-0.018934545770676214,-1.8934545770676214,0.11200000000000002,0.19525547445255476,harm
0.75,0.5,13.8,0.16,0.0,0.1,0.10512820512820513,-0.010512820512820514,0.5,0.48058303442898687,-0.019416965571013134,-1.9416965571013134,0.11200000000000002,0.1956521739130435,harm
0.75,0.5,13.9,0.16,0.0,0.1,0.10705128205128203,-0.010705128205128204,0.5,0.48009595579499265,-0.019904044205007354,-1.9904044205007354,0.11200000000000002,0.1960431654676259,harm
0.75,0.5,14.0,0.16,0.0,0.1,0.10897435897435899,-0.0108974358974359,0.5,0.47960422540607894,-0.020395774593921057,-2.0395774593921057,0.11200000000000002,0.19642857142857142,harm
0.75,0.5,6.0,0.1625,0.0,0.1,-0.048128342245989324,0.0048128342245989325,0.5,0.5042109779728559,0.004210977972855856,0.4210977972855856,0.11374999999999999,0.125,improvement
0.75,0.5,6.1,0.1625,0.0,0.1,-0.046256684491978624,0.004625668449197862,0.5,0.5041050457223457,0.004105045722345713,0.41050457223457126,0.11374999999999999,0.12704918032786883,improvement
0.75,0.5,6.2,0.1625,0.0,0.1,-0.04438502673796792,0.004438502673796792,0.5,0.5039944344352835,0.003994434435283467,0.3994434435283467,0.11374999999999999,0.12903225806451613,improvement
0.75,0.5,6.3,0.1625,0.0,0.1,-0.04251336898395724,0.004251336898395724,0.5,0.5038791439969327,0.003879143996932677,0.3879143996932677,0.11374999999999999,0.13095238095238093,improvement
0.75,0.5,6.4,0.1625,0.0,0.1,-0.04064171122994654,0.004064171122994654,0.5,0.5037591742925405,0.003759174292540468,0.3759174292540468,0.11374999999999999,0.1328125,improvement
0.75,0.5,6.5,0.1625,0.0,0.1,-0.03877005347593584,0.003877005347593584,0.5,0.5036345252083029,0.0036345252083028745,0.36345252083028745,0.11374999999999999,0.1346153846153846,improvement
0.75,0.5,6.6,0.1625,0.0,0.1,-0.03689839572192516,0.003689839572192516,0.5,0.5035051966323802,0.0035051966323802475,0.35051966323802475,0.11374999999999999,0.13636363636363635,improvement
0.75,0.5,6.7,0.1625,0.0,0.1,-0.03502673796791445,0.0035026737967914453,0.5,0.5033711884559608,0.0033711884559608496,0.33711884559608496,0.11374999999999999,0.13805970149253732,improvement
0.75,0.5,6.8,0.1625,0.0,0.1,-0.03315508021390375,0.0033155080213903756,0.5,0.5032325005743747,0.0032325005743747415,0.32325005743747415,0.11374999999999999,0.13970588235294118,improvement
0.75,0.5,6.9,0.1625,0.0,0.1,-0.031283422459893045,0.0031283422459893045,0.5,0.5030891328882561,0.0030891328882560742,0.3089132888256074,0.11374999999999999,0.14130434782608697,improvement
0.75,0.5,7.0,0.1625,0.0,0.1,-0.02941176470588237,0.002941176470588237,0.5,0.5029410853047556,0.002941085304755564,0.2941085304755564,0.11374999999999999,0.14285714285714285,improvement
0.75,0.5,7.1,0.1625,0.0,0.1,-0.027540106951871667,0.002754010695187167,0.5,0.5027883577388013,0.0027883577388012615,0.27883577388012615,0.11374999999999999,0.14436619718309857,improvement
0.75,0.5,7.2,0.1625,0.0,0.1,-0.025668449197860963,0.0025668449197860967,0.5,0.5026309501144085,0.0026309501144085035,0.26309501144085035,0.11374999999999999,0.14583333333333334,improvement
0.75,0.5,7.3,0.1625,0.0,0.1,-0.023796791443850284,0.0023796791443850287,0.5,0.5024688623660408,0.002468862366040825,0.2468862366040825,0.11374999999999999,0.14726027397260272,improvement
0.75,0.5,7.4,0.1625,0.0,0.1,-0.02192513368983958,0.002192513368983958,0.5,0.5023020944400176,0.00230209444001761,0.23020944400176102,0.11374999999999999,0.14864864864864866,improvement
0.75,0.5,7.5,0.1625,0.0,0.1,-0.020053475935828877,0.002005347593582888,0.5,0.5021306462959731,0.0021306462959731487,0.21306462959731487,0.11374999999999999,0.15,improvement
0.75,0.5,7.6,0.1625,0.0,0.1,-0.0181818181818182,0.00181818181818182,0.5,0.5019545179083635,0.00195451790836354,0.195451790836354,0.11374999999999999,0.1513157894736842,improvement
0.75,0.5,7.7,0.1625,0.0,0.1,-0.016310160427807495,0.0016310160427807495,0.5,0.501773709268023,0.0017737092680230049,0.1773709268023005,0.11374999999999999,0.1525974025974026,improvement
0.75,0.5,7.8,0.1625,0.0,0.1,-0.014438502673796793,0.0014438502673796794,0.5,0.5015882203837705,0.001588220383770489,0.1588220383770489,0.11374999999999999,0.15384615384615385,improvement
0.75,0.5,7.9,0.1625,0.0,0.1,-0.01256684491978609,0.001256684491978609,0.5,0.5013980512840637,0.0013980512840636727,0.13980512840636727,0.11374999999999999,0.1550632911392405,improvement
0.75,0.5,8.0,0.1625,0.0,0.1,-0.01069518716577541,0.0010695187165775412,0.5,0.5012032020187036,0.0012032020187036085,0.12032020187036085,0.11374999999999999,0.15625,improvement
0.75,0.5,8.1,0.1625,0.0,0.1,-0.008823529411764732,0.0008823529411764732,0.5,0.5010036726605875,0.0010036726605875401,0.10036726605875401,0.11374999999999999,0.15740740740740738,improvement
0.75,0.5,8.2,0.1625,0.0,0.1,-0.006951871657754029,0.000695187165775403,0.5,0.5007994633075115,0.000799463307511461,0.0799463307511461,0.11374999999999999,0.15853658536585363,improvement
0.75,0.5,8.3,0.1625,0.0,0.1,-0.0050802139037433025,0.0005080213903743303,0.5,0.5005905740840213,0.0005905740840213003,0.05905740840213003,0.11374999999999999,0.15963855421686748,improvement
0.75,0.5,8.4,0.1625,0.0,0.1,-0.0032085561497326234,0.00032085561497326235,0.5,0.5003770051433128,0.0003770051433128474,0.03770051433128474,0.11374999999999999,0.1607142857142857,improvement
0.75,0.5,8.5,0.1625,0.0,0.1,-0.0013368983957219441,0.00013368983957219441,0.5,0.5001587566691816,0.00015875666918163667,0.015875666918163667,0.11374999999999999,0.16176470588235292,improvement
0.75,0.5,8.6,0.1625,0.0,0.1,0.0005347593582887587,-5.347593582887587e-05,0.5,0.4999358288780201,-6.41711219798724e-05,-0.00641711219798724,0.11374999999999999,0.16279069767441862,harm
0.75,0.5,8.7,0.1625,0.0,0.1,0.0024064171122994376,-0.00024064171122994377,0.5,0.4997082220208659,-0.0002917779791341002,-0.02917779791341002,0.11374999999999999,0.16379310344827586,harm
0.75,0.5,8.8,0.1625,0.0,0.1,0.004278074866310164,-0.0004278074866310164,0.5,0.49947593638549614,-0.0005240636145038557,-0.052406361450385575,0.11374999999999999,0.1647727272727273,harm
0.75,0.5,8.9,0.1625,0.0,0.1,0.006149732620320843,-0.0006149732620320844,0.5,0.4992389722985727,-0.0007610277014272748,-0.07610277014272748,0.11374999999999999,0.1657303370786517,harm
0.75,0.5,9.0,0.1625,0.0,0.1,0.008021390374331546,-0.0008021390374331547,0.5,0.498997330127835,-0.0010026698721650185,-0.10026698721650185,0.11374999999999999,0.16666666666666669,harm
0.75,0.5,9.1,0.1625,0.0,0.1,0.009893048128342226,-0.0009893048128342226,0.5,0.49875101028434127,-0.0012489897156587326,-0.12489897156587326,0.11374999999999999,0.1675824175824176,harm
0.75,0.5,9.2,0.1625,0.0,0.1,0.011764705882352929,-0.001176470588235293,0.5,0.4985000132247588,-0.0014999867752412133,-0.14999867752412133,0.11374999999999999,0.16847826086956522,harm
0.75,0.5,9.3,0.1625,0.0,0.1,0.01363636363636363,-0.001363636363636363,0.5,0.49824433945370195,-0.0017556605462980546,-0.17556605462980546,0.11374999999999999,0.16935483870967744,harm
0.75,0.5,9.4,0.1625,0.0,0.1,0.015508021390374334,-0.0015508021390374335,0.5,0.49798398952611866,-0.0020160104738813356,-0.20160104738813356,0.11374999999999999,0.17021276595744683,harm
0.75,0.5,9.5,0.1625,0.0,0.1,0.017379679144385013,-0.0017379679144385015,0.5,0.49771896404972504,-0.0022810359502749566,-0.22810359502749566,0.11374999999999999,0.17105263157894737,harm
0.75,0.5,9.6,0.1625,0.0,0.1,0.019251336898395716,-0.0019251336898395716,0.5,0.4974492636874876,-0.0025507363125124027,-0.2550736312512403,0.11374999999999999,0.171875,harm
0.75,0.5,9.7,0.1625,0.0,0.1,0.021122994652406395,-0.0021122994652406396,0.5,0.49717488916015373,-0.0028251108398462677,-0.28251108398462677,0.11374999999999999,0.17268041237113402,harm
0.75,0.5,9.8,0.1625,0.0,0.1,0.022994652406417123,-0.0022994652406417124,0.5,0.49689584124882946,-0.003104158751170538,-0.3104158751170538,0.11374999999999999,0.17346938775510207,harm
0.75,0.5,9.9,0.1625,0.0,0.1,0.024866310160427802,-0.0024866310160427804,0.5,0.49661212079760475,-0.0033878792023952498,-0.338787920239525,0.11374999999999999,0.17424242424242425,harm
0.75,0.5,10.0,0.1625,0.0,0.1,0.026737967914438502,-0.0026737967914438505,0.5,0.49632372871622643,-0.003676271283773569,-0.3676271283773569,0.11374999999999999,0.175,harm
0.75,0.5,10.100000000000001,0.1625,0.0,0.1,0.028609625668449205,-0.0028609625668449207,0.5,0.49603066598281775,-0.003969334017182247,-0.39693340171822467,0.11374999999999999,0.17574257425742576,harm
0.75,0.5,10.2,0.1625,0.0,0.1,0.030481283422459864,-0.0030481283422459865,0.5,0.49573293364664517,-0.004267066353354831,-0.42670663533548314,0.11374999999999999,0.1764705882352941,harm
0.75,0.5,10.3,0.1625,0.0,0.1,0.03235294117647059,-0.0032352941176470593,0.5,0.4954305328309318,-0.004569467169068198,-0.45694671690681976,0.11374999999999999,0.17718446601941748,harm
0.75,0.5,10.4,0.1625,0.0,0.1,0.03422459893048127,-0.0034224598930481273,0.5,0.49512346473571733,-0.0048765352642826665,-0.48765352642826665,0.11374999999999999,0.1778846153846154,harm
0.75,0.5,10.5,0.1625,0.0,0.1,0.03609625668449197,-0.003609625668449197,0.5,0.4948117306407641,-0.005188269359235886,-0.5188269359235886,0.11374999999999999,0.17857142857142858,harm
0.75,0.5,10.600000000000001,0.1625,0.0,0.1,0.0379679144385027,-0.00379679144385027,0.5,0.49449533190850925,-0.00550466809149075,-0.550466809149075,0.11374999999999999,0.17924528301886794,harm
0.75,0.5,10.7,0.1625,0.0,0.1,0.03983957219251335,-0.003983957219251335,0.5,0.4941742699870627,-0.005825730012937291,-0.5825730012937291,0.11374999999999999,0.17990654205607476,harm
0.75,0.5,10.8,0.1625,0.0,0.1,0.041711229946524056,-0.004171122994652406,0.5,0.49384854641325004,-0.006151453586749955,-0.6151453586749955,0.11374999999999999,0.18055555555555558,harm
0.75,0.5,10.9,0.1625,0.0,0.1,0.043582887700534756,-0.004358288770053476,0.5,0.4935181628157017,-0.006481837184298289,-0.6481837184298289,0.11374999999999999,0.1811926605504587,harm
0.75,0.5,11.0,0.1625,0.0,0.1,0.045454545454545435,-0.0045454545454545435,0.5,0.49318312091798544,-0.00681687908201456,-0.681687908201456,0.11374999999999999,0.18181818181818182,harm
0.75,0.5,11.100000000000001,0.1625,0.0,0.1,0.04732620320855616,-0.004732620320855616,0.5,0.4928434225417846,-0.007156577458215407,-0.7156577458215407,0.11374999999999999,0.18243243243243246,harm
0.75,0.5,11.2,0.1625,0.0,0.1,0.04919786096256682,-0.004919786096256682,0.5,0.4924990696101198,-0.0075009303898802004,-0.75009303898802,0.11374999999999999,0.1830357142857143,harm
0.75,0.5,11.3,0.1625,0.0,0.1,0.05106951871657755,-0.005106951871657755,0.5,0.4921500641506146,-0.007849935849385425,-0.7849935849385425,0.11374999999999999,0.1836283185840708,harm
0.75,0.5,11.4,0.1625,0.0,0.1,0.05294117647058823,-0.005294117647058823,0.5,0.4917964082988049,-0.008203591701195112,-0.8203591701195112,0.11374999999999999,0.1842105263157895,harm
0.75,0.5,11.5,0.1625,0.0,0.1,0.05481283422459891,-0.005481283422459891,0.5,0.4914381043014906,-0.008561895698509403,-0.8561895698509403,0.11374999999999999,0.18478260869565216,harm
0.75,0.5,11.600000000000001,0.1625,0.0,0.1,0.056684491978609655,-0.005668449197860966,0.5,0.49107515452013056,-0.008924845479869437,-0.8924845479869437,0.11374999999999999,0.1853448275862069,harm
0.75,0.5,11.7,0.1625,0.0,0.1,0.058556149732620306,-0.005855614973262031,0.5,0.4907075614342792,-0.009292438565720818,-0.9292438565720818,0.11374999999999999,0.1858974358974359,harm
0.75,0.5,11.8,0.1625,0.0,0.1,0.06042780748663101,-0.006042780748663101,0.5,0.49033532764506527,-0.009664672354934734,-0.9664672354934734,0.11374999999999999,0.1864406779661017,harm
0.75,0.5,11.9,0.1625,0.0,0.1,0.06229946524064171,-0.0062299465240641715,0.5,0.48995845587871095,-0.010041544121289048,-1.0041544121289048,0.11374999999999999,0.1869747899159664,harm
0.75,0.5,12.0,0.1625,0.0,0.1,0.06417112299465237,-0.006417112299465237,0.5,0.4895769489900931,-0.010423051009906925,-1.0423051009906925,0.11374999999999999,0.1875,harm
0.75,0.5,12.100000000000001,0.1625,0.0,0.1,0.06604278074866313,-0.006604278074866313,0.5,0.48919080996634245,-0.010809190033657545,-1.0809190033657545,0.11374999999999999,0.18801652892561985,harm
0.75,0.5,12.2,0.1625,0.0,0.1,0.06791443850267377,-0.006791443850267378,0.5,0.4888000419304853,-0.011199958069514682,-1.1199958069514682,0.11374999999999999,0.1885245901639344,harm
0.75,0.5,12.3,0.1625,0.0,0.1,0.06978609625668449,-0.006978609625668449,0.5,0.4884046481451213,-0.0115953518548787,-1.15953518548787,0.11374999999999999,0.18902439024390244,harm
0.75,0.5,12.4,0.1625,0.0,0.1,0.07165775401069518,-0.007165775401069519,0.5,0.48800463201614175,-0.011995367983858252,-1.1995367983858252,0.11374999999999999,0.18951612903225806,harm
0.75,0.5,12.5,0.1625,0.0,0.1,0.07352941176470588,-0.007352941176470589,0.5,0.48759999709648505,-0.01240000290351495,-1.240000290351495,0.11374999999999999,0.19,harm
0.75,0.5,12.600000000000001,0.1625,0.0,0.1,0.07540106951871658,-0.007540106951871659,0.5,0.48719074708992915,-0.012809252910070845,-1.2809252910070845,0.11374999999999999,0.19047619047619047,harm
0.75,0.5,12.7,0.1625,0.0,0.1,0.07727272727272724,-0.007727272727272725,0.5,0.4867768858549205,-0.013223114145079484,-1.3223114145079484,0.11374999999999999,0.19094488188976377,harm
0.75,0.5,12.8,0.1625,0.0,0.1,0.07914438502673794,-0.007914438502673794,0.5,0.48635841740843955,-0.013641582591560453,-1.3641582591560453,0.11374999999999999,0.19140625,harm
0.75,0.5,12.9,0.1625,0.0,0.1,0.08101604278074864,-0.008101604278074865,0.5,0.4859353459299002,-0.014064654070099825,-1.4064654070099825,0.11374999999999999,0.19186046511627908,harm
0.75,0.5,13.0,0.1625,0.0,0.1,0.08288770053475936,-0.008288770053475936,0.5,0.48550767576508475,-0.014492324234915255,-1.4492324234915255,0.11374999999999999,0.1923076923076923,harm
0.75,0.5,13.100000000000001,0.1625,0.0,0.1,0.08475935828877006,-0.008475935828877006,0.5,0.48507541143011157,-0.01492458856988843,-1.492458856988843,0.11374999999999999,0.19274809160305345,harm
0.75,0.5,13.2,0.1625,0.0,0.1,0.08663101604278071,-0.008663101604278071,0.5,0.4846385576154361,-0.015361442384563884,-1.5361442384563884,0.11374999999999999,0.19318181818181818,harm
0.75,0.5,13.3,0.1625,0.0,0.1,0.08850267379679146,-0.008850267379679146,0.5,0.4841971191898834,-0.015802880810116604,-1.5802880810116604,0.11374999999999999,0.19360902255639098,harm
0.75,0.5,13.4,0.1625,0.0,0.1,0.09037433155080211,-0.009037433155080212,0.5,0.4837511012047122,-0.01624889879528779,-1.6248898795287792,0.11374999999999999,0.19402985074626866,harm
0.75,0.5,13.5,0.1625,0.0,0.1,0.09224598930481281,-0.009224598930481281,0.5,0.4833005088977087,-0.016699491102291297,-1.6699491102291297,0.11374999999999999,0.19444444444444445,harm
0.75,0.5,13.600000000000001,0.1625,0.0,0.1,0.09411764705882353,-0.009411764705882354,0.5,0.48284534769731,-0.017154652302689977,-1.7154652302689977,0.11374999999999999,0.1948529411764706,harm
0.75,0.5,13.7,0.1625,0.0,0.1,0.09598930481283417,-0.009598930481283418,0.5,0.4823856232267558,-0.017614376773244178,-1.7614376773244178,0.11374999999999999,0.19525547445255476,harm
0.75,0.5,13.8,0.1625,0.0,0.1,0.09786096256684493,-0.009786096256684494,0.5,0.48192134130826747,-0.01807865869173253,-1.807865869173253,0.11374999999999999,0.1956521739130435,harm
0.75,0.5,13.9,0.1625,0.0,0.1,0.09973262032085563,-0.009973262032085563,0.5,0.48145250796725303,-0.01854749203274697,-1.854749203274697,0.11374999999999999,0.1960431654676259,harm
0.75,0.5,14.0,0.1625,0.0,0.1,0.10160427807486629,-0.01016042780748663,0.5,0.48097912943653853,-0.019020870563461467,-1.9020870563461467,0.11374999999999999,0.19642857142857142,harm
0.75,0.5,6.0,0.165,0.0,0.1,-0.05139186295503212,0.005139186295503213,0.5,0.5044964812261387,0.00449648122613866,0.449648122613866,0.1155,0.125,improvement
0.75,0.5,6.1,0.165,0.0,0.1,-0.04957173447537474,0.004957173447537475,0.5,0.5043992021734613,0.004399202173461347,0.43992021734613473,0.1155,0.12704918032786883,improvement
0.75,0.5,6.2,0.165,0.0,0.1,-0.047751605995717365,0.0047751605995717365,0.5,0.5042973731155711,0.0042973731155711015,0.42973731155711015,0.1155,0.12903225806451613,improvement
0.75,0.5,6.3,0.165,0.0,0.1,-0.045931477516059964,0.004593147751605997,0.5,0.5041909939395501,0.004190993939550136,0.4190993939550136,0.1155,0.13095238095238093,improvement
0.75,0.5,6.4,0.165,0.0,0.1,-0.04411134903640258,0.004411134903640259,0.5,0.5040800645309148,0.0040800645309148065,0.40800645309148065,0.1155,0.1328125,improvement
0.75,0.5,6.5,0.165,0.0,0.1,-0.04229122055674518,0.004229122055674518,0.5,0.5039645847744458,0.003964584774445834,0.3964584774445834,0.1155,0.1346153846153846,improvement
0.75,0.5,6.6,0.165,0.0,0.1,-0.04047109207708781,0.004047109207708781,0.5,0.5038445545550656,0.0038445545550656046,0.38445545550656046,0.1155,0.13636363636363635,improvement
0.75,0.5,6.7,0.165,0.0,0.1,-0.03865096359743041,0.003865096359743041,0.5,0.5037199737587588,0.0037199737587587656,0.37199737587587656,0.1155,0.13805970149253732,improvement
0.75,0.5,6.8,0.165,0.0,0.1,-0.03683083511777303,0.003683083511777303,0.5,0.5035908422735396,0.003590842273539563,0.3590842273539563,0.1155,0.13970588235294118,improvement
0.75,0.5,6.9,0.165,0.0,0.1,-0.035010706638115625,0.003501070663811563,0.5,0.5034571599904641,0.0034571599904641426,0.34571599904641426,0.1155,0.14130434782608697,improvement
0.75,0.5,7.0,0.165,0.0,0.1,-0.03319057815845825,0.003319057815845825,0.5,0.5033189268046874,0.003318926804687372,0.3318926804687372,0.1155,0.14285714285714285,improvement
0.75,0.5,7.1,0.165,0.0,0.1,-0.03137044967880087,0.003137044967880087,0.5,0.503176142616566,0.003176142616565958,0.3176142616565958,0.1155,0.14436619718309857,improvement
0.75,0.5,7.2,0.165,0.0,0.1,-0.029550321199143473,0.0029550321199143473,0.5,0.5030288073328064,0.003028807332806416,0.3028807332806416,0.1155,0.14583333333333334,improvement
0.75,0.5,7.3,0.165,0.0,0.1,-0.027730192719486093,0.0027730192719486093,0.5,0.5028769208676582,0.002876920867658228,0.2876920867658228,0.1155,0.14726027397260272,improvement
0.75,0.5,7.4,0.165,0.0,0.1,-0.025910064239828695,0.0025910064239828695,0.5,0.5027204831441527,0.002720483144152741,0.2720483144152741,0.1155,0.14864864864864866,improvement
0.75,0.5,7.5,0.165,0.0,0.1,-0.024089935760171315,0.0024089935760171315,0.5,0.5025594940953866,0.002559494095386583,0.2559494095386583,0.1155,0.15,improvement
0.75,0.5,7.6,0.165,0.0,0.1,-0.022269807280513938,0.002226980728051394,0.5,0.5023939536658515,0.0023939536658514893,0.23939536658514893,0.1155,0.1513157894736842,improvement
0.75,0.5,7.7,0.165,0.0,0.1,-0.020449678800856536,0.0020449678800856536,0.5,0.5022238618128081,0.0022238618128080923,0.22238618128080923,0.1155,0.1525974025974026,improvement
0.75,0.5,7.8,0.165,0.0,0.1,-0.01862955032119916,0.001862955032119916,0.5,0.5020492185077062,0.0020492185077062297,0.20492185077062297,0.1155,0.15384615384615385,improvement
0.75,0.5,7.9,0.165,0.0,0.1,-0.016809421841541758,0.0016809421841541758,0.5,0.5018700237376494,0.00187002373764944,0.187002373764944,0.1155,0.1550632911392405,improvement
0.75,0.5,8.0,0.165,0.0,0.1,-0.014989293361884383,0.0014989293361884384,0.5,0.5016862775069056,0.0016862775069056424,0.16862775069056424,0.1155,0.15625,improvement
0.75,0.5,8.1,0.165,0.0,0.1,-0.013169164882227004,0.0013169164882227006,0.5,0.5014979798384624,0.0014979798384624488,0.14979798384624488,0.1155,0.15740740740740738,improvement
0.75,0.5,8.2,0.165,0.0,0.1,-0.011349036402569627,0.0011349036402569627,0.5,0.5013051307756275,0.0013051307756275499,0.130513077562755,0.1155,0.15853658536585363,improvement
0.75,0.5,8.3,0.165,0.0,0.1,-0.009528907922912203,0.0009528907922912203,0.5,0.5011077303836748,0.0011077303836748431,0.11077303836748431,0.1155,0.15963855421686748,improvement
0.75,0.5,8.4,0.165,0.0,0.1,-0.007708779443254825,0.0007708779443254825,0.5,0.5009057787515354,0.0009057787515354132,0.09057787515354132,0.1155,0.1607142857142857,improvement
0.75,0.5,8.5,0.165,0.0,0.1,-0.005888650963597448,0.0005888650963597449,0.5,0.5006992759935334,0.0006992759935333659,0.06992759935333659,0.1155,0.16176470588235292,improvement
0.75,0.5,8.6,0.165,0.0,0.1,-0.00406852248394007,0.00040685224839400705,0.5,0.5004882222511671,0.00048822225116706974,0.048822225116706974,0.1155,0.16279069767441862,improvement
0.75,0.5,8.7,0.165,0.0,0.1,-0.002248394004282693,0.00022483940042826933,0.5,0.5002726176949353,0.000272617694935251,0.0272617694935251,0.1155,0.16379310344827586,improvement
0.75,0.5,8.8,0.165,0.0,0.1,-0.000428265524625268,4.28265524625268e-05,0.5,0.5000524625262082,5.2462526208163496e-05,0.00524625262081635,0.1155,0.1647727272727273,improvement
0.75,0.5,8.9,0.165,0.0,0.1,0.0013918629550321094,-0.00013918629550321095,0.5,0.49982775697914394,-0.00017224302085605547,-0.017224302085605547,0.1155,0.1657303370786517,harm
0.75,0.5,9.0,0.165,0.0,0.1,0.0032119914346894866,-0.0003211991434689487,0.5,0.49959850132264866,-0.0004014986773513418,-0.04014986773513418,0.1155,0.16666666666666669,harm
0.75,0.5,9.1,0.165,0.0,0.1,0.005032119914346864,-0.0005032119914346863,0.5,0.4993646958623828,-0.0006353041376171986,-0.06353041376171986,0.1155,0.1675824175824176,harm
0.75,0.5,9.2,0.165,0.0,0.1,0.006852248394004265,-0.0006852248394004266,0.5,0.4991263409428113,-0.0008736590571887248,-0.08736590571887248,0.1155,0.16847826086956522,harm
0.75,0.5,9.3,0.165,0.0,0.1,0.008672376873661666,-0.0008672376873661667,0.5,0.4988834369492984,-0.0011165630507016244,-0.11165630507016244,0.1155,0.16935483870967744,harm
0.75,0.5,9.4,0.165,0.0,0.1,0.010492505353319043,-0.0010492505353319043,0.5,0.4986359843102476,-0.001364015689752418,-0.1364015689752418,0.1155,0.17021276595744683,harm
0.75,0.5,9.5,0.165,0.0,0.1,0.01231263383297642,-0.0012312633832976421,0.5,0.49838398349928537,-0.0016160165007146343,-0.16160165007146343,0.1155,0.17105263157894737,harm
0.75,0.5,9.6,0.165,0.0,0.1,0.014132762312633822,-0.0014132762312633823,0.5,0.49812743503748946,-0.0018725649625105367,-0.18725649625105367,0.1155,0.171875,harm
0.75,0.5,9.7,0.165,0.0,0.1,0.0159528907922912,-0.00159528907922912,0.5,0.4978663394956617,-0.002133660504338275,-0.2133660504338275,0.1155,0.17268041237113402,harm
0.75,0.5,9.8,0.165,0.0,0.1,0.0177730192719486,-0.0017773019271948602,0.5,0.4976006974966446,-0.002399302503355405,-0.2399302503355405,0.1155,0.17346938775510207,harm
0.75,0.5,9.9,0.165,0.0,0.1,0.019593147751605977,-0.001959314775160598,0.5,0.4973305097176818,-0.002669490282318221,-0.2669490282318221,0.1155,0.17424242424242425,harm
0.75,0.5,10.0,0.165,0.0,0.1,0.021413276231263354,-0.0021413276231263354,0.5,0.4970557768928229,-0.002944223107177124,-0.2944223107177124,0.1155,0.175,harm
0.75,0.5,10.100000000000001,0.165,0.0,0.1,0.02323340471092078,-0.0023233404710920782,0.5,0.4967764998153714,-0.0032235001846285805,-0.32235001846285805,0.1155,0.17574257425742576,harm
0.75,0.5,10.2,0.165,0.0,0.1,0.025053533190578132,-0.0025053533190578132,0.5,0.49649267934037716,-0.003507320659622837,-0.3507320659622837,0.1155,0.1764705882352941,harm
0.75,0.5,10.3,0.165,0.0,0.1,0.026873661670235534,-0.0026873661670235535,0.5,0.49620431638717033,-0.00379568361282967,-0.379568361282967,0.1155,0.17718446601941748,harm
0.75,0.5,10.4,0.165,0.0,0.1,0.02869379014989291,-0.002869379014989291,0.5,0.49591141194194055,-0.00408858805805945,-0.408858805805945,0.1155,0.1778846153846154,harm
0.75,0.5,10.5,0.165,0.0,0.1,0.030513918629550312,-0.0030513918629550313,0.5,0.4956139670603583,-0.004386032939641682,-0.4386032939641682,0.1155,0.17857142857142858,harm
0.75,0.5,10.600000000000001,0.165,0.0,0.1,0.03233404710920772,-0.003233404710920772,0.5,0.4953119828702386,-0.004688017129761413,-0.46880171297614126,0.1155,0.17924528301886794,harm
0.75,0.5,10.7,0.165,0.0,0.1,0.03415417558886507,-0.003415417558886507,0.5,0.49500546057424805,-0.004994539425751954,-0.4994539425751954,0.1155,0.17990654205607476,harm
0.75,0.5,10.8,0.165,0.0,0.1,0.03597430406852247,-0.003597430406852247,0.5,0.49469440145265353,-0.005305598547346468,-0.5305598547346468,0.1155,0.18055555555555558,harm
0.75,0.5,10.9,0.165,0.0,0.1,0.03779443254817987,-0.0037794432548179874,0.5,0.49437880686611424,-0.00562119313388576,-0.562119313388576,0.1155,0.1811926605504587,harm
0.75,0.5,11.0,0.165,0.0,0.1,0.039614561027837246,-0.003961456102783725,0.5,0.4940586782585135,-0.005941321741486483,-0.5941321741486483,0.1155,0.18181818181818182,harm
0.75,0.5,11.100000000000001,0.165,0.0,0.1,0.04143468950749465,-0.004143468950749465,0.5,0.49373401715983467,-0.0062659828401653295,-0.626598284016533,0.1155,0.18243243243243246,harm
0.75,0.5,11.2,0.165,0.0,0.1,0.043254817987152,-0.0043254817987152,0.5,0.49340482518907647,-0.006595174810923532,-0.6595174810923532,0.1155,0.1830357142857143,harm
0.75,0.5,11.3,0.165,0.0,0.1,0.04507494646680943,-0.004507494646680943,0.5,0.49307110405721,-0.006928895942790003,-0.6928895942790003,0.1155,0.1836283185840708,harm
0.75,0.5,11.4,0.165,0.0,0.1,0.0468950749464668,-0.00468950749464668,0.5,0.49273285557017665,-0.007267144429823347,-0.7267144429823347,0.1155,0.1842105263157895,harm
0.75,0.5,11.5,0.165,0.0,0.1,0.04871520342612418,-0.004871520342612418,0.5,0.4923900816319262,-0.007609918368073787,-0.7609918368073787,0.1155,0.18478260869565216,harm
0.75,0.5,11.600000000000001,0.165,0.0,0.1,0.050535331905781584,-0.005053533190578159,0.5,0.49204278424749504,-0.007957215752504965,-0.7957215752504965,0.1155,0.1853448275862069,harm
0.75,0.5,11.7,0.165,0.0,0.1,0.05235546038543894,-0.005235546038543894,0.5,0.4916909655261237,-0.00830903447387632,-0.830903447387632,0.1155,0.1858974358974359,harm
0.75,0.5,11.8,0.165,0.0,0.1,0.05417558886509634,-0.005417558886509634,0.5,0.4913346276844143,-0.008665372315585673,-0.8665372315585673,0.1155,0.1864406779661017,harm
0.75,0.5,11.9,0.165,0.0,0.1,0.05599571734475371,-0.005599571734475371,0.5,0.4909737730495267,-0.009026226950473282,-0.9026226950473282,0.1155,0.1869747899159664,harm
0.75,0.5,12.0,0.165,0.0,0.1,0.05781584582441114,-0.005781584582441115,0.5,0.4906084040624126,-0.009391595937587427,-0.9391595937587427,0.1155,0.1875,harm
0.75,0.5,12.100000000000001,0.165,0.0,0.1,0.059635974304068515,-0.005963597430406852,0.5,0.4902385232810886,-0.009761476718911422,-0.9761476718911422,0.1155,0.18801652892561985,harm
0.75,0.5,12.2,0.165,0.0,0.1,0.061456102783725895,-0.00614561027837259,0.5,0.4898641333839463,-0.010135866616053701,-1.0135866616053701,0.1155,0.1885245901639344,harm
0.75,0.5,12.3,0.165,0.0,0.1,0.06327623126338328,-0.006327623126338328,0.5,0.48948523717309966,-0.010514762826900337,-1.0514762826900337,0.1155,0.18902439024390244,harm
0.75,0.5,12.4,0.165,0.0,0.1,0.06509635974304065,-0.006509635974304065,0.5,0.48910183757776926,-0.01089816242223074,-1.089816242223074,0.1155,0.18951612903225806,harm
0.75,0.5,12.5,0.165,0.0,0.1,0.06691648822269808,-0.006691648822269808,0.5,0.4887139376577022,-0.011286062342297787,-1.1286062342297787,0.1155,0.19,harm
0.75,0.5,12.600000000000001,0.165,0.0,0.1,0.06873661670235545,-0.0068736616702355455,0.5,0.48832154060662825,-0.011678459393371754,-1.1678459393371754,0.1155,0.19047619047619047,harm
0.75,0.5,12.7,0.165,0.0,0.1,0.07055674518201283,-0.007055674518201283,0.5,0.48792464975575056,-0.012075350244249439,-1.2075350244249439,0.1155,0.19094488188976377,harm
0.75,0.5,12.8,0.165,0.0,0.1,0.0723768736616702,-0.00723768736616702,0.5,0.4875232685772712,-0.012476731422728815,-1.2476731422728815,0.1155,0.19140625,harm
0.75,0.5,12.9,0.165,0.0,0.1,0.07419700214132763,-0.007419700214132763,0.5,0.4871174006879505,-0.012882599312049492,-1.2882599312049492,0.1155,0.19186046511627908,harm
0.75,0.5,13.0,0.165,0.0,0.1,0.076017130620985,-0.0076017130620985,0.5,0.4867070498526994,-0.013292950147300586,-1.3292950147300586,0.1155,0.1923076923076923,harm
0.75,0.5,13.100000000000001,0.165,0.0,0.1,0.07783725910064239,-0.007783725910064239,0.5,0.48629221998820527,-0.013707780011794735,-1.3707780011794735,0.1155,0.19274809160305345,harm
0.75,0.5,13.2,0.165,0.0,0.1,0.07965738758029976,-0.007965738758029977,0.5,0.48587291516658826,-0.01412708483341174,-1.412708483341174,0.1155,0.19318181818181818,harm
0.75,0.5,13.3,0.165,0.0,0.1,0.08147751605995719,-0.008147751605995719,0.5,0.4854491396190909,-0.01455086038090908,-1.455086038090908,0.1155,0.19360902255639098,harm
0.75,0.5,13.4,0.165,0.0,0.1,0.08329764453961457,-0.008329764453961457,0.5,0.4850208977397962,-0.014979102260203825,-1.4979102260203825,0.1155,0.19402985074626866,harm
0.75,0.5,13.5,0.165,0.0,0.1,0.08511777301927194,-0.008511777301927195,0.5,0.48458819408937703,-0.015411805910622967,-1.5411805910622967,0.1155,0.19444444444444445,harm
0.75,0.5,13.600000000000001,0.165,0.0,0.1,0.08693790149892933,-0.008693790149892933,0.5,0.4841510333988744,-0.015848966601125614,-1.5848966601125614,0.1155,0.1948529411764706,harm
0.75,0.5,13.7,0.165,0.0,0.1,0.0887580299785867,-0.008875802997858671,0.5,0.4837094205735032,-0.01629057942649681,-1.629057942649681,0.1155,0.19525547445255476,harm
0.75,0.5,13.8,0.165,0.0,0.1,0.09057815845824412,-0.009057815845824413,0.5,0.48326336069648623,-0.016736639303513767,-1.6736639303513767,0.1155,0.1956521739130435,harm
0.75,0.5,13.9,0.165,0.0,0.1,0.0923982869379015,-0.00923982869379015,0.5,0.4828128590329147,-0.01718714096708529,-1.718714096708529,0.1155,0.1960431654676259,harm
0.75,0.5,14.0,0.165,0.0,0.1,0.09421841541755888,-0.009421841541755889,0.5,0.48235792103363406,-0.017642078966365937,-1.7642078966365937,0.1155,0.19642857142857142,harm
0.75,0.5,6.0,0.1675,0.0,0.1,-0.05466237942122188,0.005466237942122188,0.5,0.5047825890453439,0.004782589045343899,0.4782589045343899,0.11725000000000001,0.125,improvement
0.75,0.5,6.1,0.1675,0.0,0.1,-0.05289389067524119,0.005289389067524119,0.5,0.5046939813997036,0.004693981399703562,0.4693981399703562,0.11725000000000001,0.12704918032786883,improvement
0.75,0.5,6.2,0.1675,0.0,0.1,-0.05112540192926046,0.005112540192926046,0.5,0.5046009530625917,0.004600953062591673,0.4600953062591673,0.11725000000000001,0.12903225806451613,improvement
0.75,0.5,6.3,0.1675,0.0,0.1,-0.049356913183279755,0.004935691318327976,0.5,0.5045035039255046,0.004503503925504582,0.45035039255045817,0.11725000000000001,0.13095238095238093,improvement
0.75,0.5,6.4,0.1675,0.0,0.1,-0.047588424437299055,0.004758842443729906,0.5,0.504401633877051,0.004401633877050948,0.4401633877050948,0.11725000000000001,0.1328125,improvement
0.75,0.5,6.5,0.1675,0.0,0.1,-0.04581993569131835,0.004581993569131835,0.5,0.5042953428036587,0.0042953428036587304,0.42953428036587304,0.11725000000000001,0.1346153846153846,improvement
0.75,0.5,6.6,0.1675,0.0,0.1,-0.04405144694533765,0.004405144694533765,0.5,0.5041846305903235,0.004184630590323479,0.41846305903234793,0.11725000000000001,0.13636363636363635,improvement
0.75,0.5,6.7,0.1675,0.0,0.1,-0.04228295819935692,0.004228295819935692,0.5,0.5040694971213976,0.004069497121397592,0.40694971213975917,0.11725000000000001,0.13805970149253732,improvement
0.75,0.5,6.8,0.1675,0.0,0.1,-0.040514469453376216,0.004051446945337622,0.5,0.503949942281422,0.003949942281421981,0.3949942281421981,0.11725000000000001,0.13970588235294118,improvement
0.75,0.5,6.9,0.1675,0.0,0.1,-0.038745980707395516,0.0038745980707395517,0.5,0.5038259659559986,0.0038259659559986003,0.38259659559986003,0.11725000000000001,0.14130434782608697,improvement
0.75,0.5,7.0,0.1675,0.0,0.1,-0.03697749196141481,0.0036977491961414813,0.5,0.5036975680327052,0.0036975680327051563,0.36975680327051563,0.11725000000000001,0.14285714285714285,improvement
0.75,0.5,7.1,0.1675,0.0,0.1,-0.03520900321543411,0.0035209003215434112,0.5,0.5035647484020506,0.003564748402050566,0.3564748402050566,0.11725000000000001,0.14436619718309857,improvement
0.75,0.5,7.2,0.1675,0.0,0.1,-0.03344051446945338,0.0033440514469453386,0.5,0.5034275069584727,0.0034275069584727147,0.34275069584727147,0.11725000000000001,0.14583333333333334,improvement
0.75,0.5,7.3,0.1675,0.0,0.1,-0.03167202572347268,0.0031672025723472677,0.5,0.5032858436013774,0.003285843601377403,0.3285843601377403,0.11725000000000001,0.14726027397260272,improvement
0.75,0.5,7.4,0.1675,0.0,0.1,-0.029903536977491974,0.0029903536977491977,0.5,0.5031397582362187,0.0031397582362187038,0.3139758236218704,0.11725000000000001,0.14864864864864866,improvement
0.75,0.5,7.5,0.1675,0.0,0.1,-0.02813504823151127,0.002813504823151127,0.5,0.5029892507756213,0.0029892507756212883,0.2989250775621288,0.11725000000000001,0.15,improvement
0.75,0.5,7.6,0.1675,0.0,0.1,-0.02636655948553057,0.002636655948553057,0.5,0.502834321140544,0.0028343211405440494,0.28343211405440494,0.11725000000000001,0.1513157894736842,improvement
0.75,0.5,7.7,0.1675,0.0,0.1,-0.024598070739549845,0.0024598070739549845,0.5,0.5026749692614851,0.0026749692614851384,0.26749692614851384,0.11725000000000001,0.1525974025974026,improvement
0.75,0.5,7.8,0.1675,0.0,0.1,-0.02282958199356914,0.002282958199356914,0.5,0.502511195079729,0.0025111950797289673,0.2511195079728967,0.11725000000000001,0.15384615384615385,improvement
0.75,0.5,7.9,0.1675,0.0,0.1,-0.021061093247588435,0.0021061093247588436,0.5,0.5023429985486345,0.0023429985486345117,0.23429985486345117,0.11725000000000001,0.1550632911392405,improvement
0.75,0.5,8.0,0.1675,0.0,0.1,-0.019292604501607732,0.0019292604501607734,0.5,0.502170379634965,0.002170379634965025,0.2170379634965025,0.11725000000000001,0.15625,improvement
0.75,0.5,8.1,0.1675,0.0,0.1,-0.01752411575562703,0.0017524115755627031,0.5,0.501993338320259,0.0019933383202590527,0.19933383202590527,0.11725000000000001,0.15740740740740738,improvement
0.75,0.5,8.2,0.1675,0.0,0.1,-0.015755627009646327,0.0015755627009646327,0.5,0.5018118746022442,0.00181187460224419,0.181187460224419,0.11725000000000001,0.15853658536585363,improvement
0.75,0.5,8.3,0.1675,0.0,0.1,-0.013987138263665601,0.0013987138263665602,0.5,0.5016259884962907,0.0016259884962906979,0.16259884962906979,0.11725000000000001,0.15963855421686748,improvement
0.75,0.5,8.4,0.1675,0.0,0.1,-0.012218649517684898,0.00122186495176849,0.5,0.5014356800369072,0.0014356800369071943,0.14356800369071943,0.11725000000000001,0.1607142857142857,improvement
0.75,0.5,8.5,0.1675,0.0,0.1,-0.010450160771704195,0.0010450160771704195,0.5,0.5012409492792786,0.001240949279278647,0.1240949279278647,0.11725000000000001,0.16176470588235292,improvement
0.75,0.5,8.6,0.1675,0.0,0.1,-0.008681672025723492,0.0008681672025723493,0.5,0.5010417963008442,0.0010417963008442221,0.10417963008442221,0.11725000000000001,0.16279069767441862,improvement
0.75,0.5,8.7,0.1675,0.0,0.1,-0.0069131832797427895,0.000691318327974279,0.5,0.500838221202918,0.0008382212029179881,0.08382212029179881,0.11725000000000001,0.16379310344827586,improvement
0.75,0.5,8.8,0.1675,0.0,0.1,-0.005144694533762062,0.0005144694533762063,0.5,0.5006302241123499,0.0006302241123499197,0.06302241123499197,0.11725000000000001,0.1647727272727273,improvement
0.75,0.5,8.9,0.1675,0.0,0.1,-0.0033762057877813594,0.00033762057877813594,0.5,0.5004178051832286,0.0004178051832286478,0.04178051832286478,0.11725000000000001,0.1657303370786517,improvement
0.75,0.5,9.0,0.1675,0.0,0.1,-0.0016077170418006563,0.00016077170418006564,0.5,0.5002009645986256,0.00020096459862561922,0.020096459862561922,0.11725000000000001,0.16666666666666669,improvement
0.75,0.5,9.1,0.1675,0.0,0.1,0.0001607717041800466,-1.607717041800466e-05,0.5,0.49997970257237995,-2.0297427620052932e-05,-0.0020297427620052932,0.11725000000000001,0.1675824175824176,harm
0.75,0.5,9.2,0.1675,0.0,0.1,0.0019292604501607495,-0.00019292604501607496,0.5,0.4997540193509251,-0.00024598064907488393,-0.024598064907488393,0.11725000000000001,0.16847826086956522,harm
0.75,0.5,9.3,0.1675,0.0,0.1,0.0036977491961414765,-0.00036977491961414765,0.5,0.49952391521515616,-0.0004760847848438443,-0.04760847848438443,0.11725000000000001,0.16935483870967744,harm
0.75,0.5,9.4,0.1675,0.0,0.1,0.005466237942122179,-0.000546623794212218,0.5,0.4992893904823381,-0.0007106095176618865,-0.07106095176618865,0.11725000000000001,0.17021276595744683,harm
0.75,0.5,9.5,0.1675,0.0,0.1,0.007234726688102882,-0.0007234726688102883,0.5,0.49905044550805555,-0.0009495544919444487,-0.09495544919444487,0.11725000000000001,0.17105263157894737,harm
0.75,0.5,9.6,0.1675,0.0,0.1,0.009003215434083585,-0.0009003215434083586,0.5,0.49880708068820306,-0.0011929193117969361,-0.11929193117969361,0.11725000000000001,0.171875,harm
0.75,0.5,9.7,0.1675,0.0,0.1,0.010771704180064264,-0.0010771704180064265,0.5,0.4985592964610158,-0.0014407035389841782,-0.14407035389841782,0.11725000000000001,0.17268041237113402,harm
0.75,0.5,9.8,0.1675,0.0,0.1,0.012540192926045015,-0.0012540192926045017,0.5,0.4983070933091419,-0.001692906690858087,-0.1692906690858087,0.11725000000000001,0.17346938775510207,harm
0.75,0.5,9.9,0.1675,0.0,0.1,0.014308681672025718,-0.001430868167202572,0.5,0.49805047176175443,-0.001949528238245568,-0.1949528238245568,0.11725000000000001,0.17424242424242425,harm
0.75,0.5,10.0,0.1675,0.0,0.1,0.016077170418006423,-0.0016077170418006424,0.5,0.4977894323967047,-0.0022105676032952992,-0.22105676032952992,0.11725000000000001,0.175,harm
0.75,0.5,10.100000000000001,0.1675,0.0,0.1,0.017845659163987147,-0.0017845659163987148,0.5,0.49752397584271524,-0.002476024157284762,-0.2476024157284762,0.11725000000000001,0.17574257425742576,harm
0.75,0.5,10.2,0.1675,0.0,0.1,0.019614147909967804,-0.0019614147909967805,0.5,0.4972541027816136,-0.002745897218386417,-0.2745897218386417,0.11725000000000001,0.1764705882352941,harm
0.75,0.5,10.3,0.1675,0.0,0.1,0.021382636655948552,-0.0021382636655948553,0.5,0.49697981395060564,-0.0030201860493943578,-0.3020186049394358,0.11725000000000001,0.17718446601941748,harm
0.75,0.5,10.4,0.1675,0.0,0.1,0.023151125401929235,-0.0023151125401929236,0.5,0.49670111014458995,-0.0032988898554100476,-0.32988898554100476,0.11725000000000001,0.1778846153846154,harm
0.75,0.5,10.5,0.1675,0.0,0.1,0.024919614147909937,-0.002491961414790994,0.5,0.4964179922185106,-0.003582007781489427,-0.3582007781489427,0.11725000000000001,0.17857142857142858,harm
0.75,0.5,10.600000000000001,0.1675,0.0,0.1,0.026688102893890685,-0.002668810289389069,0.5,0.4961304610897507,-0.003869538910249326,-0.3869538910249326,0.11725000000000001,0.17924528301886794,harm
0.75,0.5,10.7,0.1675,0.0,0.1,0.028456591639871343,-0.0028456591639871346,0.5,0.4958385177405651,-0.004161482259434912,-0.4161482259434912,0.11725000000000001,0.17990654205607476,harm
0.75,0.5,10.8,0.1675,0.0,0.1,0.03022508038585207,-0.0030225080385852072,0.5,0.49554216322055256,-0.004457836779447444,-0.4457836779447444,0.11725000000000001,0.18055555555555558,harm
0.75,0.5,10.9,0.1675,0.0,0.1,0.03199356913183277,-0.0031993569131832777,0.5,0.4952413986491667,-0.00475860135083328,-0.47586013508332803,0.11725000000000001,0.1811926605504587,harm
0.75,0.5,11.0,0.1675,0.0,0.1,0.03376205787781347,-0.0033762057877813473,0.5,0.4949362252182663,-0.005063774781733699,-0.5063774781733699,0.11725000000000001,0.18181818181818182,harm
0.75,0.5,11.100000000000001,0.1675,0.0,0.1,0.0355305466237942,-0.0035530546623794203,0.5,0.49462664419470403,-0.005373355805295965,-0.5373355805295965,0.11725000000000001,0.18243243243243246,harm
0.75,0.5,11.2,0.1675,0.0,0.1,0.03729903536977488,-0.003729903536977488,0.5,0.4943126569229542,-0.0056873430770458255,-0.5687343077045826,0.11725000000000001,0.1830357142857143,harm
0.75,0.5,11.3,0.1675,0.0,0.1,0.039067524115755606,-0.00390675241157556,0.5,0.49399426482777764,-0.0060057351722223595,-0.600573517222236,0.11725000000000001,0.1836283185840708,harm
0.75,0.5,11.4,0.1675,0.0,0.1,0.04083601286173631,-0.004083601286173632,0.5,0.4936714694169264,-0.006328530583073588,-0.6328530583073588,0.11725000000000001,0.1842105263157895,harm
0.75,0.5,11.5,0.1675,0.0,0.1,0.04260450160771701,-0.004260450160771701,0.5,0.4933442722838842,-0.006655727716115778,-0.6655727716115778,0.11725000000000001,0.18478260869565216,harm
0.75,0.5,11.600000000000001,0.1675,0.0,0.1,0.04437299035369774,-0.004437299035369774,0.5,0.49301267511064595,-0.006987324889354052,-0.6987324889354052,0.11725000000000001,0.1853448275862069,harm
0.75,0.5,11.7,0.1675,0.0,0.1,0.04614147909967842,-0.004614147909967842,0.5,0.49267667967053336,-0.007323320329466643,-0.7323320329466643,0.11725000000000001,0.1858974358974359,harm
0.75,0.5,11.8,0.1675,0.0,0.1,0.047909967845659145,-0.0047909967845659145,0.5,0.49233628783104855,-0.007663712168951453,-0.7663712168951453,0.11725000000000001,0.1864406779661017,harm
0.75,0.5,11.9,0.1675,0.0,0.1,0.04967845659163985,-0.004967845659163986,0.5,0.4919915015567631,-0.008008498443236922,-0.8008498443236922,0.11725000000000001,0.1869747899159664,harm
0.75,0.5,12.0,0.1675,0.0,0.1,0.05144694533762055,-0.005144694533762055,0.5,0.49164232291224363,-0.008357677087756366,-0.8357677087756366,0.11725000000000001,0.1875,harm
0.75,0.5,12.100000000000001,0.1675,0.0,0.1,0.05321543408360128,-0.0053215434083601285,0.5,0.4912887540650144,-0.008711245934985623,-0.8711245934985623,0.11725000000000001,0.18801652892561985,harm
0.75,0.5,12.2,0.1675,0.0,0.1,0.054983922829581935,-0.005498392282958194,0.5,0.4909307972885533,-0.009069202711446678,-0.9069202711446678,0.11725000000000001,0.1885245901639344,harm
0.75,0.5,12.3,0.1675,0.0,0.1,0.05675241157556271,-0.005675241157556271,0.5,0.4905684549653252,-0.009431545034674804,-0.9431545034674804,0.11725000000000001,0.18902439024390244,harm
0.75,0.5,12.4,0.1675,0.0,0.1,0.05852090032154339,-0.005852090032154339,0.5,0.4902017295898484,-0.009798270410151577,-0.9798270410151577,0.11725000000000001,0.18951612903225806,harm
0.75,0.5,12.5,0.1675,0.0,0.1,0.06028938906752407,-0.006028938906752407,0.5,0.4898306237717962,-0.010169376228203797,-1.0169376228203797,0.11725000000000001,0.19,harm
0.75,0.5,12.600000000000001,0.1675,0.0,0.1,0.062057877813504844,-0.006205787781350485,0.5,0.4894551402391323,-0.01054485976086772,-1.054485976086772,0.11725000000000001,0.19047619047619047,harm
0.75,0.5,12.7,0.1675,0.0,0.1,0.06382636655948547,-0.006382636655948547,0.5,0.48907528184127935,-0.010924718158720648,-1.0924718158720648,0.11725000000000001,0.19094488188976377,harm
0.75,0.5,12.8,0.1675,0.0,0.1,0.0655948553054662,-0.006559485530546621,0.5,0.488691051552321,-0.01130894844767899,-1.130894844767899,0.11725000000000001,0.19140625,harm
0.75,0.5,12.9,0.1675,0.0,0.1,0.06736334405144692,-0.006736334405144692,0.5,0.48830245247423565,-0.011697547525764351,-1.1697547525764351,0.11725000000000001,0.19186046511627908,harm
0.75,0.5,13.0,0.1675,0.0,0.1,0.0691318327974276,-0.00691318327974276,0.5,0.4879094878401628,-0.012090512159837197,-1.2090512159837197,0.11725000000000001,0.1923076923076923,harm
0.75,0.5,13.100000000000001,0.1675,0.0,0.1,0.07090032154340833,-0.007090032154340834,0.5,0.487512161017701,-0.012487838982298993,-1.2487838982298993,0.11725000000000001,0.19274809160305345,harm
0.75,0.5,13.2,0.1675,0.0,0.1,0.07266881028938901,-0.007266881028938902,0.5,0.4871104755122361,-0.012889524487763926,-1.2889524487763926,0.11725000000000001,0.19318181818181818,harm
0.75,0.5,13.3,0.1675,0.0,0.1,0.07443729903536973,-0.007443729903536974,0.5,0.4867044349702999,-0.013295565029700085,-1.3295565029700085,0.11725000000000001,0.19360902255639098,harm
0.75,0.5,13.4,0.1675,0.0,0.1,0.07620578778135047,-0.007620578778135047,0.5,0.48629404318295943,-0.013705956817040565,-1.3705956817040565,0.11725000000000001,0.19402985074626866,harm
0.75,0.5,13.5,0.1675,0.0,0.1,0.07797427652733115,-0.007797427652733115,0.5,0.4858793040892343,-0.014120695910765702,-1.4120695910765702,0.11725000000000001,0.19444444444444445,harm
0.75,0.5,13.600000000000001,0.1675,0.0,0.1,0.07974276527331187,-0.007974276527331186,0.5,0.48546022177954296,-0.014539778220457045,-1.4539778220457045,0.11725000000000001,0.1948529411764706,harm
0.75,0.5,13.7,0.1675,0.0,0.1,0.08151125401929254,-0.008151125401929254,0.5,0.4850368004991773,-0.0149631995008227,-1.49631995008227,0.11725000000000001,0.19525547445255476,harm
0.75,0.5,13.8,0.1675,0.0,0.1,0.08327974276527328,-0.008327974276527329,0.5,0.4846090446518033,-0.015390955348196678,-1.5390955348196678,0.11725000000000001,0.1956521739130435,harm
0.75,0.5,13.9,0.1675,0.0,0.1,0.085048231511254,-0.0085048231511254,0.5,0.4841769588029897,-0.01582304119701028,-1.582304119701028,0.11725000000000001,0.1960431654676259,harm
0.75,0.5,14.0,0.1675,0.0,0.1,0.08681672025723468,-0.008681672025723468,0.5,0.48374054768376085,-0.016259452316239154,-1.6259452316239154,0.11725000000000001,0.19642857142857142,harm
0.75,0.5,6.0,0.17,0.0,0.1,-0.05793991416309014,0.005793991416309014,0.5,0.5050693028770104,0.005069302877010351,0.5069302877010351,0.11900000000000002,0.125,improvement
0.75,0.5,6.1,0.17,0.0,0.1,-0.05622317596566526,0.005622317596566527,0.5,0.5049893848570098,0.004989384857009838,0.49893848570098376,0.11900000000000002,0.12704918032786883,improvement
0.75,0.5,6.2,0.17,0.0,0.1,-0.05450643776824035,0.0054506437768240355,0.5,0.5049051757386125,0.004905175738612488,0.49051757386124883,0.11900000000000002,0.12903225806451613,improvement
0.75,0.5,6.3,0.17,0.0,0.1,-0.052789699570815474,0.005278969957081547,0.5,0.5048166754200794,0.004816675420079353,0.48166754200793527,0.11900000000000002,0.13095238095238093,improvement
0.75,0.5,6.4,0.17,0.0,0.1,-0.051072961373390575,0.0051072961373390575,0.5,0.5047238837956796,0.004723883795679562,0.4723883795679562,0.11900000000000002,0.1328125,improvement
0.75,0.5,6.5,0.17,0.0,0.1,-0.049356223175965684,0.004935622317596569,0.5,0.5046268007562826,0.004626800756282634,0.4626800756282634,0.11900000000000002,0.1346153846153846,improvement
0.75,0.5,6.6,0.17,0.0,0.1,-0.04763948497854079,0.00476394849785408,0.5,0.5045254261899894,0.004525426189989412,0.4525426189989412,0.11900000000000002,0.13636363636363635,improvement
0.75,0.5,6.7,0.17,0.0,0.1,-0.045922746781115895,0.00459227467811159,0.5,0.5044197599827999,0.004419759982799865,0.44197599827998646,0.11900000000000002,0.13805970149253732,improvement
0.75,0.5,6.8,0.17,0.0,0.1,-0.044206008583691,0.004420600858369101,0.5,0.50430980201932,0.004309802019319964,0.4309802019319964,0.11900000000000002,0.13970588235294118,improvement
0.75,0.5,6.9,0.17,0.0,0.1,-0.042489270386266105,0.004248927038626611,0.5,0.5041955521835054,0.004195552183505424,0.41955521835054244,0.11900000000000002,0.14130434782608697,improvement
0.75,0.5,7.0,0.17,0.0,0.1,-0.040772532188841214,0.004077253218884121,0.5,0.5040770103594449,0.004077010359444855,0.4077010359444855,0.11900000000000002,0.14285714285714285,improvement
0.75,0.5,7.1,0.17,0.0,0.1,-0.03905579399141634,0.0039055793991416344,0.5,0.5039541764321795,0.003954176432179546,0.3954176432179546,0.11900000000000002,0.14436619718309857,improvement
0.75,0.5,7.2,0.17,0.0,0.1,-0.037339055793991424,0.0037339055793991424,0.5,0.5038270502885622,0.003827050288562228,0.3827050288562228,0.11900000000000002,0.14583333333333334,improvement
0.75,0.5,7.3,0.17,0.0,0.1,-0.035622317596566554,0.0035622317596566556,0.5,0.5036956318181529,0.0036956318181529113,0.36956318181529113,0.11900000000000002,0.14726027397260272,improvement
0.75,0.5,7.4,0.17,0.0,0.1,-0.033905579399141635,0.0033905579399141636,0.5,0.5035599209141539,0.0035599209141539134,0.35599209141539134,0.11900000000000002,0.14864864864864866,improvement
0.75,0.5,7.5,0.17,0.0,0.1,-0.032188841201716764,0.0032188841201716764,0.5,0.5034199174743821,0.0034199174743820837,0.34199174743820837,0.11900000000000002,0.15,improvement
0.75,0.5,7.6,0.17,0.0,0.1,-0.030472103004291873,0.0030472103004291875,0.5,0.5032756214022787,0.003275621402278661,0.3275621402278661,0.11900000000000002,0.1513157894736842,improvement
0.75,0.5,7.7,0.17,0.0,0.1,-0.028755364806866978,0.002875536480686698,0.5,0.5031270326079589,0.0031270326079588795,0.31270326079588795,0.11900000000000002,0.1525974025974026,improvement
0.75,0.5,7.8,0.17,0.0,0.1,-0.027038626609442083,0.0027038626609442087,0.5,0.5029741510092971,0.002974151009297099,0.2974151009297099,0.11900000000000002,0.15384615384615385,improvement
0.75,0.5,7.9,0.17,0.0,0.1,-0.02532188841201719,0.002532188841201719,0.5,0.5028169765330524,0.002816976533052351,0.2816976533052351,0.11900000000000002,0.1550632911392405,improvement
0.75,0.5,8.0,0.17,0.0,0.1,-0.023605150214592294,0.0023605150214592295,0.5,0.5026555091160301,0.0026555091160300748,0.2655509116030075,0.11900000000000002,0.15625,improvement
0.75,0.5,8.1,0.17,0.0,0.1,-0.021888412017167402,0.0021888412017167405,0.5,0.5024897487062834,0.002489748706283379,0.2489748706283379,0.11900000000000002,0.15740740740740738,improvement
0.75,0.5,8.2,0.17,0.0,0.1,-0.020171673819742532,0.0020171673819742533,0.5,0.5023196952643507,0.0023196952643507185,0.23196952643507185,0.11900000000000002,0.15853658536585363,improvement
0.75,0.5,8.3,0.17,0.0,0.1,-0.018454935622317613,0.0018454935622317613,0.5,0.5021453487645329,0.002145348764532873,0.21453487645328728,0.11900000000000002,0.15963855421686748,improvement
0.75,0.5,8.4,0.17,0.0,0.1,-0.016738197424892718,0.0016738197424892719,0.5,0.5019667091962075,0.00196670919620745,0.196670919620745,0.11900000000000002,0.1607142857142857,improvement
0.75,0.5,8.5,0.17,0.0,0.1,-0.015021459227467823,0.0015021459227467825,0.5,0.5017837765651809,0.0017837765651809168,0.17837765651809168,0.11900000000000002,0.16176470588235292,improvement
0.75,0.5,8.6,0.17,0.0,0.1,-0.013304721030042954,0.0013304721030042955,0.5,0.5015965508950793,0.0015965508950792628,0.15965508950792628,0.11900000000000002,0.16279069767441862,improvement
0.75,0.5,8.7,0.17,0.0,0.1,-0.01158798283261806,0.001158798283261806,0.5,0.501405032228776,0.001405032228775971,0.1405032228775971,0.11900000000000002,0.16379310344827586,improvement
0.75,0.5,8.8,0.17,0.0,0.1,-0.009871244635193142,0.0009871244635193143,0.5,0.5012092206298586,0.0012092206298586206,0.12092206298586206,0.11900000000000002,0.1647727272727273,improvement
0.75,0.5,8.9,0.17,0.0,0.1,-0.008154506437768248,0.0008154506437768248,0.5,0.5010091161841329,0.0010091161841329077,0.10091161841329077,0.11900000000000002,0.1657303370786517,improvement
0.75,0.5,9.0,0.17,0.0,0.1,-0.006437768240343377,0.0006437768240343377,0.5,0.5008047190011637,0.0008047190011637451,0.0804719001163745,0.11900000000000002,0.16666666666666669,improvement
0.75,0.5,9.1,0.17,0.0,0.1,-0.004721030042918483,0.0004721030042918483,0.5,0.5005960292158558,0.0005960292158557756,0.05960292158557756,0.11900000000000002,0.1675824175824176,improvement
0.75,0.5,9.2,0.17,0.0,0.1,-0.003004291845493589,0.00030042918454935893,0.5,0.5003830469900709,0.00038304699007085663,0.03830469900708566,0.11900000000000002,0.16847826086956522,improvement
0.75,0.5,9.3,0.17,0.0,0.1,-0.0012875536480686707,0.00012875536480686707,0.5,0.5001657725142822,0.00016577251428218087,0.016577251428218087,0.11900000000000002,0.16935483870967744,improvement
0.75,0.5,9.4,0.17,0.0,0.1,0.00042918454935619973,-4.2918454935619976e-05,0.5,0.4999442060092685,-5.5793990731523024e-05,-0.0055793990731523024,0.11900000000000002,0.17021276595744683,harm
0.75,0.5,9.5,0.17,0.0,0.1,0.0021459227467810938,-0.00021459227467810938,0.5,0.4997183477278434,-0.00028165227215659616,-0.028165227215659616,0.11900000000000002,0.17105263157894737,harm
0.75,0.5,9.6,0.17,0.0,0.1,0.003862660944205988,-0.00038626609442059885,0.5,0.499488197956624,-0.0005118020433759751,-0.05118020433759751,0.11900000000000002,0.171875,harm
0.75,0.5,9.7,0.17,0.0,0.1,0.005579399141630859,-0.0005579399141630859,0.5,0.49925375701783625,-0.0007462429821637473,-0.07462429821637473,0.11900000000000002,0.17268041237113402,harm
0.75,0.5,9.8,0.17,0.0,0.1,0.007296137339055777,-0.0007296137339055777,0.5,0.49901502527115793,-0.0009849747288420696,-0.09849747288420696,0.11900000000000002,0.17346938775510207,harm
0.75,0.5,9.9,0.17,0.0,0.1,0.00901287553648067,-0.0009012875536480671,0.5,0.49877200311559844,-0.001227996884401561,-0.1227996884401561,0.11900000000000002,0.17424242424242425,harm
0.75,0.5,10.0,0.17,0.0,0.1,0.010729613733905541,-0.0010729613733905542,0.5,0.4985246909914175,-0.0014753090085825038,-0.14753090085825038,0.11900000000000002,0.175,harm
0.75,0.5,10.100000000000001,0.17,0.0,0.1,0.012446351931330459,-0.001244635193133046,0.5,0.49827308938207837,-0.0017269106179216287,-0.17269106179216287,0.11900000000000002,0.17574257425742576,harm
0.75,0.5,10.2,0.17,0.0,0.1,0.014163090128755329,-0.001416309012875533,0.5,0.4980171988162412,-0.00198280118375882,-0.198280118375882,0.11900000000000002,0.1764705882352941,harm
0.75,0.5,10.3,0.17,0.0,0.1,0.015879828326180248,-0.0015879828326180248,0.5,0.49775701986979054,-0.00224298013020946,-0.22429801302094599,0.11900000000000002,0.17718446601941748,harm
0.75,0.5,10.4,0.17,0.0,0.1,0.01759656652360512,-0.001759656652360512,0.5,0.4974925531679022,-0.002507446832097804,-0.2507446832097804,0.11900000000000002,0.1778846153846154,harm
0.75,0.5,10.5,0.17,0.0,0.1,0.019313304721030013,-0.0019313304721030014,0.5,0.4972237993871448,-0.0027762006128552175,-0.27762006128552175,0.11900000000000002,0.17857142857142858,harm
0.75,0.5,10.600000000000001,0.17,0.0,0.1,0.02103004291845493,-0.002103004291845493,0.5,0.49695075925761933,-0.0030492407423806656,-0.30492407423806656,0.11900000000000002,0.17924528301886794,harm
0.75,0.5,10.7,0.17,0.0,0.1,0.022746781115879775,-0.0022746781115879776,0.5,0.4966734335651349,-0.003326566434865119,-0.3326566434865119,0.11900000000000002,0.17990654205607476,harm
0.75,0.5,10.8,0.17,0.0,0.1,0.024463519313304694,-0.0024463519313304696,0.5,0.49639182315342045,-0.003608176846579547,-0.3608176846579547,0.11900000000000002,0.18055555555555558,harm
0.75,0.5,10.9,0.17,0.0,0.1,0.02618025751072959,-0.002618025751072959,0.5,0.4961059289263732,-0.003894071073626826,-0.3894071073626826,0.11900000000000002,0.1811926605504587,harm
0.75,0.5,11.0,0.17,0.0,0.1,0.027896995708154484,-0.0027896995708154484,0.5,0.49581575185034277,-0.004184248149657233,-0.41842481496572326,0.11900000000000002,0.18181818181818182,harm
0.75,0.5,11.100000000000001,0.17,0.0,0.1,0.0296137339055794,-0.00296137339055794,0.5,0.49552129295645164,-0.004478707043548358,-0.4478707043548358,0.11900000000000002,0.18243243243243246,harm
0.75,0.5,11.2,0.17,0.0,0.1,0.03133047210300425,-0.003133047210300425,0.5,0.4952225533429508,-0.004777446657049211,-0.47774466570492113,0.11900000000000002,0.1830357142857143,harm
0.75,0.5,11.3,0.17,0.0,0.1,0.03304721030042917,-0.003304721030042917,0.5,0.4949195341776115,-0.005080465822388525,-0.5080465822388525,0.11900000000000002,0.1836283185840708,harm
0.75,0.5,11.4,0.17,0.0,0.1,0.03476394849785406,-0.003476394849785406,0.5,0.49461223670015153,-0.005387763299848469,-0.5387763299848469,0.11900000000000002,0.1842105263157895,harm
0.75,0.5,11.5,0.17,0.0,0.1,0.03648068669527893,-0.003648068669527893,0.5,0.49430066222469815,-0.005699337775301849,-0.5699337775301849,0.11900000000000002,0.18478260869565216,harm
0.75,0.5,11.600000000000001,0.17,0.0,0.1,0.03819742489270385,-0.003819742489270385,0.5,0.49398481214228374,-0.006015187857716264,-0.6015187857716264,0.11900000000000002,0.1853448275862069,harm
0.75,0.5,11.7,0.17,0.0,0.1,0.03991416309012872,-0.003991416309012872,0.5,0.49366468792337814,-0.006335312076621857,-0.6335312076621857,0.11900000000000002,0.1858974358974359,harm
0.75,0.5,11.8,0.17,0.0,0.1,0.04163090128755364,-0.004163090128755364,0.5,0.4933402911204545,-0.006659708879545478,-0.6659708879545478,0.11900000000000002,0.1864406779661017,harm
0.75,0.5,11.9,0.17,0.0,0.1,0.04334763948497851,-0.004334763948497851,0.5,0.4930116233705892,-0.00698837662941082,-0.698837662941082,0.11900000000000002,0.1869747899159664,harm
0.75,0.5,12.0,0.17,0.0,0.1,0.0450643776824034,-0.0045064377682403406,0.5,0.492678686398096,-0.007321313601904023,-0.7321313601904023,0.11900000000000002,0.1875,harm
0.75,0.5,12.100000000000001,0.17,0.0,0.1,0.04678111587982832,-0.004678111587982832,0.5,0.4923414820171939,-0.00765851798280609,-0.765851798280609,0.11900000000000002,0.18801652892561985,harm
0.75,0.5,12.2,0.17,0.0,0.1,0.04849785407725316,-0.004849785407725317,0.5,0.49200001213470823,-0.007999987865291769,-0.7999987865291769,0.11900000000000002,0.1885245901639344,harm
0.75,0.5,12.3,0.17,0.0,0.1,0.05021459227467808,-0.005021459227467808,0.5,0.49165427875280454,-0.008345721247195459,-0.8345721247195459,0.11900000000000002,0.18902439024390244,harm
0.75,0.5,12.4,0.17,0.0,0.1,0.05193133047210298,-0.005193133047210298,0.5,0.4913042839717556,-0.008695716028244427,-0.8695716028244427,0.11900000000000002,0.18951612903225806,harm
0.75,0.5,12.5,0.17,0.0,0.1,0.05364806866952787,-0.005364806866952787,0.5,0.49095002999274034,-0.009049970007259656,-0.9049970007259656,0.11900000000000002,0.19,harm
0.75,0.5,12.600000000000001,0.17,0.0,0.1,0.05536480686695279,-0.0055364806866952795,0.5,0.4905915191206757,-0.009408480879324277,-0.9408480879324277,0.11900000000000002,0.19047619047619047,harm
0.75,0.5,12.7,0.17,0.0,0.1,0.05708154506437764,-0.005708154506437764,0.5,0.490228753767079,-0.009771246232921027,-0.9771246232921027,0.11900000000000002,0.19094488188976377,harm
0.75,0.5,12.8,0.17,0.0,0.1,0.05879828326180253,-0.005879828326180253,0.5,0.48986173645296216,-0.01013826354703784,-1.013826354703784,0.11900000000000002,0.19140625,harm
0.75,0.5,12.9,0.17,0.0,0.1,0.06051502145922742,-0.006051502145922743,0.5,0.48949046981175737,-0.010509530188242633,-1.0509530188242633,0.11900000000000002,0.19186046511627908,harm
0.75,0.5,13.0,0.17,0.0,0.1,0.06223175965665232,-0.006223175965665233,0.5,0.4891149565922722,-0.010885043407727779,-1.088504340772778,0.11900000000000002,0.1923076923076923,harm
0.75,0.5,13.100000000000001,0.17,0.0,0.1,0.06394849785407726,-0.006394849785407726,0.5,0.4887351996616752,-0.011264800338324776,-1.1264800338324776,0.11900000000000002,0.19274809160305345,harm
0.75,0.5,13.2,0.17,0.0,0.1,0.06566523605150211,-0.0065665236051502115,0.5,0.4883512020085118,-0.011648797991488213,-1.1648797991488213,0.11900000000000002,0.19318181818181818,harm
0.75,0.5,13.3,0.17,0.0,0.1,0.067381974248927,-0.0067381974248927005,0.5,0.4879629667457479,-0.012037033254252094,-1.2037033254252094,0.11900000000000002,0.19360902255639098,harm
0.75,0.5,13.4,0.17,0.0,0.1,0.06909871244635189,-0.006909871244635189,0.5,0.48757049711384404,-0.012429502886155963,-1.2429502886155963,0.11900000000000002,0.19402985074626866,harm
0.75,0.5,13.5,0.17,0.0,0.1,0.07081545064377678,-0.007081545064377678,0.5,0.48717379648385545,-0.012826203516144552,-1.2826203516144552,0.11900000000000002,0.19444444444444445,harm
0.75,0.5,13.600000000000001,0.17,0.0,0.1,0.07253218884120169,-0.007253218884120169,0.5,0.4867728683605622,-0.013227131639437784,-1.3227131639437784,0.11900000000000002,0.1948529411764706,harm
0.75,0.5,13.7,0.17,0.0,0.1,0.07424892703862658,-0.007424892703862658,0.5,0.4863677163856245,-0.013632283614375518,-1.3632283614375518,0.11900000000000002,0.19525547445255476,harm
0.75,0.5,13.8,0.17,0.0,0.1,0.07596566523605147,-0.007596566523605148,0.5,0.48595834434076574,-0.014041655659234265,-1.4041655659234265,0.11900000000000002,0.1956521739130435,harm
0.75,0.5,13.9,0.17,0.0,0.1,0.07768240343347636,-0.007768240343347637,0.5,0.4855447561509811,-0.014455243849018917,-1.4455243849018917,0.11900000000000002,0.1960431654676259,harm
0.75,0.5,14.0,0.17,0.0,0.1,0.07939914163090125,-0.007939914163090126,0.5,0.48512695588777144,-0.014873044112228562,-1.4873044112228562,0.11900000000000002,0.19642857142857142,harm
0.75,0.5,6.0,0.1725,0.0,0.1,-0.061224489795918345,0.006122448979591835,0.5,0.5053566241697572,0.00535662416975724,0.535662416975724,0.12075,0.125,improvement
0.75,0.5,6.1,0.1725,0.0,0.1,-0.0595596133190118,0.00595596133190118,0.5,0.5052854140030267,0.005285414003026734,0.5285414003026734,0.12075,0.12704918032786883,improvement
0.75,0.5,6.2,0.1725,0.0,0.1,-0.05789473684210524,0.005789473684210525,0.5,0.5052100426071919,0.005210042607191934,0.5210042607191934,0.12075,0.12903225806451613,improvement
0.75,0.5,6.3,0.1725,0.0,0.1,-0.05622986036519869,0.0056229860365198696,0.5,0.5051305098893815,0.005130509889381463,0.5130509889381463,0.12075,0.13095238095238093,improvement
0.75,0.5,6.4,0.1725,0.0,0.1,-0.05456498388829213,0.005456498388829213,0.5,0.5050468157518329,0.005046815751832856,0.5046815751832856,0.12075,0.1328125,improvement
0.75,0.5,6.5,0.1725,0.0,0.1,-0.05290010741138557,0.005290010741138558,0.5,0.5049589600923812,0.0049589600923811705,0.49589600923811705,0.12075,0.1346153846153846,improvement
0.75,0.5,6.6,0.1725,0.0,0.1,-0.051235230934479035,0.0051235230934479035,0.5,0.5048669428049817,0.004866942804981678,0.48669428049816776,0.12075,0.13636363636363635,improvement
0.75,0.5,6.7,0.1725,0.0,0.1,-0.04957035445757248,0.004957035445757248,0.5,0.5047707637802663,0.004770763780266307,0.4770763780266307,0.12075,0.13805970149253732,improvement
0.75,0.5,6.8,0.1725,0.0,0.1,-0.047905477980665946,0.004790547798066595,0.5,0.5046704229061363,0.0046704229061362845,0.46704229061362845,0.12075,0.13970588235294118,improvement
0.75,0.5,6.9,0.1725,0.0,0.1,-0.04624060150375936,0.004624060150375936,0.5,0.5045659200683883,0.004565920068388296,0.4565920068388296,0.12075,0.14130434782608697,improvement
0.75,0.5,7.0,0.1725,0.0,0.1,-0.04457572502685282,0.004457572502685282,0.5,0.5044572551513755,0.0044572551513755165,0.44572551513755165,0.12075,0.14285714285714285,improvement
0.75,0.5,7.1,0.1725,0.0,0.1,-0.04291084854994629,0.0042910848549946295,0.5,0.5043444280387035,0.004344428038703496,0.4344428038703496,0.12075,0.14436619718309857,improvement
0.75,0.5,7.2,0.1725,0.0,0.1,-0.041245972073039705,0.004124597207303971,0.5,0.5042274386139607,0.004227438613960688,0.4227438613960688,0.12075,0.14583333333333334,improvement
0.75,0.5,7.3,0.1725,0.0,0.1,-0.03958109559613317,0.003958109559613317,0.5,0.5041062867614835,0.004106286761483502,0.4106286761483502,0.12075,0.14726027397260272,improvement
0.75,0.5,7.4,0.1725,0.0,0.1,-0.03791621911922661,0.003791621911922661,0.5,0.503980972367156,0.003980972367155999,0.39809723671559993,0.12075,0.14864864864864866,improvement
0.75,0.5,7.5,0.1725,0.0,0.1,-0.03625134264232007,0.0036251342642320073,0.5,0.5038514953192443,0.0038514953192443357,0.3851495319244336,0.12075,0.15,improvement
0.75,0.5,7.6,0.1725,0.0,0.1,-0.03458646616541351,0.0034586466165413515,0.5,0.5037178555092658,0.003717855509265844,0.3717855509265844,0.12075,0.1513157894736842,improvement
0.75,0.5,7.7,0.1725,0.0,0.1,-0.032921589688506954,0.0032921589688506957,0.5,0.5035800528328928,0.003580052832892755,0.3580052832892755,0.12075,0.1525974025974026,improvement
0.75,0.5,7.8,0.1725,0.0,0.1,-0.03125671321160042,0.0031256713211600426,0.5,0.5034380871908912,0.003438087190891226,0.3438087190891226,0.12075,0.15384615384615385,improvement
0.75,0.5,7.9,0.1725,0.0,0.1,-0.029591836734693837,0.0029591836734693838,0.5,0.5032919584900936,0.0032919584900935606,0.32919584900935606,0.12075,0.1550632911392405,improvement
0.75,0.5,8.0,0.1725,0.0,0.1,-0.027926960257787303,0.0027926960257787306,0.5,0.5031416666444066,0.0031416666444066266,0.31416666444066266,0.12075,0.15625,improvement
0.75,0.5,8.1,0.1725,0.0,0.1,-0.026262083780880765,0.0026262083780880766,0.5,0.5029872115758545,0.002987211575854465,0.2987211575854465,0.12075,0.15740740740740738,improvement
0.75,0.5,8.2,0.1725,0.0,0.1,-0.024597207303974206,0.002459720730397421,0.5,0.5028285932156547,0.002828593215654651,0.2828593215654651,0.12075,0.15853658536585363,improvement
0.75,0.5,8.3,0.1725,0.0,0.1,-0.022932330827067623,0.0022932330827067624,0.5,0.5026658115053314,0.0026658115053314058,0.2665811505331406,0.12075,0.15963855421686748,improvement
0.75,0.5,8.4,0.1725,0.0,0.1,-0.021267454350161086,0.002126745435016109,0.5,0.5024988663978611,0.0024988663978611214,0.24988663978611214,0.12075,0.1607142857142857,improvement
0.75,0.5,8.5,0.1725,0.0,0.1,-0.019602577873254527,0.0019602577873254526,0.5,0.5023277578588536,0.0023277578588536407,0.23277578588536407,0.12075,0.16176470588235292,improvement
0.75,0.5,8.6,0.1725,0.0,0.1,-0.017937701396347993,0.0017937701396347995,0.5,0.5021524858677686,0.0021524858677686165,0.21524858677686165,0.12075,0.16279069767441862,improvement
0.75,0.5,8.7,0.1725,0.0,0.1,-0.016272824919441455,0.0016272824919441457,0.5,0.5019730504191651,0.0019730504191650677,0.19730504191650677,0.12075,0.16379310344827586,improvement
0.75,0.5,8.8,0.1725,0.0,0.1,-0.014607948442534872,0.0014607948442534873,0.5,0.5017894515239878,0.001789451523987795,0.1789451523987795,0.12075,0.1647727272727273,improvement
0.75,0.5,8.9,0.1725,0.0,0.1,-0.012943071965628314,0.0012943071965628315,0.5,0.5016016892108854,0.0016016892108854375,0.16016892108854375,0.12075,0.1657303370786517,improvement
0.75,0.5,9.0,0.1725,0.0,0.1,-0.011278195488721778,0.001127819548872178,0.5,0.5014097635275656,0.0014097635275656106,0.14097635275656106,0.12075,0.16666666666666669,improvement
0.75,0.5,9.1,0.1725,0.0,0.1,-0.009613319011815242,0.0009613319011815242,0.5,0.501213674542184,0.0012136745421840178,0.12136745421840178,0.12075,0.1675824175824176,improvement
0.75,0.5,9.2,0.1725,0.0,0.1,-0.007948442534908683,0.0007948442534908683,0.5,0.5010134223447671,0.0010134223447670898,0.10134223447670898,0.12075,0.16847826086956522,improvement
0.75,0.5,9.3,0.1725,0.0,0.1,-0.0062835660580021,0.00062835660580021,0.5,0.5008090070486697,0.0008090070486697076,0.08090070486697076,0.12075,0.16935483870967744,improvement
0.75,0.5,9.4,0.1725,0.0,0.1,-0.0046186895810955645,0.00046186895810955647,0.5,0.5006004287920682,0.0006004287920682305,0.06004287920682305,0.12075,0.17021276595744683,improvement
0.75,0.5,9.5,0.1725,0.0,0.1,-0.0029538131041890285,0.00029538131041890287,0.5,0.5003876877394866,0.0003876877394866085,0.03876877394866085,0.12075,0.17105263157894737,improvement
0.75,0.5,9.6,0.1725,0.0,0.1,-0.001288936627282469,0.00012889366272824692,0.5,0.5001707840833576,0.000170784083357578,0.0170784083357578,0.12075,0.171875,improvement
0.75,0.5,9.7,0.1725,0.0,0.1,0.0003759398496240664,-3.7593984962406643e-05,0.5,0.4999497180456185,-5.0281954381503624e-05,-0.005028195438150362,0.12075,0.17268041237113402,harm
0.75,0.5,9.8,0.1725,0.0,0.1,0.0020408163265306497,-0.00020408163265306497,0.5,0.49972448987934015,-0.0002755101206598498,-0.02755101206598498,0.12075,0.17346938775510207,harm
0.75,0.5,9.9,0.1725,0.0,0.1,0.003705692803437209,-0.00037056928034372096,0.5,0.4994950998703919,-0.0005049001296080768,-0.050490012960807684,0.12075,0.17424242424242425,harm
0.75,0.5,10.0,0.1725,0.0,0.1,0.005370569280343745,-0.0005370569280343746,0.5,0.4992615483391388,-0.0007384516608611724,-0.07384516608611724,0.12075,0.175,harm
0.75,0.5,10.100000000000001,0.1725,0.0,0.1,0.007035445757250328,-0.0007035445757250328,0.5,0.49902383564217434,-0.0009761643578256596,-0.09761643578256596,0.12075,0.17574257425742576,harm
0.75,0.5,10.2,0.1725,0.0,0.1,0.00870032223415684,-0.000870032223415684,0.5,0.49878196217408655,-0.0012180378259134539,-0.12180378259134539,0.12075,0.1764705882352941,harm
0.75,0.5,10.3,0.1725,0.0,0.1,0.010365198711063422,-0.0010365198711063423,0.5,0.4985359283692584,-0.0014640716307415813,-0.14640716307415813,0.12075,0.17718446601941748,harm
0.75,0.5,10.4,0.1725,0.0,0.1,0.012030075187969958,-0.001203007518796996,0.5,0.49828573470370174,-0.0017142652962982563,-0.17142652962982563,0.12075,0.1778846153846154,harm
0.75,0.5,10.5,0.1725,0.0,0.1,0.013694951664876519,-0.0013694951664876519,0.5,0.4980313816969254,-0.0019686183030745985,-0.19686183030745985,0.12075,0.17857142857142858,harm
0.75,0.5,10.600000000000001,0.1725,0.0,0.1,0.015359828141783077,-0.0015359828141783079,0.5,0.4977728699138367,-0.0022271300861633203,-0.22271300861633203,0.12075,0.17924528301886794,harm
0.75,0.5,10.7,0.1725,0.0,0.1,0.01702470461868959,-0.001702470461868959,0.5,0.49751019996667656,-0.0024898000333234416,-0.24898000333234416,0.12075,0.17990654205607476,harm
0.75,0.5,10.8,0.1725,0.0,0.1,0.018689581095596174,-0.0018689581095596174,0.5,0.4972433725169886,-0.00275662748301142,-0.275662748301142,0.12075,0.18055555555555558,harm
0.75,0.5,10.9,0.1725,0.0,0.1,0.020354457572502732,-0.002035445757250273,0.5,0.4969723882776207,-0.0030276117223793086,-0.30276117223793086,0.12075,0.1811926605504587,harm
0.75,0.5,11.0,0.1725,0.0,0.1,0.022019334049409266,-0.002201933404940927,0.5,0.49669724801476106,-0.0033027519852389386,-0.33027519852389386,0.12075,0.18181818181818182,harm
0.75,0.5,11.100000000000001,0.1725,0.0,0.1,0.023684210526315853,-0.0023684210526315856,0.5,0.496417952550006,-0.003582047449994019,-0.3582047449994019,0.12075,0.18243243243243246,harm
0.75,0.5,11.2,0.1725,0.0,0.1,0.025349087003222363,-0.0025349087003222366,0.5,0.49613450276246174,-0.0038654972375382624,-0.38654972375382624,0.12075,0.1830357142857143,harm
0.75,0.5,11.3,0.1725,0.0,0.1,0.027013963480128945,-0.0027013963480128945,0.5,0.49584689959087885,-0.0041531004091211465,-0.41531004091211465,0.12075,0.1836283185840708,harm
0.75,0.5,11.4,0.1725,0.0,0.1,0.028678839957035483,-0.0028678839957035486,0.5,0.49555514403581924,-0.0044448559641807606,-0.44448559641807606,0.12075,0.1842105263157895,harm
0.75,0.5,11.5,0.1725,0.0,0.1,0.030343716433942017,-0.0030343716433942017,0.5,0.49525923716185555,-0.004740762838144452,-0.4740762838144452,0.12075,0.18478260869565216,harm
0.75,0.5,11.600000000000001,0.1725,0.0,0.1,0.0320085929108486,-0.00320085929108486,0.5,0.4949591800998032,-0.00504081990019678,-0.504081990019678,0.12075,0.1853448275862069,harm
0.75,0.5,11.7,0.1725,0.0,0.1,0.03367346938775511,-0.003367346938775511,0.5,0.4946549740489844,-0.005345025951015603,-0.5345025951015603,0.12075,0.1858974358974359,harm
0.75,0.5,11.8,0.1725,0.0,0.1,0.0353383458646617,-0.00353383458646617,0.5,0.4943466202795245,-0.0056533797204755265,-0.5653379720475527,0.12075,0.1864406779661017,harm
0.75,0.5,11.9,0.1725,0.0,0.1,0.037003222341568255,-0.0037003222341568257,0.5,0.4940341201346795,-0.005965879865320489,-0.5965879865320489,0.12075,0.1869747899159664,harm
0.75,0.5,12.0,0.1725,0.0,0.1,0.03866809881847479,-0.0038668098818474793,0.5,0.4937174750331961,-0.006282524966803926,-0.6282524966803926,0.12075,0.1875,harm
0.75,0.5,12.100000000000001,0.1725,0.0,0.1,0.04033297529538137,-0.004033297529538137,0.5,0.49339668647170165,-0.006603313528298349,-0.6603313528298349,0.12075,0.18801652892561985,harm
0.75,0.5,12.2,0.1725,0.0,0.1,0.04199785177228788,-0.004199785177228788,0.5,0.4930717560271271,-0.006928243972872894,-0.6928243972872894,0.12075,0.1885245901639344,harm
0.75,0.5,12.3,0.1725,0.0,0.1,0.04366272824919447,-0.004366272824919447,0.5,0.492742685359159,-0.007257314640841006,-0.7257314640841006,0.12075,0.18902439024390244,harm
0.75,0.5,12.4,0.1725,0.0,0.1,0.045327604726101006,-0.004532760472610101,0.5,0.4924094762127236,-0.007590523787276426,-0.7590523787276426,0.12075,0.18951612903225806,harm
0.75,0.5,12.5,0.1725,0.0,0.1,0.046992481203007565,-0.004699248120300757,0.5,0.49207213042050013,-0.007927869579499869,-0.7927869579499869,0.12075,0.19,harm
0.75,0.5,12.600000000000001,0.1725,0.0,0.1,0.04865735767991412,-0.004865735767991413,0.5,0.49173064990546544,-0.008269350094534555,-0.8269350094534555,0.12075,0.19047619047619047,harm
0.75,0.5,12.7,0.1725,0.0,0.1,0.05032223415682063,-0.005032223415682064,0.5,0.49138503668346695,-0.008614963316533053,-0.8614963316533053,0.12075,0.19094488188976377,harm
0.75,0.5,12.8,0.1725,0.0,0.1,0.05198711063372722,-0.005198711063372722,0.5,0.49103529286582637,-0.008964707134173633,-0.8964707134173633,0.12075,0.19140625,harm
0.75,0.5,12.9,0.1725,0.0,0.1,0.05365198711063378,-0.005365198711063378,0.5,0.49068142066197196,-0.009318579338028044,-0.9318579338028044,0.12075,0.19186046511627908,harm
0.75,0.5,13.0,0.1725,0.0,0.1,0.05531686358754034,-0.005531686358754034,0.5,0.4903234223820998,-0.009676577617900195,-0.9676577617900195,0.12075,0.1923076923076923,harm
0.75,0.5,13.100000000000001,0.1725,0.0,0.1,0.056981740064446874,-0.005698174006444688,0.5,0.48996130043986347,-0.010038699560136533,-1.0038699560136533,0.12075,0.19274809160305345,harm
0.75,0.5,13.2,0.1725,0.0,0.1,0.058646616541353405,-0.005864661654135341,0.5,0.4895950573550919,-0.0104049426449081,-1.04049426449081,0.12075,0.19318181818181818,harm
0.75,0.5,13.3,0.1725,0.0,0.1,0.06031149301825999,-0.0060311493018259995,0.5,0.48922469575653527,-0.010775304243464734,-1.0775304243464734,0.12075,0.19360902255639098,harm
0.75,0.5,13.4,0.1725,0.0,0.1,0.06197636949516653,-0.006197636949516653,0.5,0.4888502183846377,-0.011149781615362286,-1.1149781615362286,0.12075,0.19402985074626866,harm
0.75,0.5,13.5,0.1725,0.0,0.1,0.06364124597207306,-0.006364124597207307,0.5,0.48847162809433775,-0.011528371905662249,-1.152837190566225,0.12075,0.19444444444444445,harm
0.75,0.5,13.600000000000001,0.1725,0.0,0.1,0.06530612244897965,-0.0065306122448979655,0.5,0.4880889278578948,-0.011911072142105184,-1.1911072142105184,0.12075,0.1948529411764706,harm
0.75,0.5,13.7,0.1725,0.0,0.1,0.06697099892588618,-0.006697099892588618,0.5,0.4877021207677418,-0.012297879232258224,-1.2297879232258224,0.12075,0.19525547445255476,harm
0.75,0.5,13.8,0.1725,0.0,0.1,0.06863587540279277,-0.006863587540279277,0.5,0.48731121003936356,-0.012688789960636437,-1.2688789960636437,0.12075,0.1956521739130435,harm
0.75,0.5,13.9,0.1725,0.0,0.1,0.0703007518796993,-0.00703007518796993,0.5,0.4869161990142008,-0.013083800985799199,-1.3083800985799199,0.12075,0.1960431654676259,harm
0.75,0.5,14.0,0.1725,0.0,0.1,0.07196562835660583,-0.007196562835660583,0.5,0.4865170911625786,-0.013482908837421426,-1.3482908837421426,0.12075,0.19642857142857142,harm
0.75,0.5,6.0,0.175,0.0,0.1,-0.06451612903225805,0.006451612903225806,0.5,0.5056445543742673,0.005644554374267252,0.5644554374267252,0.12249999999999998,0.125,improvement
0.75,0.5,6.1,0.175,0.0,0.1,-0.06290322580645161,0.006290322580645161,0.5,0.5055820702970883,0.0055820702970883485,0.5582070297088348,0.12249999999999998,0.12704918032786883,improvement
0.75,0.5,6.2,0.175,0.0,0.1,-0.06129032258064514,0.006129032258064514,0.5,0.5055155551331529,0.0055155551331529384,0.5515555133152938,0.12249999999999998,0.12903225806451613,improvement
0.75,0.5,6.3,0.175,0.0,0.1,-0.059677419354838696,0.0059677419354838696,0.5,0.505445008800308,0.00544500880030796,0.544500880030796,0.12249999999999998,0.13095238095238093,improvement
0.75,0.5,6.4,0.175,0.0,0.1,-0.05806451612903223,0.005806451612903224,0.5,0.5053704312108056,0.005370431210805604,0.5370431210805604,0.12249999999999998,0.1328125,improvement
0.75,0.5,6.5,0.175,0.0,0.1,-0.05645161290322579,0.0056451612903225794,0.5,0.5052918222716956,0.0052918222716955565,0.5291822271695557,0.12249999999999998,0.1346153846153846,improvement
0.75,0.5,6.6,0.175,0.0,0.1,-0.05483870967741934,0.005483870967741934,0.5,0.5052091818852491,0.005209181885249103,0.5209181885249103,0.12249999999999998,0.13636363636363635,improvement
0.75,0.5,6.7,0.175,0.0,0.1,-0.053225806451612886,0.005322580645161289,0.5,0.5051225099494159,0.0051225099494158766,0.5122509949415877,0.12249999999999998,0.13805970149253732,improvement
0.75,0.5,6.8,0.175,0.0,0.1,-0.051612903225806445,0.005161290322580645,0.5,0.5050318063583109,0.0050318063583109085,0.5031806358310909,0.12249999999999998,0.13970588235294118,improvement
0.75,0.5,6.9,0.175,0.0,0.1,-0.04999999999999998,0.004999999999999998,0.5,0.5049370710027326,0.0049370710027325515,0.49370710027325515,0.12249999999999998,0.14130434782608697,improvement
0.75,0.5,7.0,0.175,0.0,0.1,-0.04838709677419352,0.0048387096774193524,0.5,0.5048383037707138,0.004838303770713814,0.48383037707138143,0.12249999999999998,0.14285714285714285,improvement
0.75,0.5,7.1,0.175,0.0,0.1,-0.04677419354838708,0.004677419354838708,0.5,0.5047355045481037,0.004735504548103675,0.4735504548103675,0.12249999999999998,0.14436619718309857,improvement
0.75,0.5,7.2,0.175,0.0,0.1,-0.04516129032258061,0.004516129032258061,0.5,0.5046286732191803,0.004628673219180257,0.4628673219180257,0.12249999999999998,0.14583333333333334,improvement
0.75,0.5,7.3,0.175,0.0,0.1,-0.043548387096774166,0.004354838709677416,0.5,0.504517809667296,0.00451780966729598,0.451780966729598,0.12249999999999998,0.14726027397260272,improvement
0.75,0.5,7.4,0.175,0.0,0.1,-0.0419354838709677,0.0041935483870967705,0.5,0.5044029137755535,0.004402913775553463,0.4402913775553463,0.12249999999999998,0.14864864864864866,improvement
0.75,0.5,7.5,0.175,0.0,0.1,-0.04032258064516126,0.004032258064516126,0.5,0.5042839854275132,0.004283985427513182,0.42839854275131817,0.12249999999999998,0.15,improvement
0.75,0.5,7.6,0.175,0.0,0.1,-0.03870967741935482,0.003870967741935482,0.5,0.5041610245079335,0.004161024507933542,0.4161024507933542,0.12249999999999998,0.1513157894736842,improvement
0.75,0.5,7.7,0.175,0.0,0.1,-0.03709677419354836,0.0037096774193548358,0.5,0.5040340309035407,0.0040340309035407085,0.40340309035407085,0.12249999999999998,0.1525974025974026,improvement
0.75,0.5,7.8,0.175,0.0,0.1,-0.035483870967741915,0.0035483870967741916,0.5,0.503903004503832,0.003903004503831964,0.3903004503831964,0.12249999999999998,0.15384615384615385,improvement
0.75,0.5,7.9,0.175,0.0,0.1,-0.03387096774193545,0.0033870967741935452,0.5,0.503767945201909,0.00376794520190904,0.376794520190904,0.12249999999999998,0.1550632911392405,improvement
0.75,0.5,8.0,0.175,0.0,0.1,-0.03225806451612901,0.003225806451612901,0.5,0.5036288528953433,0.0036288528953433152,0.3628852895343315,0.12249999999999998,0.15625,improvement
0.75,0.5,8.1,0.175,0.0,0.1,-0.03064516129032257,0.003064516129032257,0.5,0.5034857274870737,0.003485727487073653,0.3485727487073653,0.12249999999999998,0.15740740740740738,improvement
0.75,0.5,8.2,0.175,0.0,0.1,-0.02903225806451613,0.002903225806451613,0.5,0.5033385688863343,0.0033385688863343255,0.33385688863343255,0.12249999999999998,0.15853658536585363,improvement
0.75,0.5,8.3,0.175,0.0,0.1,-0.02741935483870964,0.002741935483870964,0.5,0.5031873770096149,0.003187377009614911,0.3187377009614911,0.12249999999999998,0.15963855421686748,improvement
0.75,0.5,8.4,0.175,0.0,0.1,-0.025806451612903198,0.00258064516129032,0.5,0.5030321517816524,0.0030321517816523924,0.30321517816523924,0.12249999999999998,0.1607142857142857,improvement
0.75,0.5,8.5,0.175,0.0,0.1,-0.02419354838709676,0.0024193548387096762,0.5,0.5028728931364538,0.00287289313645378,0.287289313645378,0.12249999999999998,0.16176470588235292,improvement
0.75,0.5,8.6,0.175,0.0,0.1,-0.022580645161290318,0.002258064516129032,0.5,0.5027096010183512,0.00270960101835116,0.270960101835116,0.12249999999999998,0.16279069767441862,improvement
0.75,0.5,8.7,0.175,0.0,0.1,-0.02096774193548385,0.0020967741935483853,0.5,0.5025422753830877,0.002542275383087711,0.2542275383087711,0.12249999999999998,0.16379310344827586,improvement
0.75,0.5,8.8,0.175,0.0,0.1,-0.01935483870967739,0.001935483870967739,0.5,0.5023709161989353,0.002370916198935258,0.23709161989352578,0.12249999999999998,0.1647727272727273,improvement
0.75,0.5,8.9,0.175,0.0,0.1,-0.017741935483870947,0.0017741935483870947,0.5,0.5021955234478437,0.0021955234478436836,0.21955234478436836,0.12249999999999998,0.1657303370786517,improvement
0.75,0.5,9.0,0.175,0.0,0.1,-0.016129032258064505,0.0016129032258064505,0.5,0.502016097126621,0.002016097126620986,0.2016097126620986,0.12249999999999998,0.16666666666666669,improvement
0.75,0.5,9.1,0.175,0.0,0.1,-0.014516129032258041,0.0014516129032258042,0.5,0.5018326372481468,0.0018326372481467512,0.18326372481467512,0.12249999999999998,0.1675824175824176,improvement
0.75,0.5,9.2,0.175,0.0,0.1,-0.012903225806451599,0.00129032258064516,0.5,0.501645143842614,0.0016451438426140497,0.16451438426140497,0.12249999999999998,0.16847826086956522,improvement
0.75,0.5,9.3,0.175,0.0,0.1,-0.011290322580645135,0.0011290322580645134,0.5,0.5014536169588056,0.001453616958805637,0.1453616958805637,0.12249999999999998,0.16935483870967744,improvement
0.75,0.5,9.4,0.175,0.0,0.1,-0.00967741935483867,0.0009677419354838671,0.5,0.5012580566654,0.0012580566654000203,0.12580566654000203,0.12249999999999998,0.17021276595744683,improvement
0.75,0.5,9.5,0.175,0.0,0.1,-0.008064516129032228,0.0008064516129032229,0.5,0.5010584630523093,0.0010584630523092775,0.10584630523092775,0.12249999999999998,0.17105263157894737,improvement
0.75,0.5,9.6,0.175,0.0,0.1,-0.006451612903225788,0.0006451612903225789,0.5,0.5008548362320482,0.0008548362320481839,0.08548362320481839,0.12249999999999998,0.171875,improvement
0.75,0.5,9.7,0.175,0.0,0.1,-0.004838709677419347,0.0004838709677419347,0.5,0.5006471763411351,0.0006471763411350917,0.06471763411350917,0.12249999999999998,0.17268041237113402,improvement
0.75,0.5,9.8,0.175,0.0,0.1,-0.003225806451612858,0.0003225806451612858,0.5,0.500435483541523,0.0004354835415230074,0.04354835415230074,0.12249999999999998,0.17346938775510207,improvement
0.75,0.5,9.9,0.175,0.0,0.1,-0.0016129032258064171,0.00016129032258064172,0.5,0.5002197580220633,0.00021975802206330997,0.021975802206330997,0.12249999999999998,0.17424242424242425,improvement
0.75,0.5,10.0,0.175,0.0,0.1,2.387576397043347e-17,-2.3875763970433472e-18,0.5,0.5,0.0,0.0,0.12249999999999998,0.175,zero
0.75,0.5,10.100000000000001,0.175,0.0,0.1,0.0016129032258064887,-0.00016129032258064887,0.5,0.49977620972249465,-0.00022379027750535352,-0.022379027750535352,0.12249999999999998,0.17574257425742576,harm
0.75,0.5,10.2,0.175,0.0,0.1,0.003225806451612906,-0.0003225806451612906,0.5,0.49954838746818353,-0.0004516125318164699,-0.04516125318164699,0.12249999999999998,0.1764705882352941,harm
0.75,0.5,10.3,0.175,0.0,0.1,0.004838709677419395,-0.0004838709677419395,0.5,0.4993165335487645,-0.0006834664512355149,-0.06834664512355149,0.12249999999999998,0.17718446601941748,harm
0.75,0.5,10.4,0.175,0.0,0.1,0.006451612903225836,-0.0006451612903225837,0.5,0.49908064831061655,-0.0009193516893834519,-0.09193516893834519,0.12249999999999998,0.1778846153846154,harm
0.75,0.5,10.5,0.175,0.0,0.1,0.008064516129032277,-0.0008064516129032278,0.5,0.4988407321364485,-0.0011592678635515274,-0.11592678635515274,0.12249999999999998,0.17857142857142858,harm
0.75,0.5,10.600000000000001,0.175,0.0,0.1,0.009677419354838766,-0.0009677419354838766,0.5,0.4985967854469798,-0.0014032145530202267,-0.14032145530202267,0.12249999999999998,0.17924528301886794,harm
0.75,0.5,10.7,0.175,0.0,0.1,0.011290322580645183,-0.0011290322580645184,0.5,0.49834880870265175,-0.0016511912973482534,-0.16511912973482534,0.12249999999999998,0.17990654205607476,harm
0.75,0.5,10.8,0.175,0.0,0.1,0.012903225806451648,-0.0012903225806451648,0.5,0.49809680240536935,-0.0019031975946306456,-0.19031975946306456,0.12249999999999998,0.18055555555555558,harm
0.75,0.5,10.9,0.175,0.0,0.1,0.014516129032258088,-0.001451612903225809,0.5,0.49784076710027364,-0.00215923289972636,-0.215923289972636,0.12249999999999998,0.1811926605504587,harm
0.75,0.5,11.0,0.175,0.0,0.1,0.016129032258064554,-0.0016129032258064555,0.5,0.4975807033775452,-0.002419296622454825,-0.2419296622454825,0.12249999999999998,0.18181818181818182,harm
0.75,0.5,11.100000000000001,0.175,0.0,0.1,0.017741935483871017,-0.0017741935483871017,0.5,0.49731661187423704,-0.0026833881257629644,-0.26833881257629644,0.12249999999999998,0.18243243243243246,harm
0.75,0.5,11.2,0.175,0.0,0.1,0.019354838709677434,-0.0019354838709677435,0.5,0.4970484932761392,-0.0029515067238607973,-0.2951506723860797,0.12249999999999998,0.1830357142857143,harm
0.75,0.5,11.3,0.175,0.0,0.1,0.0209677419354839,-0.00209677419354839,0.5,0.49677634831967205,-0.0032236516803279547,-0.32236516803279547,0.12249999999999998,0.1836283185840708,harm
0.75,0.5,11.4,0.175,0.0,0.1,0.022580645161290366,-0.002258064516129037,0.5,0.4965001777938109,-0.003499822206189107,-0.3499822206189107,0.12249999999999998,0.1842105263157895,harm
0.75,0.5,11.5,0.175,0.0,0.1,0.024193548387096805,-0.0024193548387096806,0.5,0.49621998254204003,-0.003780017457959972,-0.3780017457959972,0.12249999999999998,0.18478260869565216,harm
0.75,0.5,11.600000000000001,0.175,0.0,0.1,0.02580645161290327,-0.0025806451612903273,0.5,0.49593576346433665,-0.004064236535663346,-0.4064236535663346,0.12249999999999998,0.1853448275862069,harm
0.75,0.5,11.7,0.175,0.0,0.1,0.02741935483870969,-0.002741935483870969,0.5,0.4956475215191846,-0.0043524784808153805,-0.43524784808153805,0.12249999999999998,0.1858974358974359,harm
0.75,0.5,11.8,0.175,0.0,0.1,0.029032258064516175,-0.002903225806451618,0.5,0.4953552577256176,-0.004644742274382385,-0.4644742274382385,0.12249999999999998,0.1864406779661017,harm
0.75,0.5,11.9,0.175,0.0,0.1,0.030645161290322617,-0.003064516129032262,0.5,0.49505897316529196,-0.00494102683470804,-0.494102683470804,0.12249999999999998,0.1869747899159664,harm
0.75,0.5,12.0,0.175,0.0,0.1,0.03225806451612906,-0.0032258064516129063,0.5,0.4947586689845885,-0.005241331015411521,-0.5241331015411521,0.12249999999999998,0.1875,harm
0.75,0.5,12.100000000000001,0.175,0.0,0.1,0.03387096774193552,-0.003387096774193552,0.5,0.4944543463967431,-0.005545653603256873,-0.5545653603256873,0.12249999999999998,0.18801652892561985,harm
0.75,0.5,12.2,0.175,0.0,0.1,0.03548387096774194,-0.0035483870967741946,0.5,0.49414600668400754,-0.005853993315992456,-0.5853993315992456,0.12249999999999998,0.1885245901639344,harm
0.75,0.5,12.3,0.175,0.0,0.1,0.037096774193548426,-0.0037096774193548427,0.5,0.4938336511998369,-0.006166348800163091,-0.6166348800163091,0.12249999999999998,0.18902439024390244,harm
0.75,0.5,12.4,0.175,0.0,0.1,0.03870967741935487,-0.003870967741935487,0.5,0.4935172813711075,-0.006482718628892492,-0.6482718628892492,0.12249999999999998,0.18951612903225806,harm
0.75,0.5,12.5,0.175,0.0,0.1,0.04032258064516131,-0.0040322580645161315,0.5,0.49319689870036193,-0.00680310129963807,-0.680310129963807,0.12249999999999998,0.19,harm
0.75,0.5,12.600000000000001,0.175,0.0,0.1,0.0419354838709678,-0.00419354838709678,0.5,0.4928725047680823,-0.007127495231917691,-0.7127495231917691,0.12249999999999998,0.19047619047619047,harm
0.75,0.5,12.7,0.175,0.0,0.1,0.043548387096774215,-0.004354838709677422,0.5,0.492544101234992,-0.007455898765008018,-0.7455898765008018,0.12249999999999998,0.19094488188976377,harm
0.75,0.5,12.8,0.175,0.0,0.1,0.045161290322580684,-0.004516129032258068,0.5,0.492211689844384,-0.007788310155615985,-0.7788310155615985,0.12249999999999998,0.19140625,harm
0.75,0.5,12.9,0.175,0.0,0.1,0.046774193548387126,-0.004677419354838713,0.5,0.4918752724244778,-0.008124727575522184,-0.8124727575522184,0.12249999999999998,0.19186046511627908,harm
0.75,0.5,13.0,0.175,0.0,0.1,0.04838709677419356,-0.004838709677419357,0.5,0.49153485089080207,-0.008465149109197934,-0.8465149109197934,0.12249999999999998,0.1923076923076923,harm
0.75,0.5,13.100000000000001,0.175,0.0,0.1,0.05000000000000005,-0.005000000000000005,0.5,0.4911904272486052,-0.008809572751394823,-0.8809572751394823,0.12249999999999998,0.19274809160305345,harm
0.75,0.5,13.2,0.175,0.0,0.1,0.05161290322580647,-0.005161290322580648,0.5,0.49084200359529206,-0.009157996404707935,-0.9157996404707935,0.12249999999999998,0.19318181818181818,harm
0.75,0.5,13.3,0.175,0.0,0.1,0.053225806451612935,-0.005322580645161294,0.5,0.49048958212288674,-0.009510417877113264,-0.9510417877113264,0.12249999999999998,0.19360902255639098,harm
0.75,0.5,13.4,0.175,0.0,0.1,0.05483870967741938,-0.005483870967741938,0.5,0.4901331651205215,-0.009866834879478481,-0.9866834879478481,0.12249999999999998,0.19402985074626866,harm
0.75,0.5,13.5,0.175,0.0,0.1,0.05645161290322584,-0.005645161290322585,0.5,0.4897727549769516,-0.010227245023048392,-1.0227245023048392,0.12249999999999998,0.19444444444444445,harm
0.75,0.5,13.600000000000001,0.175,0.0,0.1,0.0580645161290323,-0.005806451612903231,0.5,0.4894083541830946,-0.010591645816905415,-1.0591645816905415,0.12249999999999998,0.1948529411764706,harm
0.75,0.5,13.7,0.175,0.0,0.1,0.05967741935483872,-0.005967741935483873,0.5,0.48903996533459526,-0.010960034665404739,-1.0960034665404739,0.12249999999999998,0.19525547445255476,harm
0.75,0.5,13.8,0.175,0.0,0.1,0.061290322580645186,-0.006129032258064519,0.5,0.4886675911344153,-0.011332408865584676,-1.1332408865584676,0.12249999999999998,0.1956521739130435,harm
0.75,0.5,13.9,0.175,0.0,0.1,0.06290322580645165,-0.006290322580645165,0.5,0.4882912343954463,-0.011708765604553695,-1.1708765604553695,0.12249999999999998,0.1960431654676259,harm
0.75,0.5,14.0,0.175,0.0,0.1,0.06451612903225812,-0.0064516129032258125,0.5,0.4879108980431475,-0.012089101956852477,-1.2089101956852477,0.12249999999999998,0.19642857142857142,harm
0.75,0.5,6.0,0.1775,0.0,0.1,-0.06781485468245424,0.0067814854682454245,0.5,0.5059330949432677,0.005933094943267658,0.5933094943267658,0.12425,0.125,improvement
0.75,0.5,6.1,0.1775,0.0,0.1,-0.06625403659849301,0.006625403659849301,0.5,0.5058793552001931,0.005879355200193115,0.5879355200193115,0.12425,0.12704918032786883,improvement
0.75,0.5,6.2,0.1775,0.0,0.1,-0.06469321851453175,0.006469321851453175,0.5,0.5058217147825543,0.0058217147825543325,0.5821714782554333,0.12425,0.12903225806451613,improvement
0.75,0.5,6.3,0.1775,0.0,0.1,-0.0631324004305705,0.0063132400430570505,0.5,0.5057601736205138,0.005760173620513842,0.5760173620513842,0.12425,0.13095238095238093,improvement
0.75,0.5,6.4,0.1775,0.0,0.1,-0.06157158234660925,0.0061571582346609255,0.5,0.5056947316381168,0.005694731638116846,0.5694731638116846,0.12425,0.1328125,improvement
0.75,0.5,6.5,0.1775,0.0,0.1,-0.060010764262648,0.0060010764262648005,0.5,0.5056253887535986,0.005625388753598637,0.5625388753598637,0.12425,0.1346153846153846,improvement
0.75,0.5,6.6,0.1775,0.0,0.1,-0.058449946178686756,0.0058449946178686756,0.5,0.5055521448797189,0.00555214487971889,0.555214487971889,0.12425,0.13636363636363635,improvement
0.75,0.5,6.7,0.1775,0.0,0.1,-0.0568891280947255,0.005688912809472551,0.5,0.5054749999241268,0.005474999924126811,0.5474999924126811,0.12425,0.13805970149253732,improvement
0.75,0.5,6.8,0.1775,0.0,0.1,-0.055328310010764256,0.005532831001076426,0.5,0.5053939537897523,0.0053939537897522705,0.539395378975227,0.12425,0.13970588235294118,improvement
0.75,0.5,6.9,0.1775,0.0,0.1,-0.053767491926803,0.005376749192680301,0.5,0.5053090063752281,0.005309006375228131,0.5309006375228131,0.12425,0.14130434782608697,improvement
0.75,0.5,7.0,0.1775,0.0,0.1,-0.05220667384284176,0.005220667384284176,0.5,0.5052201575753383,0.005220157575338336,0.5220157575338336,0.12425,0.14285714285714285,improvement
0.75,0.5,7.1,0.1775,0.0,0.1,-0.05064585575888051,0.005064585575888052,0.5,0.5051274072814966,0.005127407281496632,0.5127407281496632,0.12425,0.14436619718309857,improvement
0.75,0.5,7.2,0.1775,0.0,0.1,-0.049085037674919244,0.004908503767491925,0.5,0.5050307553822528,0.005030755382252838,0.5030755382252838,0.12425,0.14583333333333334,improvement
0.75,0.5,7.3,0.1775,0.0,0.1,-0.047524219590958025,0.0047524219590958025,0.5,0.5049302017638275,0.004930201763827524,0.4930201763827524,0.12425,0.14726027397260272,improvement
0.75,0.5,7.4,0.1775,0.0,0.1,-0.04596340150699676,0.004596340150699676,0.5,0.5048257463106764,0.004825746310676449,0.48257463106764487,0.12425,0.14864864864864866,improvement
0.75,0.5,7.5,0.1775,0.0,0.1,-0.04440258342303551,0.004440258342303552,0.5,0.5047173889060821,0.004717388906082087,0.4717388906082087,0.12425,0.15,improvement
0.75,0.5,7.6,0.1775,0.0,0.1,-0.042841765339074266,0.004284176533907427,0.5,0.5046051294327738,0.004605129432773802,0.46051294327738024,0.12425,0.1513157894736842,improvement
0.75,0.5,7.7,0.1775,0.0,0.1,-0.041280947255113,0.0041280947255113,0.5,0.5044889677735782,0.004488967773578212,0.4488967773578212,0.12425,0.1525974025974026,improvement
0.75,0.5,7.8,0.1775,0.0,0.1,-0.03972012917115178,0.0039720129171151785,0.5,0.5043689038120964,0.004368903812096425,0.4368903812096425,0.12425,0.15384615384615385,improvement
0.75,0.5,7.9,0.1775,0.0,0.1,-0.03815931108719051,0.0038159311087190514,0.5,0.5042449374334099,0.004244937433409923,0.4244937433409923,0.12425,0.1550632911392405,improvement
0.75,0.5,8.0,0.1775,0.0,0.1,-0.03659849300322927,0.003659849300322927,0.5,0.5041170685248166,0.004117068524816636,0.4117068524816636,0.12425,0.15625,improvement
0.75,0.5,8.1,0.1775,0.0,0.1,-0.03503767491926802,0.0035037674919268023,0.5,0.5039852969765933,0.003985296976593333,0.3985296976593333,0.12425,0.15740740740740738,improvement
0.75,0.5,8.2,0.1775,0.0,0.1,-0.03347685683530678,0.0033476856835306782,0.5,0.5038496226827884,0.003849622682788434,0.3849622682788434,0.12425,0.15853658536585363,improvement
0.75,0.5,8.3,0.1775,0.0,0.1,-0.03191603875134551,0.003191603875134551,0.5,0.5037100455420425,0.0037100455420424616,0.37100455420424616,0.12425,0.15963855421686748,improvement
0.75,0.5,8.4,0.1775,0.0,0.1,-0.030355220667384265,0.0030355220667384266,0.5,0.5035665654584373,0.003566565458437254,0.3566565458437254,0.12425,0.1607142857142857,improvement
0.75,0.5,8.5,0.1775,0.0,0.1,-0.028794402583423022,0.0028794402583423024,0.5,0.503419182342374,0.0034191823423740386,0.34191823423740386,0.12425,0.16176470588235292,improvement
0.75,0.5,8.6,0.1775,0.0,0.1,-0.02723358449946178,0.002723358449946178,0.5,0.5032678961114796,0.0032678961114795957,0.32678961114795957,0.12425,0.16279069767441862,improvement
0.75,0.5,8.7,0.1775,0.0,0.1,-0.025672766415500533,0.0025672766415500534,0.5,0.5031127066915417,0.0031127066915417334,0.31127066915417334,0.12425,0.16379310344827586,improvement
0.75,0.5,8.8,0.1775,0.0,0.1,-0.024111948331539266,0.0024111948331539267,0.5,0.5029536140174722,0.0029536140174721837,0.29536140174721837,0.12425,0.1647727272727273,improvement
0.75,0.5,8.9,0.1775,0.0,0.1,-0.02255113024757802,0.002255113024757802,0.5,0.5027906180342991,0.0027906180342991416,0.27906180342991416,0.12425,0.1657303370786517,improvement
0.75,0.5,9.0,0.1775,0.0,0.1,-0.020990312163616777,0.0020990312163616776,0.5,0.5026237186981886,0.0026237186981885596,0.26237186981885596,0.12425,0.16666666666666669,improvement
0.75,0.5,9.1,0.1775,0.0,0.1,-0.019429494079655534,0.0019429494079655535,0.5,0.5024529159774923,0.0024529159774923093,0.24529159774923093,0.12425,0.1675824175824176,improvement
0.75,0.5,9.2,0.1775,0.0,0.1,-0.017868675995694288,0.001786867599569429,0.5,0.5022782098538268,0.0022782098538267626,0.22782098538267626,0.12425,0.16847826086956522,improvement
0.75,0.5,9.3,0.1775,0.0,0.1,-0.01630785791173302,0.0016307857911733023,0.5,0.5020996003231794,0.0020996003231793514,0.20996003231793514,0.12425,0.16935483870967744,improvement
0.75,0.5,9.4,0.1775,0.0,0.1,-0.014747039827771776,0.0014747039827771777,0.5,0.5019170873970427,0.0019170873970426605,0.19170873970426605,0.12425,0.17021276595744683,improvement
0.75,0.5,9.5,0.1775,0.0,0.1,-0.013186221743810532,0.0013186221743810532,0.5,0.5017306711035785,0.001730671103578496,0.1730671103578496,0.12425,0.17105263157894737,improvement
0.75,0.5,9.6,0.1775,0.0,0.1,-0.011625403659849287,0.0011625403659849289,0.5,0.5015403514888097,0.0015403514888097103,0.15403514888097103,0.12425,0.171875,improvement
0.75,0.5,9.7,0.1775,0.0,0.1,-0.010064585575888043,0.0010064585575888043,0.5,0.5013461286178402,0.0013461286178402254,0.13461286178402254,0.12425,0.17268041237113402,improvement
0.75,0.5,9.8,0.1775,0.0,0.1,-0.008503767491926776,0.0008503767491926776,0.5,0.501148002576104,0.0011480025761040347,0.11480025761040347,0.12425,0.17346938775510207,improvement
0.75,0.5,9.9,0.1775,0.0,0.1,-0.0069429494079655315,0.0006942949407965532,0.5,0.5009459734706427,0.0009459734706427358,0.09459734706427358,0.12425,0.17424242424242425,improvement
0.75,0.5,10.0,0.1775,0.0,0.1,-0.005382131324004287,0.0005382131324004287,0.5,0.5007400414314103,0.0007400414314102655,0.07400414314102655,0.12425,0.175,improvement
0.75,0.5,10.100000000000001,0.1775,0.0,0.1,-0.003821313240043019,0.0003821313240043019,0.5,0.500530206612608,0.0005302066126080529,0.05302066126080529,0.12425,0.17574257425742576,improvement
0.75,0.5,10.2,0.1775,0.0,0.1,-0.0022604951560817985,0.00022604951560817985,0.5,0.5003164691940463,0.00031646919404626495,0.031646919404626495,0.12425,0.1764705882352941,improvement
0.75,0.5,10.3,0.1775,0.0,0.1,-0.0006996770721205306,6.996770721205306e-05,0.5,0.5000988293825346,9.882938253458207e-05,0.009882938253458207,0.12425,0.17718446601941748,improvement
0.75,0.5,10.4,0.1775,0.0,0.1,0.0008611410118407137,-8.611410118407137e-05,0.5,0.49987728741330195,-0.0001227125866980483,-0.01227125866980483,0.12425,0.1778846153846154,harm
0.75,0.5,10.5,0.1775,0.0,0.1,0.002421959095801958,-0.0002421959095801958,0.5,0.499651843551442,-0.0003481564485580124,-0.03481564485580124,0.12425,0.17857142857142858,harm
0.75,0.5,10.600000000000001,0.1775,0.0,0.1,0.003982777179763226,-0.0003982777179763226,0.5,0.49942249809338946,-0.0005775019066105447,-0.05775019066105447,0.12425,0.17924528301886794,harm
0.75,0.5,10.7,0.1775,0.0,0.1,0.005543595263724446,-0.0005543595263724446,0.5,0.49918925136842274,-0.0008107486315772627,-0.08107486315772627,0.12425,0.17990654205607476,harm
0.75,0.5,10.8,0.1775,0.0,0.1,0.007104413347685715,-0.0007104413347685715,0.5,0.49895210374019544,-0.0010478962598045594,-0.10478962598045594,0.12425,0.18055555555555558,harm
0.75,0.5,10.9,0.1775,0.0,0.1,0.008665231431646958,-0.0008665231431646959,0.5,0.49871105560829554,-0.0012889443917044607,-0.12889443917044607,0.12425,0.1811926605504587,harm
0.75,0.5,11.0,0.1775,0.0,0.1,0.010226049515608203,-0.0010226049515608202,0.5,0.4984661074098322,-0.0015338925901677847,-0.15338925901677847,0.12425,0.18181818181818182,harm
0.75,0.5,11.100000000000001,0.1775,0.0,0.1,0.011786867599569472,-0.0011786867599569472,0.5,0.4982172596210515,-0.0017827403789484886,-0.17827403789484886,0.12425,0.18243243243243246,harm
0.75,0.5,11.2,0.1775,0.0,0.1,0.013347685683530692,-0.0013347685683530693,0.5,0.4979645127589782,-0.002035487241021816,-0.2035487241021816,0.12425,0.1830357142857143,harm
0.75,0.5,11.3,0.1775,0.0,0.1,0.014908503767491959,-0.001490850376749196,0.5,0.4977078673830867,-0.0022921326169133005,-0.22921326169133005,0.12425,0.1836283185840708,harm
0.75,0.5,11.4,0.1775,0.0,0.1,0.016469321851453205,-0.0016469321851453206,0.5,0.49744732409699893,-0.002552675903001067,-0.2552675903001067,0.12425,0.1842105263157895,harm
0.75,0.5,11.5,0.1775,0.0,0.1,0.018030139935414448,-0.0018030139935414449,0.5,0.49718288355020956,-0.0028171164497904355,-0.28171164497904355,0.12425,0.18478260869565216,harm
0.75,0.5,11.600000000000001,0.1775,0.0,0.1,0.019590958019375715,-0.0019590958019375716,0.5,0.496914546439839,-0.003085453560160989,-0.3085453560160989,0.12425,0.1853448275862069,harm
0.75,0.5,11.7,0.1775,0.0,0.1,0.021151776103336937,-0.002115177610333694,0.5,0.49664231351241367,-0.003357686487586331,-0.3357686487586331,0.12425,0.1858974358974359,harm
0.75,0.5,11.8,0.1775,0.0,0.1,0.022712594187298204,-0.0022712594187298206,0.5,0.4963661855656727,-0.0036338144343273093,-0.36338144343273093,0.12425,0.1864406779661017,harm
0.75,0.5,11.9,0.1775,0.0,0.1,0.02427341227125945,-0.002427341227125945,0.5,0.496086163450403,-0.003913836549596983,-0.3913836549596983,0.12425,0.1869747899159664,harm
0.75,0.5,12.0,0.1775,0.0,0.1,0.025834230355220693,-0.0025834230355220693,0.5,0.4958022480723001,-0.004197751927699889,-0.41977519276998887,0.12425,0.1875,harm
0.75,0.5,12.100000000000001,0.1775,0.0,0.1,0.02739504843918196,-0.002739504843918196,0.5,0.49551444039385617,-0.00448555960614383,-0.44855596061438296,0.12425,0.18801652892561985,harm
0.75,0.5,12.2,0.1775,0.0,0.1,0.028955866523143182,-0.0028955866523143184,0.5,0.49522274143627487,-0.004777258563725129,-0.47772585637251286,0.12425,0.1885245901639344,harm
0.75,0.5,12.3,0.1775,0.0,0.1,0.03051668460710445,-0.003051668460710445,0.5,0.4949271522814127,-0.005072847718587292,-0.5072847718587292,0.12425,0.18902439024390244,harm
0.75,0.5,12.4,0.1775,0.0,0.1,0.03207750269106569,-0.003207750269106569,0.5,0.4946276740737463,-0.005372325926253696,-0.5372325926253696,0.12425,0.18951612903225806,harm
0.75,0.5,12.5,0.1775,0.0,0.1,0.03363832077502694,-0.003363832077502694,0.5,0.49432430802236654,-0.005675691977633457,-0.5675691977633457,0.12425,0.19,harm
0.75,0.5,12.600000000000001,0.1775,0.0,0.1,0.035199138858988205,-0.003519913885898821,0.5,0.4940170554029981,-0.005982944597001882,-0.5982944597001882,0.12425,0.19047619047619047,harm
0.75,0.5,12.7,0.1775,0.0,0.1,0.03675995694294942,-0.0036759956942949423,0.5,0.49370591756004534,-0.006294082439954662,-0.6294082439954662,0.12425,0.19094488188976377,harm
0.75,0.5,12.8,0.1775,0.0,0.1,0.0383207750269107,-0.00383207750269107,0.5,0.4933908959086636,-0.006609104091336415,-0.6609104091336415,0.12425,0.19140625,harm
0.75,0.5,12.9,0.1775,0.0,0.1,0.03988159311087194,-0.003988159311087194,0.5,0.4930719919368557,-0.006928008063144309,-0.6928008063144309,0.12425,0.19186046511627908,harm
0.75,0.5,13.0,0.1775,0.0,0.1,0.04144241119483318,-0.004144241119483318,0.5,0.49274920720759474,-0.007250792792405258,-0.7250792792405258,0.12425,0.1923076923076923,harm
0.75,0.5,13.100000000000001,0.1775,0.0,0.1,0.04300322927879445,-0.004300322927879445,0.5,0.49242254336097047,-0.007577456639029534,-0.7577456639029534,0.12425,0.19274809160305345,harm
0.75,0.5,13.2,0.1775,0.0,0.1,0.04456404736275567,-0.004456404736275567,0.5,0.4920920021163616,-0.007907997883638385,-0.7907997883638385,0.12425,0.19318181818181818,harm
0.75,0.5,13.3,0.1775,0.0,0.1,0.04612486544671694,-0.004612486544671695,0.5,0.4917575852746328,-0.008242414725367186,-0.8242414725367186,0.12425,0.19360902255639098,harm
0.75,0.5,13.4,0.1775,0.0,0.1,0.04768568353067818,-0.004768568353067819,0.5,0.49141929472035484,-0.008580705279645162,-0.8580705279645162,0.12425,0.19402985074626866,harm
0.75,0.5,13.5,0.1775,0.0,0.1,0.04924650161463943,-0.004924650161463943,0.5,0.49107713242405027,-0.008922867575949733,-0.8922867575949733,0.12425,0.19444444444444445,harm
0.75,0.5,13.600000000000001,0.1775,0.0,0.1,0.050807319698600695,-0.00508073196986007,0.5,0.4907311004444621,-0.00926889955553789,-0.9268899555537891,0.12425,0.1948529411764706,harm
0.75,0.5,13.7,0.1775,0.0,0.1,0.05236813778256191,-0.005236813778256192,0.5,0.4903812009308465,-0.009618799069153527,-0.9618799069153527,0.12425,0.19525547445255476,harm
0.75,0.5,13.8,0.1775,0.0,0.1,0.05392895586652319,-0.005392895586652319,0.5,0.4900274361252881,-0.009972563874711904,-0.9972563874711904,0.12425,0.1956521739130435,harm
0.75,0.5,13.9,0.1775,0.0,0.1,0.055489773950484426,-0.005548977395048443,0.5,0.4896698083650395,-0.010330191634960517,-1.0330191634960517,0.12425,0.1960431654676259,harm
0.75,0.5,14.0,0.1775,0.0,0.1,0.05705059203444567,-0.005705059203444568,0.5,0.48930832008488223,-0.010691679915117769,-1.0691679915117769,0.12425,0.19642857142857142,harm
0.75,0.5,6.0,0.18,0.0,0.1,-0.0711206896551724,0.007112068965517241,0.5,0.5062222473315126,0.006222247331512554,0.6222247331512554,0.126,0.125,improvement
0.75,0.5,6.1,0.18,0.0,0.1,-0.06961206896551723,0.006961206896551724,0.5,0.5061772701749812,0.006177270174981153,0.6177270174981153,0.126,0.12704918032786883,improvement
0.75,0.5,6.2,0.18,0.0,0.1,-0.06810344827586205,0.006810344827586206,0.5,0.5061285230226636,0.006128523022663646,0.6128523022663646,0.126,0.12903225806451613,improvement
0.75,0.5,6.3,0.18,0.0,0.1,-0.06659482758620688,0.006659482758620688,0.5,0.5060760058183769,0.006076005818376862,0.6076005818376862,0.126,0.13095238095238093,improvement
0.75,0.5,6.4,0.18,0.0,0.1,-0.0650862068965517,0.00650862068965517,0.5,0.5060197184994688,0.006019718499468807,0.6019718499468807,0.126,0.1328125,improvement
0.75,0.5,6.5,0.18,0.0,0.1,-0.06357758620689653,0.006357758620689654,0.5,0.5059596609970489,0.005959660997048921,0.5959660997048921,0.126,0.1346153846153846,improvement
0.75,0.5,6.6,0.18,0.0,0.1,-0.062068965517241365,0.006206896551724137,0.5,0.505895833236243,0.005895833236242987,0.5895833236242987,0.126,0.13636363636363635,improvement
0.75,0.5,6.7,0.18,0.0,0.1,-0.06056034482758618,0.006056034482758619,0.5,0.505828235136474,0.005828235136474014,0.5828235136474014,0.126,0.13805970149253732,improvement
0.75,0.5,6.8,0.18,0.0,0.1,-0.05905172413793102,0.005905172413793102,0.5,0.5057568666117692,0.005756866611769218,0.5756866611769218,0.126,0.13970588235294118,improvement
0.75,0.5,6.9,0.18,0.0,0.1,-0.05754310344827583,0.0057543103448275835,0.5,0.5056817275710925,0.005681727571092532,0.5681727571092532,0.126,0.14130434782608697,improvement
0.75,0.5,7.0,0.18,0.0,0.1,-0.05603448275862067,0.005603448275862067,0.5,0.5056028179187029,0.005602817918702874,0.5602817918702874,0.126,0.14285714285714285,improvement
0.75,0.5,7.1,0.18,0.0,0.1,-0.05452586206896551,0.005452586206896551,0.5,0.5055201375545373,0.0055201375545372855,0.5520137554537285,0.126,0.14436619718309857,improvement
0.75,0.5,7.2,0.18,0.0,0.1,-0.05301724137931031,0.005301724137931032,0.5,0.5054336863746219,0.005433686374621938,0.5433686374621938,0.126,0.14583333333333334,improvement
0.75,0.5,7.3,0.18,0.0,0.1,-0.051508620689655164,0.005150862068965516,0.5,0.5053434642715067,0.0053434642715066705,0.534346427150667,0.126,0.14726027397260272,improvement
0.75,0.5,7.4,0.18,0.0,0.1,-0.04999999999999997,0.0049999999999999975,0.5,0.5052494711347266,0.005249471134726624,0.5249471134726624,0.126,0.14864864864864866,improvement
0.75,0.5,7.5,0.18,0.0,0.1,-0.04849137931034481,0.004849137931034482,0.5,0.5051517068512887,0.00515170685128874,0.515170685128874,0.126,0.15,improvement
0.75,0.5,7.6,0.18,0.0,0.1,-0.046982758620689645,0.004698275862068965,0.5,0.5050501713061855,0.005050171306185458,0.5050171306185458,0.126,0.1513157894736842,improvement
0.75,0.5,7.7,0.18,0.0,0.1,-0.04547413793103447,0.004547413793103447,0.5,0.5049448643829324,0.004944864382932401,0.4944864382932401,0.126,0.1525974025974026,improvement
0.75,0.5,7.8,0.18,0.0,0.1,-0.043965517241379294,0.00439655172413793,0.5,0.5048357859641328,0.0048357859641328105,0.48357859641328105,0.126,0.15384615384615385,improvement
0.75,0.5,7.9,0.18,0.0,0.1,-0.042456896551724126,0.004245689655172412,0.5,0.5047229359320684,0.004722935932068406,0.4722935932068406,0.126,0.1550632911392405,improvement
0.75,0.5,8.0,0.18,0.0,0.1,-0.04094827586206895,0.004094827586206895,0.5,0.5046063141693145,0.004606314169314452,0.46063141693144516,0.126,0.15625,improvement
0.75,0.5,8.1,0.18,0.0,0.1,-0.039439655172413775,0.003943965517241378,0.5,0.5044859205593819,0.004485920559381906,0.4485920559381906,0.126,0.15740740740740738,improvement
0.75,0.5,8.2,0.18,0.0,0.1,-0.03793103448275863,0.003793103448275863,0.5,0.5043617549873848,0.0043617549873847805,0.43617549873847805,0.126,0.15853658536585363,improvement
0.75,0.5,8.3,0.18,0.0,0.1,-0.03642241379310343,0.003642241379310343,0.5,0.5042338173407337,0.004233817340733692,0.4233817340733692,0.126,0.15963855421686748,improvement
0.75,0.5,8.4,0.18,0.0,0.1,-0.034913793103448255,0.0034913793103448255,0.5,0.5041021075098546,0.0041021075098546245,0.41021075098546245,0.126,0.1607142857142857,improvement
0.75,0.5,8.5,0.18,0.0,0.1,-0.03340517241379308,0.0033405172413793083,0.5,0.5039666253889343,0.003966625388934331,0.39666253889343306,0.126,0.16176470588235292,improvement
0.75,0.5,8.6,0.18,0.0,0.1,-0.03189655172413793,0.0031896551724137933,0.5,0.5038273708766912,0.0038273708766911607,0.38273708766911607,0.126,0.16279069767441862,improvement
0.75,0.5,8.7,0.18,0.0,0.1,-0.030387931034482757,0.0030387931034482757,0.5,0.5036843438771708,0.0036843438771707593,0.36843438771707593,0.126,0.16379310344827586,improvement
0.75,0.5,8.8,0.18,0.0,0.1,-0.02887931034482756,0.0028879310344827563,0.5,0.5035375443005696,0.0035375443005696283,0.35375443005696283,0.126,0.1647727272727273,improvement
0.75,0.5,8.9,0.18,0.0,0.1,-0.027370689655172385,0.0027370689655172387,0.5,0.5033869720640827,0.0033869720640826717,0.33869720640826717,0.126,0.1657303370786517,improvement
0.75,0.5,9.0,0.18,0.0,0.1,-0.025862068965517213,0.0025862068965517215,0.5,0.5032326270927772,0.0032326270927771628,0.3232627092777163,0.126,0.16666666666666669,improvement
0.75,0.5,9.1,0.18,0.0,0.1,-0.024353448275862062,0.0024353448275862065,0.5,0.5030745093204931,0.003074509320493135,0.3074509320493135,0.126,0.1675824175824176,improvement
0.75,0.5,9.2,0.18,0.0,0.1,-0.02284482758620689,0.0022844827586206893,0.5,0.5029126186907684,0.0029126186907684204,0.29126186907684204,0.126,0.16847826086956522,improvement
0.75,0.5,9.3,0.18,0.0,0.1,-0.021336206896551694,0.0021336206896551695,0.5,0.5027469551577906,0.0027469551577905538,0.2746955157790554,0.126,0.16935483870967744,improvement
0.75,0.5,9.4,0.18,0.0,0.1,-0.01982758620689652,0.001982758620689652,0.5,0.5025775186873738,0.00257751868737377,0.257751868737377,0.126,0.17021276595744683,improvement
0.75,0.5,9.5,0.18,0.0,0.1,-0.01831896551724137,0.0018318965517241373,0.5,0.5024043092579618,0.0024043092579617564,0.24043092579617564,0.126,0.17105263157894737,improvement
0.75,0.5,9.6,0.18,0.0,0.1,-0.016810344827586195,0.0016810344827586196,0.5,0.5022273268616573,0.002227326861657275,0.2227326861657275,0.126,0.171875,improvement
0.75,0.5,9.7,0.18,0.0,0.1,-0.015301724137931022,0.0015301724137931022,0.5,0.5020465715052757,0.0020465715052756517,0.20465715052756517,0.126,0.17268041237113402,improvement
0.75,0.5,9.8,0.18,0.0,0.1,-0.013793103448275825,0.0013793103448275826,0.5,0.5018620432114258,0.0018620432114258012,0.18620432114258012,0.126,0.17346938775510207,improvement
0.75,0.5,9.9,0.18,0.0,0.1,-0.012284482758620674,0.0012284482758620676,0.5,0.5016737420196162,0.0016737420196162311,0.16737420196162311,0.126,0.17424242424242425,improvement
0.75,0.5,10.0,0.18,0.0,0.1,-0.010775862068965502,0.0010775862068965502,0.5,0.5014816679873861,0.0014816679873861371,0.14816679873861371,0.126,0.175,improvement
0.75,0.5,10.100000000000001,0.18,0.0,0.1,-0.009267241379310304,0.0009267241379310305,0.5,0.5012858211914637,0.0012858211914636986,0.12858211914636986,0.126,0.17574257425742576,improvement
0.75,0.5,10.2,0.18,0.0,0.1,-0.007758620689655178,0.0007758620689655179,0.5,0.5010862017289484,0.001086201728948355,0.1086201728948355,0.126,0.1764705882352941,improvement
0.75,0.5,10.3,0.18,0.0,0.1,-0.006249999999999981,0.0006249999999999982,0.5,0.5008828097185198,0.0008828097185198391,0.08828097185198391,0.126,0.17718446601941748,improvement
0.75,0.5,10.4,0.18,0.0,0.1,-0.004741379310344808,0.00047413793103448076,0.5,0.5006756453016731,0.0006756453016730779,0.06756453016730779,0.126,0.1778846153846154,improvement
0.75,0.5,10.5,0.18,0.0,0.1,-0.003232758620689634,0.0003232758620689634,0.5,0.5004647086439769,0.0004647086439768522,0.04647086439768522,0.126,0.17857142857142858,improvement
0.75,0.5,10.600000000000001,0.18,0.0,0.1,-0.0017241379310344363,0.00017241379310344365,0.5,0.5002499999363605,0.0002499999363605454,0.02499999363605454,0.126,0.17924528301886794,improvement
0.75,0.5,10.7,0.18,0.0,0.1,-0.0002155172413793105,2.1551724137931053e-05,0.5,0.500031519396424,3.15193964239846e-05,0.0031519396423984603,0.126,0.17990654205607476,improvement
0.75,0.5,10.8,0.18,0.0,0.1,0.001293103448275887,-0.0001293103448275887,0.5,0.4998092672697745,-0.00019073273022551795,-0.019073273022551795,0.126,0.18055555555555558,harm
0.75,0.5,10.9,0.18,0.0,0.1,0.0028017241379310605,-0.00028017241379310604,0.5,0.49958324383138886,-0.0004167561686111432,-0.04167561686111432,0.126,0.1811926605504587,harm
0.75,0.5,11.0,0.18,0.0,0.1,0.00431034482758621,-0.00043103448275862106,0.5,0.4993534493870002,-0.0006465506129997856,-0.06465506129997856,0.126,0.18181818181818182,harm
0.75,0.5,11.100000000000001,0.18,0.0,0.1,0.005818965517241407,-0.0005818965517241408,0.5,0.49911988427451043,-0.000880115725489572,-0.0880115725489572,0.126,0.18243243243243246,harm
0.75,0.5,11.2,0.18,0.0,0.1,0.007327586206896558,-0.0007327586206896558,0.5,0.4988825488654281,-0.0011174511345719007,-0.11174511345719007,0.126,0.1830357142857143,harm
0.75,0.5,11.3,0.18,0.0,0.1,0.008836206896551756,-0.0008836206896551756,0.5,0.4986414435663318,-0.0013585564336682232,-0.13585564336682232,0.126,0.1836283185840708,harm
0.75,0.5,11.4,0.18,0.0,0.1,0.010344827586206928,-0.0010344827586206927,0.5,0.49839656882035777,-0.001603431179642234,-0.1603431179642234,0.126,0.1842105263157895,harm
0.75,0.5,11.5,0.18,0.0,0.1,0.011853448275862079,-0.001185344827586208,0.5,0.4981479251087133,-0.0018520748912866924,-0.18520748912866924,0.126,0.18478260869565216,harm
0.75,0.5,11.600000000000001,0.18,0.0,0.1,0.013362068965517275,-0.0013362068965517275,0.5,0.497895512952215,-0.0021044870477849864,-0.21044870477849864,0.126,0.1853448275862069,harm
0.75,0.5,11.7,0.18,0.0,0.1,0.014870689655172424,-0.0014870689655172426,0.5,0.49763933291285206,-0.0023606670871479385,-0.23606670871479385,0.126,0.1858974358974359,harm
0.75,0.5,11.8,0.18,0.0,0.1,0.016379310344827622,-0.0016379310344827624,0.5,0.49737938559537354,-0.0026206144046264646,-0.26206144046264646,0.126,0.1864406779661017,harm
0.75,0.5,11.9,0.18,0.0,0.1,0.017887931034482774,-0.0017887931034482774,0.5,0.4971156716489022,-0.002884328351097809,-0.2884328351097809,0.126,0.1869747899159664,harm
0.75,0.5,12.0,0.18,0.0,0.1,0.019396551724137946,-0.0019396551724137946,0.5,0.49684819176857076,-0.003151808231429243,-0.3151808231429243,0.126,0.1875,harm
0.75,0.5,12.100000000000001,0.18,0.0,0.1,0.020905172413793142,-0.002090517241379314,0.5,0.4965769466971845,-0.003423053302815504,-0.3423053302815504,0.126,0.18801652892561985,harm
0.75,0.5,12.2,0.18,0.0,0.1,0.02241379310344827,-0.002241379310344827,0.5,0.4963019372269075,-0.003698062773092481,-0.3698062773092481,0.126,0.1885245901639344,harm
0.75,0.5,12.3,0.18,0.0,0.1,0.02392241379310347,-0.002392241379310347,0.5,0.49602316420097337,-0.0039768357990266345,-0.39768357990266345,0.126,0.18902439024390244,harm
0.75,0.5,12.4,0.18,0.0,0.1,0.02543103448275864,-0.002543103448275864,0.5,0.4957406285154201,-0.004259371484579888,-0.4259371484579888,0.126,0.18951612903225806,harm
0.75,0.5,12.5,0.18,0.0,0.1,0.026939655172413812,-0.0026939655172413812,0.5,0.49545433112084925,-0.004545668879150755,-0.4545668879150755,0.126,0.19,harm
0.75,0.5,12.600000000000001,0.18,0.0,0.1,0.028448275862069012,-0.0028448275862069015,0.5,0.49516427302420907,-0.004835726975790933,-0.48357269757909327,0.126,0.19047619047619047,harm
0.75,0.5,12.7,0.18,0.0,0.1,0.029956896551724135,-0.002995689655172414,0.5,0.49487045529060125,-0.005129544709398748,-0.5129544709398748,0.126,0.19094488188976377,harm
0.75,0.5,12.8,0.18,0.0,0.1,0.03146551724137933,-0.0031465517241379332,0.5,0.4945728790451116,-0.005427120954888398,-0.5427120954888398,0.126,0.19140625,harm
0.75,0.5,12.9,0.18,0.0,0.1,0.03297413793103451,-0.003297413793103451,0.5,0.4942715454746641,-0.00572845452533588,-0.572845452533588,0.126,0.19186046511627908,harm
0.75,0.5,13.0,0.18,0.0,0.1,0.03448275862068968,-0.0034482758620689685,0.5,0.49396645582989884,-0.006033544170101157,-0.6033544170101157,0.126,0.1923076923076923,harm
0.75,0.5,13.100000000000001,0.18,0.0,0.1,0.03599137931034486,-0.003599137931034486,0.5,0.4936576114270723,-0.006342388572927682,-0.6342388572927682,0.126,0.19274809160305345,harm
0.75,0.5,13.2,0.18,0.0,0.1,0.037500000000000006,-0.0037500000000000007,0.5,0.4933450136499815,-0.006654986350018488,-0.6654986350018488,0.126,0.19318181818181818,harm
0.75,0.5,13.3,0.18,0.0,0.1,0.0390086206896552,-0.0039008620689655205,0.5,0.4930286639519109,-0.006971336048089083,-0.6971336048089083,0.126,0.19360902255639098,harm
0.75,0.5,13.4,0.18,0.0,0.1,0.04051724137931038,-0.004051724137931038,0.5,0.4927085638576014,-0.007291436142398577,-0.7291436142398577,0.126,0.19402985074626866,harm
0.75,0.5,13.5,0.18,0.0,0.1,0.042025862068965525,-0.004202586206896552,0.5,0.49238471496524294,-0.007615285034757058,-0.7615285034757058,0.126,0.19444444444444445,harm
0.75,0.5,13.600000000000001,0.18,0.0,0.1,0.04353448275862072,-0.004353448275862072,0.5,0.4920571189484881,-0.007942881051511919,-0.7942881051511919,0.126,0.1948529411764706,harm
0.75,0.5,13.7,0.18,0.0,0.1,0.045043103448275876,-0.004504310344827588,0.5,0.4917257775584889,-0.008274222441511103,-0.8274222441511103,0.126,0.19525547445255476,harm
0.75,0.5,13.8,0.18,0.0,0.1,0.04655172413793107,-0.004655172413793107,0.5,0.49139069262595503,-0.008609307374044972,-0.8609307374044972,0.126,0.1956521739130435,harm
0.75,0.5,13.9,0.18,0.0,0.1,0.04806034482758622,-0.004806034482758622,0.5,0.4910518660632336,-0.008948133936766411,-0.8948133936766411,0.126,0.1960431654676259,harm
0.75,0.5,14.0,0.18,0.0,0.1,0.049568965517241395,-0.00495689655172414,0.5,0.4907092998664105,-0.009290700133589513,-0.9290700133589513,0.126,0.19642857142857142,harm
0.75,0.5,6.0,0.1825,0.0,0.1,-0.0744336569579288,0.007443365695792881,0.5,0.5065120129957641,0.006512012995764094,0.6512012995764094,0.12774999999999997,0.125,improvement
0.75,0.5,6.1,0.1825,0.0,0.1,-0.07297734627831716,0.0072977346278317165,0.5,0.5064758166857106,0.0064758166857106225,0.6475816685710623,0.12774999999999997,0.12704918032786883,improvement
0.75,0.5,6.2,0.1825,0.0,0.1,-0.0715210355987055,0.00715210355987055,0.5,0.506435981321928,0.006435981321928019,0.6435981321928019,0.12774999999999997,0.12903225806451613,improvement
0.75,0.5,6.3,0.1825,0.0,0.1,-0.07006472491909385,0.007006472491909385,0.5,0.5063925068629647,0.006392506862964664,0.6392506862964664,0.12774999999999997,0.13095238095238093,improvement
0.75,0.5,6.4,0.1825,0.0,0.1,-0.06860841423948219,0.00686084142394822,0.5,0.5063453932607076,0.006345393260707599,0.6345393260707599,0.12774999999999997,0.1328125,improvement
0.75,0.5,6.5,0.1825,0.0,0.1,-0.06715210355987054,0.006715210355987055,0.5,0.506294640460544,0.006294640460543954,0.6294640460543954,0.12774999999999997,0.1346153846153846,improvement
0.75,0.5,6.6,0.1825,0.0,0.1,-0.0656957928802589,0.00656957928802589,0.5,0.5062402484015444,0.006240248401544357,0.6240248401544357,0.12774999999999997,0.13636363636363635,improvement
0.75,0.5,6.7,0.1825,0.0,0.1,-0.06423948220064725,0.006423948220064726,0.5,0.5061822170166695,0.0061822170166695445,0.6182217016669544,0.12774999999999997,0.13805970149253732,improvement
0.75,0.5,6.8,0.1825,0.0,0.1,-0.0627831715210356,0.006278317152103561,0.5,0.5061205462330007,0.006120546233000734,0.6120546233000734,0.12774999999999997,0.13970588235294118,improvement
0.75,0.5,6.9,0.1825,0.0,0.1,-0.06132686084142394,0.0061326860841423945,0.5,0.5060552359719921,0.00605523597199209,0.605523597199209,0.12774999999999997,0.14130434782608697,improvement
0.75,0.5,7.0,0.1825,0.0,0.1,-0.059870550161812294,0.00598705501618123,0.5,0.5059862861497479,0.005986286149747944,0.5986286149747944,0.12774999999999997,0.14285714285714285,improvement
0.75,0.5,7.1,0.1825,0.0,0.1,-0.05841423948220065,0.005841423948220065,0.5,0.505913696677321,0.005913696677321001,0.5913696677321001,0.12774999999999997,0.14436619718309857,improvement
0.75,0.5,7.2,0.1825,0.0,0.1,-0.05695792880258899,0.0056957928802588995,0.5,0.505837467461036,0.005837467461035972,0.5837467461035972,0.12774999999999997,0.14583333333333334,improvement
0.75,0.5,7.3,0.1825,0.0,0.1,-0.055501618122977346,0.005550161812297735,0.5,0.5057575984028346,0.005757598402834629,0.5757598402834629,0.12774999999999997,0.14726027397260272,improvement
0.75,0.5,7.4,0.1825,0.0,0.1,-0.054045307443365685,0.005404530744336569,0.5,0.5056740894006448,0.005674089400644844,0.5674089400644844,0.12774999999999997,0.14864864864864866,improvement
0.75,0.5,7.5,0.1825,0.0,0.1,-0.05258899676375403,0.005258899676375404,0.5,0.5055869403487725,0.005586940348772496,0.5586940348772496,0.12774999999999997,0.15,improvement
0.75,0.5,7.6,0.1825,0.0,0.1,-0.0511326860841424,0.00511326860841424,0.5,0.5054961511383173,0.005496151138317251,0.5496151138317251,0.12774999999999997,0.1513157894736842,improvement
0.75,0.5,7.7,0.1825,0.0,0.1,-0.04967637540453074,0.004967637540453074,0.5,0.5054017216576099,0.005401721657609881,0.5401721657609881,0.12774999999999997,0.1525974025974026,improvement
0.75,0.5,7.8,0.1825,0.0,0.1,-0.048220064724919104,0.00482200647249191,0.5,0.505303651792675,0.0053036517926750015,0.5303651792675002,0.12774999999999997,0.15384615384615385,improvement
0.75,0.5,7.9,0.1825,0.0,0.1,-0.04676375404530742,0.004676375404530742,0.5,0.5052019414277149,0.005201941427714907,0.5201941427714907,0.12774999999999997,0.1550632911392405,improvement
0.75,0.5,8.0,0.1825,0.0,0.1,-0.04530744336569579,0.004530744336569579,0.5,0.505096590445618,0.005096590445618054,0.5096590445618054,0.12774999999999997,0.15625,improvement
0.75,0.5,8.1,0.1825,0.0,0.1,-0.043851132686084156,0.004385113268608415,0.5,0.5049875987284901,0.0049875987284900836,0.49875987284900836,0.12774999999999997,0.15740740740740738,improvement
0.75,0.5,8.2,0.1825,0.0,0.1,-0.042394822006472495,0.00423948220064725,0.5,0.504874966158208,0.004874966158208038,0.48749661582080384,0.12774999999999997,0.15853658536585363,improvement
0.75,0.5,8.3,0.1825,0.0,0.1,-0.04093851132686081,0.004093851132686082,0.5,0.504758692616998,0.004758692616998017,0.4758692616998017,0.12774999999999997,0.15963855421686748,improvement
0.75,0.5,8.4,0.1825,0.0,0.1,-0.03948220064724918,0.003948220064724918,0.5,0.5046387779880361,0.004638777988036136,0.4638777988036136,0.12774999999999997,0.1607142857142857,improvement
0.75,0.5,8.5,0.1825,0.0,0.1,-0.03802588996763755,0.003802588996763755,0.5,0.504515222156072,0.00451522215607203,0.45152221560720296,0.12774999999999997,0.16176470588235292,improvement
0.75,0.5,8.6,0.1825,0.0,0.1,-0.036569579288025886,0.003656957928802589,0.5,0.5043880250080764,0.004388025008076446,0.4388025008076446,0.12774999999999997,0.16279069767441862,improvement
0.75,0.5,8.7,0.1825,0.0,0.1,-0.03511326860841425,0.0035113268608414254,0.5,0.5042571864339118,0.004257186433911819,0.42571864339118193,0.12774999999999997,0.16379310344827586,improvement
0.75,0.5,8.8,0.1825,0.0,0.1,-0.03365695792880257,0.0033656957928802573,0.5,0.5041227063270255,0.004122706327025494,0.4122706327025494,0.12774999999999997,0.1647727272727273,improvement
0.75,0.5,8.9,0.1825,0.0,0.1,-0.03220064724919092,0.0032200647249190917,0.5,0.5039845845851665,0.003984584585166484,0.3984584585166484,0.12774999999999997,0.1657303370786517,improvement
0.75,0.5,9.0,0.1825,0.0,0.1,-0.03074433656957928,0.0030744336569579283,0.5,0.5038428211111267,0.0038428211111266597,0.38428211111266597,0.12774999999999997,0.16666666666666669,improvement
0.75,0.5,9.1,0.1825,0.0,0.1,-0.029288025889967647,0.002928802588996765,0.5,0.5036974158135025,0.0036974158135024693,0.36974158135024693,0.12774999999999997,0.1675824175824176,improvement
0.75,0.5,9.2,0.1825,0.0,0.1,-0.02783171521035599,0.0027831715210355993,0.5,0.5035483686074829,0.0035483686074828658,0.3548368607482866,0.12774999999999997,0.16847826086956522,improvement
0.75,0.5,9.3,0.1825,0.0,0.1,-0.026375404530744308,0.002637540453074431,0.5,0.5033956794156582,0.003395679415658215,0.3395679415658215,0.12774999999999997,0.16935483870967744,improvement
0.75,0.5,9.4,0.1825,0.0,0.1,-0.024919093851132675,0.0024919093851132677,0.5,0.5032393481688537,0.0032393481688537396,0.32393481688537396,0.12774999999999997,0.17021276595744683,improvement
0.75,0.5,9.5,0.1825,0.0,0.1,-0.023462783171521017,0.0023462783171521017,0.5,0.5030793748069858,0.003079374806985835,0.3079374806985835,0.12774999999999997,0.17105263157894737,improvement
0.75,0.5,9.6,0.1825,0.0,0.1,-0.02200647249190938,0.0022006472491909383,0.5,0.5029157592799409,0.0029157592799409215,0.29157592799409215,0.12774999999999997,0.171875,improvement
0.75,0.5,9.7,0.1825,0.0,0.1,-0.020550161812297747,0.002055016181229775,0.5,0.5027485015484787,0.002748501548478721,0.2748501548478721,0.12774999999999997,0.17268041237113402,improvement
0.75,0.5,9.8,0.1825,0.0,0.1,-0.019093851132686065,0.0019093851132686067,0.5,0.5025776015851577,0.0025776015851577405,0.25776015851577405,0.12774999999999997,0.17346938775510207,improvement
0.75,0.5,9.9,0.1825,0.0,0.1,-0.017637540453074408,0.001763754045307441,0.5,0.5024030593752842,0.002403059375284178,0.24030593752841778,0.12774999999999997,0.17424242424242425,improvement
0.75,0.5,10.0,0.1825,0.0,0.1,-0.016181229773462775,0.0016181229773462775,0.5,0.5022248749178847,0.0022248749178847005,0.22248749178847005,0.12774999999999997,0.175,improvement
0.75,0.5,10.100000000000001,0.1825,0.0,0.1,-0.014724919093851093,0.0014724919093851094,0.5,0.5020430482267011,0.002043048226701094,0.2043048226701094,0.12774999999999997,0.17574257425742576,improvement
0.75,0.5,10.2,0.1825,0.0,0.1,-0.013268608414239482,0.0013268608414239483,0.5,0.5018575793312092,0.0018575793312092248,0.18575793312092248,0.12774999999999997,0.1764705882352941,improvement
0.75,0.5,10.3,0.1825,0.0,0.1,-0.0118122977346278,0.0011812297734627802,0.5,0.5016684682776604,0.0016684682776604287,0.16684682776604287,0.12774999999999997,0.17718446601941748,improvement
0.75,0.5,10.4,0.1825,0.0,0.1,-0.010355987055016167,0.0010355987055016167,0.5,0.501475715130147,0.0014757151301469928,0.14757151301469928,0.12774999999999997,0.1778846153846154,improvement
0.75,0.5,10.5,0.1825,0.0,0.1,-0.008899676375404533,0.0008899676375404533,0.5,0.5012793199716885,0.0012793199716885084,0.12793199716885084,0.12774999999999997,0.17857142857142858,improvement
0.75,0.5,10.600000000000001,0.1825,0.0,0.1,-0.007443365695792852,0.0007443365695792852,0.5,0.5010792829053445,0.0010792829053445363,0.10792829053445363,0.12774999999999997,0.17924528301886794,improvement
0.75,0.5,10.7,0.1825,0.0,0.1,-0.005987055016181241,0.0005987055016181241,0.5,0.5008756040553475,0.0008756040553474786,0.08756040553474786,0.12774999999999997,0.17990654205607476,improvement
0.75,0.5,10.8,0.1825,0.0,0.1,-0.004530744336569559,0.00045307443365695597,0.5,0.5006682835682599,0.0006682835682598753,0.06682835682598753,0.12774999999999997,0.18055555555555558,improvement
0.75,0.5,10.9,0.1825,0.0,0.1,-0.003074433656957902,0.0003074433656957902,0.5,0.5004573216141543,0.000457321614154349,0.0457321614154349,0.12774999999999997,0.1811926605504587,improvement
0.75,0.5,11.0,0.1825,0.0,0.1,-0.0016181229773462678,0.00016181229773462678,0.5,0.5002427183878169,0.00024271838781686483,0.024271838781686483,0.12774999999999997,0.18181818181818182,improvement
0.75,0.5,11.100000000000001,0.1825,0.0,0.1,-0.00016181229773458607,1.6181229773458608e-05,0.5,0.500024474109972,2.4474109971972524e-05,0.0024474109971972524,0.12774999999999997,0.18243243243243246,improvement
0.75,0.5,11.2,0.1825,0.0,0.1,0.0012944983818770238,-0.0001294498381877024,0.5,0.49980258902853225,-0.00019741097146774855,-0.019741097146774855,0.12774999999999997,0.1830357142857143,harm
0.75,0.5,11.3,0.1825,0.0,0.1,0.0027508090614887055,-0.00027508090614887054,0.5,0.4995770634198693,-0.0004229365801307061,-0.04229365801307061,0.12774999999999997,0.1836283185840708,harm
0.75,0.5,11.4,0.1825,0.0,0.1,0.0042071197411003396,-0.000420711974110034,0.5,0.49934789759010867,-0.0006521024098913308,-0.06521024098913308,0.12774999999999997,0.1842105263157895,harm
0.75,0.5,11.5,0.1825,0.0,0.1,0.005663430420711997,-0.0005663430420711997,0.5,0.4991150918764463,-0.0008849081235536849,-0.08849081235536849,0.12774999999999997,0.18478260869565216,harm
0.75,0.5,11.600000000000001,0.1825,0.0,0.1,0.007119741100323655,-0.0007119741100323656,0.5,0.49887864664848913,-0.0011213533515108676,-0.11213533515108676,0.12774999999999997,0.1853448275862069,harm
0.75,0.5,11.7,0.1825,0.0,0.1,0.008576051779935265,-0.0008576051779935266,0.5,0.49863856230961695,-0.0013614376903830494,-0.13614376903830494,0.12774999999999997,0.1858974358974359,harm
0.75,0.5,11.8,0.1825,0.0,0.1,0.010032362459546947,-0.0010032362459546948,0.5,0.4983948392983677,-0.0016051607016323022,-0.16051607016323022,0.12774999999999997,0.1864406779661017,harm
0.75,0.5,11.9,0.1825,0.0,0.1,0.011488673139158604,-0.0011488673139158606,0.5,0.49814747808984483,-0.0018525219101551693,-0.18525219101551693,0.12774999999999997,0.1869747899159664,harm
0.75,0.5,12.0,0.1825,0.0,0.1,0.01294498381877024,-0.001294498381877024,0.5,0.49789647919714786,-0.0021035208028521435,-0.21035208028521435,0.12774999999999997,0.1875,harm
0.75,0.5,12.100000000000001,0.1825,0.0,0.1,0.014401294498381921,-0.0014401294498381921,0.5,0.4976418431728239,-0.0023581568271761055,-0.23581568271761055,0.12774999999999997,0.18801652892561985,harm
0.75,0.5,12.2,0.1825,0.0,0.1,0.01585760517799353,-0.0015857605177993532,0.5,0.497383570610343,-0.0026164293896570046,-0.26164293896570046,0.12774999999999997,0.1885245901639344,harm
0.75,0.5,12.3,0.1825,0.0,0.1,0.01731391585760521,-0.0017313915857605213,0.5,0.4971216621455946,-0.0028783378544053884,-0.28783378544053884,0.12774999999999997,0.18902439024390244,harm
0.75,0.5,12.4,0.1825,0.0,0.1,0.018770226537216845,-0.0018770226537216845,0.5,0.4968561184584072,-0.0031438815415927857,-0.31438815415927857,0.12774999999999997,0.18951612903225806,harm
0.75,0.5,12.5,0.1825,0.0,0.1,0.02022653721682848,-0.002022653721682848,0.5,0.4965869402740886,-0.0034130597259113826,-0.34130597259113826,0.12774999999999997,0.19,harm
0.75,0.5,12.600000000000001,0.1825,0.0,0.1,0.021682847896440163,-0.0021682847896440163,0.5,0.49631412836498945,-0.0036858716350105514,-0.36858716350105514,0.12774999999999997,0.19047619047619047,harm
0.75,0.5,12.7,0.1825,0.0,0.1,0.023139158576051772,-0.002313915857605177,0.5,0.4960376835520882,-0.0039623164479117845,-0.39623164479117845,0.12774999999999997,0.19094488188976377,harm
0.75,0.5,12.8,0.1825,0.0,0.1,0.024595469255663454,-0.0024595469255663457,0.5,0.49575760670659713,-0.0042423932934028685,-0.42423932934028685,0.12774999999999997,0.19140625,harm
0.75,0.5,12.9,0.1825,0.0,0.1,0.02605177993527511,-0.0026051779935275113,0.5,0.49547389875159137,-0.004526101248408632,-0.45261012484086316,0.12774999999999997,0.19186046511627908,harm
0.75,0.5,13.0,0.1825,0.0,0.1,0.027508090614886745,-0.0027508090614886747,0.5,0.49518656066365807,-0.004813439336341929,-0.4813439336341929,0.12774999999999997,0.1923076923076923,harm
0.75,0.5,13.100000000000001,0.1825,0.0,0.1,0.028964401294498426,-0.002896440129449843,0.5,0.4948955934745679,-0.0051044065254320925,-0.5104406525432093,0.12774999999999997,0.19274809160305345,harm
0.75,0.5,13.2,0.1825,0.0,0.1,0.030420711974110035,-0.0030420711974110037,0.5,0.4946009982729672,-0.005399001727032782,-0.5399001727032782,0.12774999999999997,0.19318181818181818,harm
0.75,0.5,13.3,0.1825,0.0,0.1,0.03187702265372172,-0.0031877022653721723,0.5,0.4943027762060918,-0.0056972237939081904,-0.569722379390819,0.12774999999999997,0.19360902255639098,harm
0.75,0.5,13.4,0.1825,0.0,0.1,0.033333333333333354,-0.0033333333333333357,0.5,0.49400092848150123,-0.005999071518498766,-0.5999071518498766,0.12774999999999997,0.19402985074626866,harm
0.75,0.5,13.5,0.1825,0.0,0.1,0.03478964401294501,-0.003478964401294501,0.5,0.4936954563688346,-0.0063045436311653935,-0.6304543631165394,0.12774999999999997,0.19444444444444445,harm
0.75,0.5,13.600000000000001,0.1825,0.0,0.1,0.03624595469255667,-0.003624595469255667,0.5,0.493386361201586,-0.006613638798413979,-0.6613638798413979,0.12774999999999997,0.1948529411764706,harm
0.75,0.5,13.7,0.1825,0.0,0.1,0.03770226537216828,-0.003770226537216828,0.5,0.49307364437890183,-0.006926355621098168,-0.6926355621098168,0.12774999999999997,0.19525547445255476,harm
0.75,0.5,13.8,0.1825,0.0,0.1,0.03915857605177996,-0.003915857605177996,0.5,0.4927573073673971,-0.0072426926326029095,-0.724269263260291,0.12774999999999997,0.1956521739130435,harm
0.75,0.5,13.9,0.1825,0.0,0.1,0.04061488673139162,-0.004061488673139162,0.5,0.492437351702993,-0.00756264829700698,-0.756264829700698,0.12774999999999997,0.1960431654676259,harm
0.75,0.5,14.0,0.1825,0.0,0.1,0.04207119741100325,-0.004207119741100325,0.5,0.49211377899277386,-0.007886221007226135,-0.7886221007226135,0.12774999999999997,0.19642857142857142,harm
0.75,0.5,6.0,0.185,0.0,0.1,-0.07775377969762419,0.00777537796976242,0.5,0.5068023933947732,0.006802393394773176,0.6802393394773176,0.1295,0.125,improvement
0.75,0.5,6.1,0.185,0.0,0.1,-0.07634989200863931,0.007634989200863931,0.5,0.5067749961982344,0.0067749961982344065,0.6774996198234406,0.1295,0.12704918032786883,improvement
0.75,0.5,6.2,0.185,0.0,0.1,-0.07494600431965442,0.007494600431965443,0.5,0.5067440911499458,0.006744091149945786,0.6744091149945786,0.1295,0.12903225806451613,improvement
0.75,0.5,6.3,0.185,0.0,0.1,-0.07354211663066955,0.007354211663066955,0.5,0.5067096782239998,0.006709678223999815,0.6709678223999815,0.1295,0.13095238095238093,improvement
0.75,0.5,6.4,0.185,0.0,0.1,-0.07213822894168466,0.007213822894168467,0.5,0.5066717573877824,0.006671757387782362,0.6671757387782362,0.1295,0.1328125,improvement
0.75,0.5,6.5,0.185,0.0,0.1,-0.07073434125269978,0.007073434125269978,0.5,0.5066303286020724,0.006630328602072355,0.6630328602072355,0.1295,0.1346153846153846,improvement
0.75,0.5,6.6,0.185,0.0,0.1,-0.06933045356371491,0.006933045356371491,0.5,0.5065853918211626,0.006585391821162578,0.6585391821162578,0.1295,0.13636363636363635,improvement
0.75,0.5,6.7,0.185,0.0,0.1,-0.06792656587473,0.006792656587473001,0.5,0.5065369469929994,0.006536946992999448,0.6536946992999448,0.1295,0.13805970149253732,improvement
0.75,0.5,6.8,0.185,0.0,0.1,-0.06652267818574514,0.0066522678185745145,0.5,0.5064849940593457,0.006484994059345661,0.6484994059345661,0.1295,0.13970588235294118,improvement
0.75,0.5,6.9,0.185,0.0,0.1,-0.06511879049676024,0.0065118790496760245,0.5,0.5064295329559627,0.0064295329559627135,0.6429532955962713,0.1295,0.14130434782608697,improvement
0.75,0.5,7.0,0.185,0.0,0.1,-0.06371490280777538,0.006371490280777538,0.5,0.5063705636128131,0.006370563612813074,0.6370563612813074,0.1295,0.14285714285714285,improvement
0.75,0.5,7.1,0.185,0.0,0.1,-0.0623110151187905,0.006231101511879051,0.5,0.5063080859542854,0.006308085954285447,0.6308085954285447,0.1295,0.14436619718309857,improvement
0.75,0.5,7.2,0.185,0.0,0.1,-0.06090712742980561,0.0060907127429805615,0.5,0.5062420998994379,0.006242099899437914,0.6242099899437914,0.1295,0.14583333333333334,improvement
0.75,0.5,7.3,0.185,0.0,0.1,-0.05950323974082074,0.005950323974082074,0.5,0.5061726053622644,0.006172605362264383,0.6172605362264383,0.1295,0.14726027397260272,improvement
0.75,0.5,7.4,0.185,0.0,0.1,-0.05809935205183585,0.005809935205183585,0.5,0.5060996022519799,0.006099602251979919,0.6099602251979919,0.1295,0.14864864864864866,improvement
0.75,0.5,7.5,0.185,0.0,0.1,-0.056695464362850966,0.005669546436285097,0.5,0.5060230904733285,0.006023090473328496,0.6023090473328496,0.1295,0.15,improvement
0.75,0.5,7.6,0.185,0.0,0.1,-0.05529157667386609,0.005529157667386609,0.5,0.5059430699269092,0.0059430699269091836,0.5943069926909184,0.1295,0.1513157894736842,improvement
0.75,0.5,7.7,0.185,0.0,0.1,-0.0538876889848812,0.00538876889848812,0.5,0.5058595405095256,0.00585954050952564,0.585954050952564,0.1295,0.1525974025974026,improvement
0.75,0.5,7.8,0.185,0.0,0.1,-0.052483801295896325,0.005248380129589633,0.5,0.5057725021145545,0.00577250211455449,0.577250211455449,0.1295,0.15384615384615385,improvement
0.75,0.5,7.9,0.185,0.0,0.1,-0.051079913606911435,0.005107991360691144,0.5,0.5056819546323359,0.005681954632335895,0.5681954632335895,0.1295,0.1550632911392405,improvement
0.75,0.5,8.0,0.185,0.0,0.1,-0.04967602591792656,0.004967602591792656,0.5,0.505587897950583,0.0055878979505830095,0.558789795058301,0.1295,0.15625,improvement
0.75,0.5,8.1,0.185,0.0,0.1,-0.04827213822894169,0.00482721382289417,0.5,0.5054903319548143,0.005490331954814298,0.5490331954814298,0.1295,0.15740740740740738,improvement
0.75,0.5,8.2,0.185,0.0,0.1,-0.04686825053995682,0.004686825053995682,0.5,0.5053892565288057,0.00538925652880573,0.538925652880573,0.1295,0.15853658536585363,improvement
0.75,0.5,8.3,0.185,0.0,0.1,-0.045464362850971905,0.004546436285097191,0.5,0.5052846715550627,0.0052846715550627366,0.5284671555062737,0.1295,0.15963855421686748,improvement
0.75,0.5,8.4,0.185,0.0,0.1,-0.04406047516198704,0.004406047516198704,0.5,0.5051765769153147,0.005176576915314701,0.5176576915314701,0.1295,0.1607142857142857,improvement
0.75,0.5,8.5,0.185,0.0,0.1,-0.04265658747300216,0.004265658747300216,0.5,0.5050649724910297,0.005064972491029662,0.5064972491029662,0.1295,0.16176470588235292,improvement
0.75,0.5,8.6,0.185,0.0,0.1,-0.04125269978401729,0.004125269978401729,0.5,0.5049498581639487,0.004949858163948662,0.49498581639486616,0.1295,0.16279069767441862,improvement
0.75,0.5,8.7,0.185,0.0,0.1,-0.039848812095032396,0.003984881209503239,0.5,0.5048312338166425,0.004831233816642522,0.48312338166425217,0.1295,0.16379310344827586,improvement
0.75,0.5,8.8,0.185,0.0,0.1,-0.038444924406047506,0.0038444924406047507,0.5,0.5047090993330888,0.004709099333088829,0.47090993330888287,0.1295,0.1647727272727273,improvement
0.75,0.5,8.9,0.185,0.0,0.1,-0.03704103671706263,0.0037041036717062634,0.5,0.5045834545992691,0.004583454599269121,0.4583454599269121,0.1295,0.1657303370786517,improvement
0.75,0.5,9.0,0.185,0.0,0.1,-0.03563714902807776,0.0035637149028077764,0.5,0.504454299503788,0.004454299503787951,0.44542995037879507,0.1295,0.16666666666666669,improvement
0.75,0.5,9.1,0.185,0.0,0.1,-0.034233261339092866,0.003423326133909287,0.5,0.5043216339385111,0.004321633938511149,0.4321633938511149,0.1295,0.1675824175824176,improvement
0.75,0.5,9.2,0.185,0.0,0.1,-0.032829373650108,0.0032829373650108,0.5,0.5041854577992275,0.004185457799227521,0.4185457799227521,0.1295,0.16847826086956522,improvement
0.75,0.5,9.3,0.185,0.0,0.1,-0.0314254859611231,0.0031425485961123103,0.5,0.5040457709863284,0.004045770986328412,0.4045770986328412,0.1295,0.16935483870967744,improvement
0.75,0.5,9.4,0.185,0.0,0.1,-0.030021598272138208,0.003002159827213821,0.5,0.50390257340551,0.0039025734055100347,0.3902573405510035,0.1295,0.17021276595744683,improvement
0.75,0.5,9.5,0.185,0.0,0.1,-0.02861771058315334,0.0028617710583153343,0.5,0.503755864968496,0.0037558649684960033,0.3755864968496003,0.1295,0.17105263157894737,improvement
0.75,0.5,9.6,0.185,0.0,0.1,-0.027213822894168467,0.002721382289416847,0.5,0.5036056455937807,0.0036056455937807375,0.36056455937807375,0.1295,0.171875,improvement
0.75,0.5,9.7,0.185,0.0,0.1,-0.0258099352051836,0.00258099352051836,0.5,0.5034519152073931,0.0034519152073930748,0.3451915207393075,0.1295,0.17268041237113402,improvement
0.75,0.5,9.8,0.185,0.0,0.1,-0.024406047516198678,0.0024406047516198678,0.5,0.5032946737436823,0.003294673743682308,0.3294673743682308,0.1295,0.17346938775510207,improvement
0.75,0.5,9.9,0.185,0.0,0.1,-0.02300215982721381,0.002300215982721381,0.5,0.5031339211461228,0.0031339211461227645,0.31339211461227645,0.1295,0.17424242424242425,improvement
0.75,0.5,10.0,0.185,0.0,0.1,-0.021598272138228937,0.002159827213822894,0.5,0.5029696573681415,0.002969657368141476,0.2969657368141476,0.1295,0.175,improvement
0.75,0.5,10.100000000000001,0.185,0.0,0.1,-0.020194384449244044,0.0020194384449244043,0.5,0.5028018823739646,0.002801882373964615,0.2801882373964615,0.1295,0.17574257425742576,improvement
0.75,0.5,10.2,0.185,0.0,0.1,-0.018790496760259196,0.0018790496760259197,0.5,0.502630596139486,0.002630596139486019,0.2630596139486019,0.1295,0.1764705882352941,improvement
0.75,0.5,10.3,0.185,0.0,0.1,-0.01738660907127428,0.001738660907127428,0.5,0.5024557986531566,0.0024557986531565934,0.24557986531565934,0.1295,0.17718446601941748,improvement
0.75,0.5,10.4,0.185,0.0,0.1,-0.015982721382289407,0.0015982721382289409,0.5,0.5022774899168929,0.0022774899168929164,0.22774899168929164,0.1295,0.1778846153846154,improvement
0.75,0.5,10.5,0.185,0.0,0.1,-0.014578833693304536,0.0014578833693304537,0.5,0.5020956699470087,0.002095669947008716,0.2095669947008716,0.1295,0.17857142857142858,improvement
0.75,0.5,10.600000000000001,0.185,0.0,0.1,-0.01317494600431962,0.001317494600431962,0.5,0.5019103387751656,0.0019103387751655543,0.19103387751655543,0.1295,0.17924528301886794,improvement
0.75,0.5,10.7,0.185,0.0,0.1,-0.011771058315334771,0.0011771058315334772,0.5,0.5017214964493444,0.001721496449344384,0.1721496449344384,0.1295,0.17990654205607476,improvement
0.75,0.5,10.8,0.185,0.0,0.1,-0.010367170626349877,0.0010367170626349876,0.5,0.5015291430348388,0.0015291430348387536,0.15291430348387536,0.1295,0.18055555555555558,improvement
0.75,0.5,10.9,0.185,0.0,0.1,-0.008963282937365006,0.0008963282937365007,0.5,0.5013332786152678,0.0013332786152677745,0.13332786152677745,0.1295,0.1811926605504587,improvement
0.75,0.5,11.0,0.185,0.0,0.1,-0.0075593952483801125,0.0007559395248380113,0.5,0.5011339032936102,0.0011339032936101834,0.11339032936101834,0.1295,0.18181818181818182,improvement
0.75,0.5,11.100000000000001,0.185,0.0,0.1,-0.006155507559395218,0.0006155507559395218,0.5,0.5009310171932584,0.0009310171932583877,0.09310171932583877,0.1295,0.18243243243243246,improvement
0.75,0.5,11.2,0.185,0.0,0.1,-0.004751619870410372,0.0004751619870410372,0.5,0.5007246204590947,0.0007246204590947158,0.07246204590947158,0.1295,0.1830357142857143,improvement
0.75,0.5,11.3,0.185,0.0,0.1,-0.003347732181425477,0.0003347732181425477,0.5,0.5005147132585859,0.0005147132585858749,0.05147132585858749,0.1295,0.1836283185840708,improvement
0.75,0.5,11.4,0.185,0.0,0.1,-0.0019438444924405826,0.00019438444924405827,0.5,0.5003012957829002,0.00030129578290016834,0.030129578290016834,0.1295,0.1842105263157895,improvement
0.75,0.5,11.5,0.185,0.0,0.1,-0.0005399568034557121,5.399568034557121e-05,0.5,0.5000843682480443,8.436824804425314e-05,0.008436824804425314,0.1295,0.18478260869565216,improvement
0.75,0.5,11.600000000000001,0.185,0.0,0.1,0.0008639308855291825,-8.639308855291825e-05,0.5,0.4998639308960202,-0.00013606910397978567,-0.013606910397978567,0.1295,0.1853448275862069,harm
0.75,0.5,11.7,0.185,0.0,0.1,0.002267818574514029,-0.00022678185745140289,0.5,0.4996399839960031,-0.00036001600399687694,-0.036001600399687694,0.1295,0.1858974358974359,harm
0.75,0.5,11.8,0.185,0.0,0.1,0.0036717062634989473,-0.00036717062634989474,0.5,0.4994125278455398,-0.0005874721544602002,-0.05874721544602002,0.1295,0.1864406779661017,harm
0.75,0.5,11.9,0.185,0.0,0.1,0.005075593952483818,-0.0005075593952483819,0.5,0.49918156277176706,-0.0008184372282329377,-0.08184372282329377,0.1295,0.1869747899159664,harm
0.75,0.5,12.0,0.185,0.0,0.1,0.0064794816414686885,-0.0006479481641468689,0.5,0.4989470891326504,-0.001052910867349599,-0.1052910867349599,0.1295,0.1875,harm
0.75,0.5,12.100000000000001,0.185,0.0,0.1,0.007883369330453582,-0.0007883369330453583,0.5,0.49870910731824325,-0.00129089268175675,-0.129089268175675,0.1295,0.18801652892561985,harm
0.75,0.5,12.2,0.185,0.0,0.1,0.00928725701943843,-0.000928725701943843,0.5,0.4984676177519666,-0.001532382248033426,-0.1532382248033426,0.1295,0.1885245901639344,harm
0.75,0.5,12.3,0.185,0.0,0.1,0.010691144708423347,-0.0010691144708423349,0.5,0.4982226208919077,-0.0017773791080922807,-0.17773791080922807,0.1295,0.18902439024390244,harm
0.75,0.5,12.4,0.185,0.0,0.1,0.012095032397408218,-0.0012095032397408218,0.5,0.4979741172321407,-0.0020258827678593105,-0.20258827678593105,0.1295,0.18951612903225806,harm
0.75,0.5,12.5,0.185,0.0,0.1,0.013498920086393088,-0.001349892008639309,0.5,0.49772210730406496,-0.0022778926959350354,-0.22778926959350354,0.1295,0.19,harm
0.75,0.5,12.600000000000001,0.185,0.0,0.1,0.014902807775378007,-0.0014902807775378007,0.5,0.49746659167776597,-0.002533408322234032,-0.2533408322234032,0.1295,0.19047619047619047,harm
0.75,0.5,12.7,0.185,0.0,0.1,0.016306695464362853,-0.0016306695464362855,0.5,0.4972075709633935,-0.002792429036606481,-0.2792429036606481,0.1295,0.19094488188976377,harm
0.75,0.5,12.8,0.185,0.0,0.1,0.01771058315334775,-0.001771058315334775,0.5,0.49694504581256194,-0.0030549541874380637,-0.30549541874380637,0.1295,0.19140625,harm
0.75,0.5,12.9,0.185,0.0,0.1,0.01911447084233262,-0.001911447084233262,0.5,0.49667901691976835,-0.0033209830802316542,-0.3320983080231654,0.1295,0.19186046511627908,harm
0.75,0.5,13.0,0.185,0.0,0.1,0.02051835853131749,-0.002051835853131749,0.5,0.49640948502383164,-0.0035905149761683575,-0.35905149761683575,0.1295,0.1923076923076923,harm
0.75,0.5,13.100000000000001,0.185,0.0,0.1,0.021922246220302408,-0.0021922246220302407,0.5,0.49613645090935043,-0.003863549090649565,-0.3863549090649565,0.1295,0.19274809160305345,harm
0.75,0.5,13.2,0.185,0.0,0.1,0.023326133909287255,-0.0023326133909287255,0.5,0.49585991540818086,-0.004140084591819138,-0.41400845918191376,0.1295,0.19318181818181818,harm
0.75,0.5,13.3,0.185,0.0,0.1,0.02473002159827215,-0.002473002159827215,0.5,0.4955798794009335,-0.0044201205990664905,-0.44201205990664905,0.1295,0.19360902255639098,harm
0.75,0.5,13.4,0.185,0.0,0.1,0.026133909287257045,-0.0026133909287257046,0.5,0.4952963438184894,-0.004703656181510585,-0.4703656181510585,0.1295,0.19402985074626866,harm
0.75,0.5,13.5,0.185,0.0,0.1,0.027537796976241913,-0.0027537796976241915,0.5,0.49500930964353584,-0.004990690356464156,-0.4990690356464156,0.1295,0.19444444444444445,harm
0.75,0.5,13.600000000000001,0.185,0.0,0.1,0.02894168466522681,-0.002894168466522681,0.5,0.49471877791212,-0.005281222087880011,-0.5281222087880011,0.1295,0.1948529411764706,harm
0.75,0.5,13.7,0.185,0.0,0.1,0.030345572354211654,-0.0030345572354211654,0.5,0.4944247497152232,-0.005575250284776789,-0.5575250284776789,0.1295,0.19525547445255476,harm
0.75,0.5,13.8,0.185,0.0,0.1,0.03174946004319657,-0.003174946004319657,0.5,0.4941272262003522,-0.00587277379964779,-0.587277379964779,0.1295,0.1956521739130435,harm
0.75,0.5,13.9,0.185,0.0,0.1,0.03315334773218145,-0.003315334773218145,0.5,0.4938262085731504,-0.006173791426849595,-0.6173791426849595,0.1295,0.1960431654676259,harm
0.75,0.5,14.0,0.185,0.0,0.1,0.034557235421166316,-0.003455723542116632,0.5,0.4935216980990267,-0.006478301900973316,-0.6478301900973316,0.1295,0.19642857142857142,harm
0.75,0.5,6.0,0.1875,0.0,0.1,-0.08108108108108109,0.008108108108108109,0.5,0.5070933899892613,0.007093389989261345,0.7093389989261345,0.13125,0.125,improvement
0.75,0.5,6.1,0.1875,0.0,0.1,-0.07972972972972973,0.007972972972972973,0.5,0.5070748101799759,0.00707481017997591,0.707481017997591,0.13125,0.12704918032786883,improvement
0.75,0.5,6.2,0.1875,0.0,0.1,-0.07837837837837838,0.00783783783783784,0.5,0.5070528539774366,0.007052853977436602,0.7052853977436602,0.13125,0.12903225806451613,improvement
0.75,0.5,6.3,0.1875,0.0,0.1,-0.07702702702702703,0.007702702702702704,0.5,0.5070275213718247,0.007027521371824719,0.7027521371824719,0.13125,0.13095238095238093,improvement
0.75,0.5,6.4,0.1875,0.0,0.1,-0.07567567567567567,0.007567567567567567,0.5,0.5069988123467043,0.006998812346704297,0.6998812346704297,0.13125,0.1328125,improvement
0.75,0.5,6.5,0.1875,0.0,0.1,-0.07432432432432433,0.007432432432432433,0.5,0.5069667268790673,0.006966726879067298,0.6966726879067298,0.13125,0.1346153846153846,improvement
0.75,0.5,6.6,0.1875,0.0,0.1,-0.07297297297297298,0.007297297297297298,0.5,0.5069312649393991,0.006931264939399107,0.6931264939399107,0.13125,0.13636363636363635,improvement
0.75,0.5,6.7,0.1875,0.0,0.1,-0.07162162162162163,0.007162162162162163,0.5,0.5068924264917611,0.006892426491761139,0.6892426491761139,0.13125,0.13805970149253732,improvement
0.75,0.5,6.8,0.1875,0.0,0.1,-0.07027027027027027,0.007027027027027028,0.5,0.5068502114938926,0.006850211493892644,0.6850211493892644,0.13125,0.13970588235294118,improvement
0.75,0.5,6.9,0.1875,0.0,0.1,-0.06891891891891891,0.006891891891891891,0.5,0.5068046198973304,0.006804619897330388,0.6804619897330388,0.13125,0.14130434782608697,improvement
0.75,0.5,7.0,0.1875,0.0,0.1,-0.06756756756756757,0.006756756756756757,0.5,0.5067556516475478,0.006755651647547767,0.6755651647547767,0.13125,0.14285714285714285,improvement
0.75,0.5,7.1,0.1875,0.0,0.1,-0.06621621621621622,0.0066216216216216225,0.5,0.5067033066841111,0.006703306684111121,0.6703306684111121,0.13125,0.14436619718309857,improvement
0.75,0.5,7.2,0.1875,0.0,0.1,-0.06486486486486487,0.006486486486486487,0.5,0.5066475849408556,0.0066475849408556,0.66475849408556,0.13125,0.14583333333333334,improvement
0.75,0.5,7.3,0.1875,0.0,0.1,-0.06351351351351352,0.006351351351351352,0.5,0.5065884863460792,0.006588486346079225,0.6588486346079225,0.13125,0.14726027397260272,improvement
0.75,0.5,7.4,0.1875,0.0,0.1,-0.06216216216216216,0.006216216216216216,0.5,0.5065260108227548,0.006526010822754835,0.6526010822754835,0.13125,0.14864864864864866,improvement
0.75,0.5,7.5,0.1875,0.0,0.1,-0.060810810810810814,0.006081081081081081,0.5,0.5064601582887613,0.006460158288761342,0.6460158288761342,0.13125,0.15,improvement
0.75,0.5,7.6,0.1875,0.0,0.1,-0.05945945945945946,0.005945945945945947,0.5,0.5063909286571331,0.006390928657133088,0.6390928657133088,0.13125,0.1513157894736842,improvement
0.75,0.5,7.7,0.1875,0.0,0.1,-0.058108108108108104,0.0058108108108108104,0.5,0.5063183218363276,0.006318321836327634,0.6318321836327634,0.13125,0.1525974025974026,improvement
0.75,0.5,7.8,0.1875,0.0,0.1,-0.05675675675675676,0.005675675675675677,0.5,0.5062423377305125,0.006242337730512526,0.6242337730512526,0.13125,0.15384615384615385,improvement
0.75,0.5,7.9,0.1875,0.0,0.1,-0.0554054054054054,0.00554054054054054,0.5,0.5061629762398694,0.006162976239869389,0.6162976239869389,0.13125,0.1550632911392405,improvement
0.75,0.5,8.0,0.1875,0.0,0.1,-0.05405405405405406,0.005405405405405406,0.5,0.5060802372609186,0.006080237260918553,0.6080237260918553,0.13125,0.15625,improvement
0.75,0.5,8.1,0.1875,0.0,0.1,-0.052702702702702706,0.005270270270270271,0.5,0.5059941206868597,0.005994120686859672,0.5994120686859672,0.13125,0.15740740740740738,improvement
0.75,0.5,8.2,0.1875,0.0,0.1,-0.05135135135135136,0.0051351351351351365,0.5,0.5059046264079332,0.005904626407933211,0.5904626407933211,0.13125,0.15853658536585363,improvement
0.75,0.5,8.3,0.1875,0.0,0.1,-0.04999999999999999,0.004999999999999999,0.5,0.5058117543117986,0.005811754311798589,0.5811754311798589,0.13125,0.15963855421686748,improvement
0.75,0.5,8.4,0.1875,0.0,0.1,-0.048648648648648644,0.004864864864864865,0.5,0.5057155042839325,0.0057155042839325265,0.5715504283932527,0.13125,0.1607142857142857,improvement
0.75,0.5,8.5,0.1875,0.0,0.1,-0.0472972972972973,0.00472972972972973,0.5,0.505615876208044,0.005615876208044046,0.5615876208044046,0.13125,0.16176470588235292,improvement
0.75,0.5,8.6,0.1875,0.0,0.1,-0.04594594594594595,0.004594594594594595,0.5,0.5055128699665099,0.0055128699665099035,0.5512869966509903,0.13125,0.16279069767441862,improvement
0.75,0.5,8.7,0.1875,0.0,0.1,-0.044594594594594604,0.004459459459459461,0.5,0.5054064854408274,0.0054064854408274465,0.5406485440827447,0.13125,0.16379310344827586,improvement
0.75,0.5,8.8,0.1875,0.0,0.1,-0.04324324324324323,0.0043243243243243235,0.5,0.5052967225120857,0.005296722512085683,0.5296722512085683,0.13125,0.1647727272727273,improvement
0.75,0.5,8.9,0.1875,0.0,0.1,-0.04189189189189189,0.004189189189189189,0.5,0.5051835810614564,0.005183581061456444,0.5183581061456444,0.13125,0.1657303370786517,improvement
0.75,0.5,9.0,0.1875,0.0,0.1,-0.04054054054054054,0.004054054054054054,0.5,0.5050670609707022,0.005067060970702197,0.5067060970702197,0.13125,0.16666666666666669,improvement
0.75,0.5,9.1,0.1875,0.0,0.1,-0.03918918918918919,0.00391891891891892,0.5,0.5049471621227041,0.004947162122704074,0.4947162122704074,0.13125,0.1675824175824176,improvement
0.75,0.5,9.2,0.1875,0.0,0.1,-0.03783783783783785,0.003783783783783785,0.5,0.504823884402007,0.004823884402006984,0.4823884402006984,0.13125,0.16847826086956522,improvement
0.75,0.5,9.3,0.1875,0.0,0.1,-0.036486486486486475,0.003648648648648648,0.5,0.5046972276953845,0.004697227695384498,0.4697227695384498,0.13125,0.16935483870967744,improvement
0.75,0.5,9.4,0.1875,0.0,0.1,-0.03513513513513513,0.003513513513513513,0.5,0.5045671918924222,0.004567191892422162,0.4567191892422162,0.13125,0.17021276595744683,improvement
0.75,0.5,9.5,0.1875,0.0,0.1,-0.033783783783783786,0.0033783783783783786,0.5,0.5044337768861178,0.004433776886117791,0.44337768861177906,0.13125,0.17105263157894737,improvement
0.75,0.5,9.6,0.1875,0.0,0.1,-0.032432432432432434,0.0032432432432432435,0.5,0.5042969825735031,0.004296982573503083,0.4296982573503083,0.13125,0.171875,improvement
0.75,0.5,9.7,0.1875,0.0,0.1,-0.03108108108108109,0.0031081081081081093,0.5,0.5041568088562813,0.0041568088562813355,0.41568088562813355,0.13125,0.17268041237113402,improvement
0.75,0.5,9.8,0.1875,0.0,0.1,-0.02972972972972972,0.002972972972972972,0.5,0.5040132556414845,0.00401325564148447,0.401325564148447,0.13125,0.17346938775510207,improvement
0.75,0.5,9.9,0.1875,0.0,0.1,-0.028378378378378373,0.0028378378378378375,0.5,0.5038663228421496,0.0038663228421496054,0.38663228421496054,0.13125,0.17424242424242425,improvement
0.75,0.5,10.0,0.1875,0.0,0.1,-0.02702702702702703,0.002702702702702703,0.5,0.5037160103780134,0.00371601037801339,0.371601037801339,0.13125,0.175,improvement
0.75,0.5,10.100000000000001,0.1875,0.0,0.1,-0.025675675675675656,0.0025675675675675656,0.5,0.5035623181762241,0.0035623181762240996,0.35623181762240996,0.13125,0.17574257425742576,improvement
0.75,0.5,10.2,0.1875,0.0,0.1,-0.024324324324324333,0.0024324324324324336,0.5,0.5034052461720735,0.003405246172073495,0.3405246172073495,0.13125,0.1764705882352941,improvement
0.75,0.5,10.3,0.1875,0.0,0.1,-0.022972972972972964,0.0022972972972972964,0.5,0.5032447943097476,0.0032447943097475562,0.3244794309747556,0.13125,0.17718446601941748,improvement
0.75,0.5,10.4,0.1875,0.0,0.1,-0.021621621621621616,0.0021621621621621618,0.5,0.5030809625430939,0.003080962543093868,0.3080962543093868,0.13125,0.1778846153846154,improvement
0.75,0.5,10.5,0.1875,0.0,0.1,-0.02027027027027027,0.002027027027027027,0.5,0.50291375083641,0.0029137508364099896,0.29137508364099896,0.13125,0.17857142857142858,improvement
0.75,0.5,10.600000000000001,0.1875,0.0,0.1,-0.0189189189189189,0.00189189189189189,0.5,0.5027431591652478,0.0027431591652478104,0.27431591652478104,0.13125,0.17924528301886794,improvement
0.75,0.5,10.7,0.1875,0.0,0.1,-0.017567567567567575,0.0017567567567567577,0.5,0.5025691875172391,0.002569187517239113,0.2569187517239113,0.13125,0.17990654205607476,improvement
0.75,0.5,10.8,0.1875,0.0,0.1,-0.016216216216216207,0.0016216216216216207,0.5,0.5023918358929369,0.0023918358929369,0.23918358929369,0.13125,0.18055555555555558,improvement
0.75,0.5,10.9,0.1875,0.0,0.1,-0.01486486486486486,0.001486486486486486,0.5,0.5022111043066779,0.0022111043066779246,0.22111043066779246,0.13125,0.1811926605504587,improvement
0.75,0.5,11.0,0.1875,0.0,0.1,-0.013513513513513514,0.0013513513513513514,0.5,0.5020269927874617,0.0020269927874616567,0.20269927874616567,0.13125,0.18181818181818182,improvement
0.75,0.5,11.100000000000001,0.1875,0.0,0.1,-0.012162162162162144,0.0012162162162162144,0.5,0.5018395013798482,0.0018395013798482296,0.18395013798482296,0.13125,0.18243243243243246,improvement
0.75,0.5,11.2,0.1875,0.0,0.1,-0.01081081081081082,0.001081081081081082,0.5,0.5016486301448759,0.0016486301448759288,0.16486301448759288,0.13125,0.1830357142857143,improvement
0.75,0.5,11.3,0.1875,0.0,0.1,-0.00945945945945945,0.000945945945945945,0.5,0.5014543791609956,0.0014543791609955559,0.1454379160995556,0.13125,0.1836283185840708,improvement
0.75,0.5,11.4,0.1875,0.0,0.1,-0.008108108108108103,0.0008108108108108103,0.5,0.5012567485250243,0.0012567485250243315,0.12567485250243315,0.13125,0.1842105263157895,improvement
0.75,0.5,11.5,0.1875,0.0,0.1,-0.006756756756756757,0.0006756756756756757,0.5,0.501055738353118,0.0010557383531180076,0.10557383531180076,0.13125,0.18478260869565216,improvement
0.75,0.5,11.600000000000001,0.1875,0.0,0.1,-0.005405405405405387,0.0005405405405405387,0.5,0.5008513487817605,0.0008513487817605192,0.08513487817605192,0.13125,0.1853448275862069,improvement
0.75,0.5,11.7,0.1875,0.0,0.1,-0.004054054054054064,0.0004054054054054064,0.5,0.5006435799687731,0.000643579968773067,0.0643579968773067,0.13125,0.1858974358974359,improvement
0.75,0.5,11.8,0.1875,0.0,0.1,-0.0027027027027026933,0.00027027027027026935,0.5,0.5004324320943416,0.0004324320943416282,0.04324320943416282,0.13125,0.1864406779661017,improvement
0.75,0.5,11.9,0.1875,0.0,0.1,-0.0013513513513513467,0.00013513513513513468,0.5,0.500217905362061,0.00021790536206101052,0.021790536206101052,0.13125,0.1869747899159664,improvement
0.75,0.5,12.0,0.1875,0.0,0.1,0.0,-0.0,0.5,0.5,0.0,0.0,0.13125,0.1875,zero
0.75,0.5,12.100000000000001,0.1875,0.0,0.1,0.0013513513513513705,-0.00013513513513513706,0.5,0.4997787162617815,-0.0002212837382185029,-0.02212837382185029,0.13125,0.18801652892561985,harm
0.75,0.5,12.2,0.1875,0.0,0.1,0.0027027027027026933,-0.00027027027027026935,0.5,0.4995540544276841,-0.00044594557231592,-0.044594557231592,0.13125,0.1885245901639344,harm
0.75,0.5,12.3,0.1875,0.0,0.1,0.004054054054054064,-0.0004054054054054064,0.5,0.4993260148057588,-0.0006739851942412223,-0.06739851942412223,0.13125,0.18902439024390244,harm
0.75,0.5,12.4,0.1875,0.0,0.1,0.00540540540540541,-0.000540540540540541,0.5,0.49909459773296655,-0.0009054022670334505,-0.09054022670334505,0.13125,0.18951612903225806,harm
0.75,0.5,12.5,0.1875,0.0,0.1,0.006756756756756757,-0.0006756756756756757,0.5,0.49885980357633175,-0.0011401964236682494,-0.11401964236682494,0.13125,0.19,harm
0.75,0.5,12.600000000000001,0.1875,0.0,0.1,0.008108108108108128,-0.0008108108108108128,0.5,0.498621632734115,-0.0013783672658850277,-0.13783672658850277,0.13125,0.19047619047619047,harm
0.75,0.5,12.7,0.1875,0.0,0.1,0.00945945945945945,-0.000945945945945945,0.5,0.49838008563700337,-0.0016199143629966328,-0.16199143629966328,0.13125,0.19094488188976377,harm
0.75,0.5,12.8,0.1875,0.0,0.1,0.01081081081081082,-0.001081081081081082,0.5,0.49813516274931846,-0.0018648372506815392,-0.18648372506815392,0.13125,0.19140625,harm
0.75,0.5,12.9,0.1875,0.0,0.1,0.012162162162162166,-0.0012162162162162168,0.5,0.4978868645702429,-0.002113135429757107,-0.2113135429757107,0.13125,0.19186046511627908,harm
0.75,0.5,13.0,0.1875,0.0,0.1,0.013513513513513514,-0.0013513513513513514,0.5,0.49763519163506376,-0.002364808364936244,-0.2364808364936244,0.13125,0.1923076923076923,harm
0.75,0.5,13.100000000000001,0.1875,0.0,0.1,0.014864864864864885,-0.0014864864864864887,0.5,0.49738014451643464,-0.0026198554835653587,-0.26198554835653587,0.13125,0.19274809160305345,harm
0.75,0.5,13.2,0.1875,0.0,0.1,0.016216216216216207,-0.0016216216216216207,0.5,0.49712172382565495,-0.0028782761743450513,-0.28782761743450513,0.13125,0.19318181818181818,harm
0.75,0.5,13.3,0.1875,0.0,0.1,0.017567567567567575,-0.0017567567567567577,0.5,0.49685993021396635,-0.00314006978603365,-0.314006978603365,0.13125,0.19360902255639098,harm
0.75,0.5,13.4,0.1875,0.0,0.1,0.018918918918918923,-0.0018918918918918925,0.5,0.49659476437386785,-0.0034052356261321526,-0.34052356261321526,0.13125,0.19402985074626866,harm
0.75,0.5,13.5,0.1875,0.0,0.1,0.02027027027027027,-0.002027027027027027,0.5,0.49632622704044693,-0.0036737729595530677,-0.36737729595530677,0.13125,0.19444444444444445,harm
0.75,0.5,13.600000000000001,0.1875,0.0,0.1,0.02162162162162164,-0.002162162162162164,0.5,0.4960543189927296,-0.003945681007270385,-0.3945681007270385,0.13125,0.1948529411764706,harm
0.75,0.5,13.7,0.1875,0.0,0.1,0.022972972972972964,-0.0022972972972972964,0.5,0.4957790410550463,-0.004220958944953723,-0.4220958944953723,0.13125,0.19525547445255476,harm
0.75,0.5,13.8,0.1875,0.0,0.1,0.024324324324324333,-0.0024324324324324336,0.5,0.4955003940984155,-0.004499605901584491,-0.44996059015844914,0.13125,0.1956521739130435,harm
0.75,0.5,13.9,0.1875,0.0,0.1,0.02567567567567568,-0.0025675675675675682,0.5,0.49521837904194516,-0.004781620958054844,-0.4781620958054844,0.13125,0.1960431654676259,harm
0.75,0.5,14.0,0.1875,0.0,0.1,0.02702702702702703,-0.002702702702702703,0.5,0.4949329968542496,-0.005067003145750426,-0.5067003145750426,0.13125,0.19642857142857142,harm
0.75,0.5,6.0,0.19,0.0,0.1,-0.08441558441558442,0.008441558441558443,0.5,0.5073850042418997,0.007385004241899695,0.7385004241899695,0.133,0.125,improvement
0.75,0.5,6.1,0.19,0.0,0.1,-0.08311688311688312,0.008311688311688312,0.5,0.5073752600999044,0.007375260099904413,0.7375260099904413,0.133,0.12704918032786883,improvement
0.75,0.5,6.2,0.19,0.0,0.1,-0.08181818181818182,0.008181818181818182,0.5,0.5073622712762121,0.00736227127621214,0.736227127621214,0.133,0.12903225806451613,improvement
0.75,0.5,6.3,0.19,0.0,0.1,-0.08051948051948052,0.008051948051948052,0.5,0.5073460377773666,0.007346037777366643,0.7346037777366643,0.133,0.13095238095238093,improvement
0.75,0.5,6.4,0.19,0.0,0.1,-0.07922077922077922,0.007922077922077922,0.5,0.5073265596035048,0.007326559603504812,0.7326559603504812,0.133,0.1328125,improvement
0.75,0.5,6.5,0.19,0.0,0.1,-0.07792207792207792,0.007792207792207792,0.5,0.5073038367483567,0.007303836748356662,0.7303836748356662,0.133,0.1346153846153846,improvement
0.75,0.5,6.6,0.19,0.0,0.1,-0.07662337662337664,0.007662337662337664,0.5,0.5072778691992614,0.007277869199261433,0.7277869199261433,0.133,0.13636363636363635,improvement
0.75,0.5,6.7,0.19,0.0,0.1,-0.07532467532467534,0.007532467532467534,0.5,0.5072486569372007,0.00724865693720067,0.724865693720067,0.133,0.13805970149253732,improvement
0.75,0.5,6.8,0.19,0.0,0.1,-0.07402597402597404,0.007402597402597404,0.5,0.5072161999368472,0.00721619993684719,0.721619993684719,0.133,0.13970588235294118,improvement
0.75,0.5,6.9,0.19,0.0,0.1,-0.07272727272727272,0.007272727272727273,0.5,0.507180498166631,0.007180498166631022,0.7180498166631022,0.133,0.14130434782608697,improvement
0.75,0.5,7.0,0.19,0.0,0.1,-0.07142857142857142,0.007142857142857143,0.5,0.5071415515888203,0.00714155158882035,0.714155158882035,0.133,0.14285714285714285,improvement
0.75,0.5,7.1,0.19,0.0,0.1,-0.07012987012987013,0.0070129870129870125,0.5,0.5070993601596212,0.007099360159621204,0.7099360159621204,0.133,0.14436619718309857,improvement
0.75,0.5,7.2,0.19,0.0,0.1,-0.06883116883116883,0.006883116883116883,0.5,0.5070539238292913,0.007053923829291264,0.7053923829291264,0.133,0.14583333333333334,improvement
0.75,0.5,7.3,0.19,0.0,0.1,-0.06753246753246753,0.006753246753246753,0.5,0.5070052425422709,0.007005242542270862,0.7005242542270862,0.133,0.14726027397260272,improvement
0.75,0.5,7.4,0.19,0.0,0.1,-0.06623376623376623,0.006623376623376623,0.5,0.5069533162373312,0.006953316237331197,0.6953316237331197,0.133,0.14864864864864866,improvement
0.75,0.5,7.5,0.19,0.0,0.1,-0.06493506493506494,0.006493506493506495,0.5,0.5068981448477381,0.006898144847738097,0.6898144847738097,0.133,0.15,improvement
0.75,0.5,7.6,0.19,0.0,0.1,-0.06363636363636364,0.006363636363636365,0.5,0.5068397283014315,0.006839728301431536,0.6839728301431536,0.133,0.1513157894736842,improvement
0.75,0.5,7.7,0.19,0.0,0.1,-0.062337662337662345,0.006233766233766235,0.5,0.5067780665212231,0.006778066521223147,0.6778066521223147,0.133,0.1525974025974026,improvement
0.75,0.5,7.8,0.19,0.0,0.1,-0.061038961038961045,0.0061038961038961045,0.5,0.5067131594250094,0.006713159425009385,0.6713159425009385,0.133,0.15384615384615385,improvement
0.75,0.5,7.9,0.19,0.0,0.1,-0.059740259740259746,0.005974025974025975,0.5,0.5066450069260005,0.006645006926000452,0.6645006926000452,0.133,0.1550632911392405,improvement
0.75,0.5,8.0,0.19,0.0,0.1,-0.05844155844155845,0.005844155844155845,0.5,0.5065736089329667,0.006573608932966657,0.6573608932966657,0.133,0.15625,improvement
0.75,0.5,8.1,0.19,0.0,0.1,-0.05714285714285714,0.005714285714285714,0.5,0.506498965350501,0.006498965350500985,0.6498965350500985,0.133,0.15740740740740738,improvement
0.75,0.5,8.2,0.19,0.0,0.1,-0.055844155844155856,0.005584415584415586,0.5,0.5064210760792973,0.0064210760792973165,0.6421076079297316,0.133,0.15853658536585363,improvement
0.75,0.5,8.3,0.19,0.0,0.1,-0.05454545454545454,0.005454545454545455,0.5,0.5063399410164462,0.006339941016446193,0.6339941016446193,0.133,0.15963855421686748,improvement
0.75,0.5,8.4,0.19,0.0,0.1,-0.053246753246753244,0.005324675324675325,0.5,0.506255560055746,0.006255560055746012,0.6255560055746012,0.133,0.1607142857142857,improvement
0.75,0.5,8.5,0.19,0.0,0.1,-0.051948051948051945,0.005194805194805195,0.5,0.5061679330880315,0.006167933088031541,0.6167933088031541,0.133,0.16176470588235292,improvement
0.75,0.5,8.6,0.19,0.0,0.1,-0.050649350649350645,0.005064935064935065,0.5,0.5060770600015181,0.0060770600015180865,0.6077060001518086,0.133,0.16279069767441862,improvement
0.75,0.5,8.7,0.19,0.0,0.1,-0.04935064935064937,0.004935064935064937,0.5,0.5059829406821625,0.005982940682162541,0.5982940682162541,0.133,0.16379310344827586,improvement
0.75,0.5,8.8,0.19,0.0,0.1,-0.04805194805194805,0.004805194805194805,0.5,0.5058855750140413,0.0058855750140413,0.58855750140413,0.133,0.1647727272727273,improvement
0.75,0.5,8.9,0.19,0.0,0.1,-0.04675324675324675,0.004675324675324675,0.5,0.5057849628797433,0.005784962879743283,0.5784962879743283,0.133,0.1657303370786517,improvement
0.75,0.5,9.0,0.19,0.0,0.1,-0.04545454545454545,0.004545454545454545,0.5,0.5056811041607808,0.0056811041607808255,0.5681104160780825,0.133,0.16666666666666669,improvement
0.75,0.5,9.1,0.19,0.0,0.1,-0.04415584415584417,0.004415584415584417,0.5,0.5055739987380163,0.005573998738016339,0.5573998738016339,0.133,0.1675824175824176,improvement
0.75,0.5,9.2,0.19,0.0,0.1,-0.04285714285714287,0.004285714285714288,0.5,0.5054636464921052,0.005463646492105179,0.5463646492105179,0.133,0.16847826086956522,improvement
0.75,0.5,9.3,0.19,0.0,0.1,-0.041558441558441545,0.004155844155844155,0.5,0.5053500473039565,0.0053500473039564955,0.5350047303956496,0.133,0.16935483870967744,improvement
0.75,0.5,9.4,0.19,0.0,0.1,-0.04025974025974027,0.0040259740259740275,0.5,0.5052332010552077,0.005233201055207748,0.5233201055207748,0.133,0.17021276595744683,improvement
0.75,0.5,9.5,0.19,0.0,0.1,-0.038961038961038974,0.0038961038961038974,0.5,0.5051131076287187,0.005113107628718749,0.5113107628718749,0.133,0.17105263157894737,improvement
0.75,0.5,9.6,0.19,0.0,0.1,-0.03766233766233767,0.003766233766233767,0.5,0.5049897669090805,0.004989766909080484,0.4989766909080484,0.133,0.171875,improvement
0.75,0.5,9.7,0.19,0.0,0.1,-0.03636363636363637,0.0036363636363636372,0.5,0.5048631787831398,0.004863178783139799,0.4863178783139799,0.133,0.17268041237113402,improvement
0.75,0.5,9.8,0.19,0.0,0.1,-0.03506493506493507,0.003506493506493507,0.5,0.504733343140543,0.004733343140542967,0.4733343140542967,0.133,0.17346938775510207,improvement
0.75,0.5,9.9,0.19,0.0,0.1,-0.03376623376623377,0.003376623376623377,0.5,0.5046002598742932,0.004600259874293244,0.46002598742932443,0.133,0.17424242424242425,improvement
0.75,0.5,10.0,0.19,0.0,0.1,-0.03246753246753247,0.0032467532467532474,0.5,0.5044639288813262,0.004463928881326185,0.44639288813261846,0.133,0.175,improvement
0.75,0.5,10.100000000000001,0.19,0.0,0.1,-0.031168831168831148,0.003116883116883115,0.5,0.5043243500631013,0.004324350063101279,0.4324350063101279,0.133,0.17574257425742576,improvement
0.75,0.5,10.2,0.19,0.0,0.1,-0.029870129870129873,0.0029870129870129877,0.5,0.5041815233262099,0.004181523326209913,0.4181523326209913,0.133,0.1764705882352941,improvement
0.75,0.5,10.3,0.19,0.0,0.1,-0.02857142857142857,0.002857142857142857,0.5,0.5040354485829999,0.004035448582999868,0.40354485829998676,0.133,0.17718446601941748,improvement
0.75,0.5,10.4,0.19,0.0,0.1,-0.02727272727272727,0.0027272727272727275,0.5,0.5038861257522163,0.0038861257522162518,0.3886125752216252,0.133,0.1778846153846154,improvement
0.75,0.5,10.5,0.19,0.0,0.1,-0.025974025974025972,0.0025974025974025974,0.5,0.5037335547596593,0.0037335547596593077,0.37335547596593077,0.133,0.17857142857142858,improvement
0.75,0.5,10.600000000000001,0.19,0.0,0.1,-0.024675324675324673,0.0024675324675324673,0.5,0.503577735538858,0.0035777355388579846,0.35777355388579846,0.133,0.17924528301886794,improvement
0.75,0.5,10.7,0.19,0.0,0.1,-0.0233766233766234,0.00233766233766234,0.5,0.5034186680317604,0.0034186680317603857,0.34186680317603857,0.133,0.17990654205607476,improvement
0.75,0.5,10.8,0.19,0.0,0.1,-0.02207792207792207,0.002207792207792207,0.5,0.503256352189441,0.003256352189440981,0.3256352189440981,0.133,0.18055555555555558,improvement
0.75,0.5,10.9,0.19,0.0,0.1,-0.020779220779220772,0.0020779220779220775,0.5,0.5030907879728235,0.003090787972823472,0.3090787972823472,0.133,0.1811926605504587,improvement
0.75,0.5,11.0,0.19,0.0,0.1,-0.019480519480519497,0.0019480519480519498,0.5,0.5029219753534215,0.0029219753534215354,0.29219753534215354,0.133,0.18181818181818182,improvement
0.75,0.5,11.100000000000001,0.19,0.0,0.1,-0.018181818181818174,0.0018181818181818175,0.5,0.5027499143140935,0.002749914314093549,0.2749914314093549,0.133,0.18243243243243246,improvement
0.75,0.5,11.2,0.19,0.0,0.1,-0.0168831168831169,0.00168831168831169,0.5,0.502574604849817,0.002574604849816975,0.2574604849816975,0.133,0.1830357142857143,improvement
0.75,0.5,11.3,0.19,0.0,0.1,-0.015584415584415574,0.0015584415584415576,0.5,0.5023960469684765,0.0023960469684765062,0.23960469684765062,0.133,0.1836283185840708,improvement
0.75,0.5,11.4,0.19,0.0,0.1,-0.014285714285714297,0.0014285714285714299,0.5,0.5022142406916694,0.0022142406916694224,0.22142406916694224,0.133,0.1842105263157895,improvement
0.75,0.5,11.5,0.19,0.0,0.1,-0.012987012987012998,0.0012987012987013,0.5,0.5020291860555288,0.00202918605552882,0.202918605552882,0.133,0.18478260869565216,improvement
0.75,0.5,11.600000000000001,0.19,0.0,0.1,-0.011688311688311675,0.0011688311688311675,0.5,0.5018408831115607,0.0018408831115607205,0.18408831115607205,0.133,0.1853448275862069,improvement
0.75,0.5,11.7,0.19,0.0,0.1,-0.010389610389610398,0.0010389610389610398,0.5,0.5016493319274989,0.0016493319274989426,0.16493319274989426,0.133,0.1858974358974359,improvement
0.75,0.5,11.8,0.19,0.0,0.1,-0.0090909090909091,0.00090909090909091,0.5,0.5014545325881771,0.001454532588177071,0.1454532588177071,0.133,0.1864406779661017,improvement
0.75,0.5,11.9,0.19,0.0,0.1,-0.007792207792207799,0.00077922077922078,0.5,0.5012564851964149,0.0012564851964148582,0.12564851964148582,0.133,0.1869747899159664,improvement
0.75,0.5,12.0,0.19,0.0,0.1,-0.006493506493506499,0.00064935064935065,0.5,0.5010551898739228,0.001055189873922835,0.10551898739228349,0.133,0.1875,improvement
0.75,0.5,12.100000000000001,0.19,0.0,0.1,-0.005194805194805175,0.0005194805194805175,0.5,0.5008506467622216,0.0008506467622215741,0.08506467622215741,0.133,0.18801652892561985,improvement
0.75,0.5,12.2,0.19,0.0,0.1,-0.0038961038961038996,0.00038961038961039,0.5,0.5006428560235792,0.0006428560235791636,0.06428560235791636,0.133,0.1885245901639344,improvement
0.75,0.5,12.3,0.19,0.0,0.1,-0.0025974025974025996,0.00025974025974025996,0.5,0.5004318178419623,0.0004318178419623342,0.04318178419623342,0.133,0.18902439024390244,improvement
0.75,0.5,12.4,0.19,0.0,0.1,-0.0012987012987012998,0.00012987012987012998,0.5,0.5002175324240065,0.00021753242400646133,0.021753242400646133,0.133,0.18951612903225806,improvement
0.75,0.5,12.5,0.19,0.0,0.1,0.0,-0.0,0.5,0.5,0.0,0.0,0.133,0.19,zero
0.75,0.5,12.600000000000001,0.19,0.0,0.1,0.0012987012987012998,-0.00012987012987012998,0.5,0.49977922082488596,-0.00022077917511403866,-0.022077917511403866,0.133,0.19047619047619047,harm
0.75,0.5,12.7,0.19,0.0,0.1,0.0025974025974025757,-0.00025974025974025757,0.5,0.49955519517927893,-0.00044480482072106753,-0.04448048207210675,0.133,0.19094488188976377,harm
0.75,0.5,12.8,0.19,0.0,0.1,0.0038961038961038996,-0.00038961038961039,0.5,0.49932792337049847,-0.0006720766295015279,-0.06720766295015279,0.133,0.19140625,harm
0.75,0.5,12.9,0.19,0.0,0.1,0.005194805194805199,-0.0005194805194805199,0.5,0.4990974057336189,-0.0009025942663811182,-0.09025942663811182,0.133,0.19186046511627908,harm
0.75,0.5,13.0,0.19,0.0,0.1,0.006493506493506499,-0.00064935064935065,0.5,0.49886364263253424,-0.0011363573674657568,-0.11363573674657568,0.133,0.1923076923076923,harm
0.75,0.5,13.100000000000001,0.19,0.0,0.1,0.007792207792207799,-0.00077922077922078,0.5,0.49862663446104016,-0.0013733655389598365,-0.13733655389598365,0.133,0.19274809160305345,harm
0.75,0.5,13.2,0.19,0.0,0.1,0.009090909090909075,-0.0009090909090909076,0.5,0.4983863816439307,-0.001613618356069324,-0.1613618356069324,0.133,0.19318181818181818,harm
0.75,0.5,13.3,0.19,0.0,0.1,0.010389610389610398,-0.0010389610389610398,0.5,0.4981428846381118,-0.0018571153618882064,-0.18571153618882064,0.133,0.19360902255639098,harm
0.75,0.5,13.4,0.19,0.0,0.1,0.011688311688311675,-0.0011688311688311675,0.5,0.4978961439337305,-0.002103856066269505,-0.2103856066269505,0.133,0.19402985074626866,harm
0.75,0.5,13.5,0.19,0.0,0.1,0.012987012987012974,-0.0012987012987012974,0.5,0.4976461600553194,-0.0023538399446805802,-0.23538399446805802,0.133,0.19444444444444445,harm
0.75,0.5,13.600000000000001,0.19,0.0,0.1,0.014285714285714297,-0.0014285714285714299,0.5,0.49739293356295716,-0.0026070664370428376,-0.26070664370428376,0.133,0.1948529411764706,harm
0.75,0.5,13.7,0.19,0.0,0.1,0.015584415584415574,-0.0015584415584415576,0.5,0.49713646505344455,-0.002863534946555446,-0.2863534946555446,0.133,0.19525547445255476,harm
0.75,0.5,13.8,0.19,0.0,0.1,0.016883116883116875,-0.0016883116883116877,0.5,0.4968767551614966,-0.003123244838503403,-0.3123244838503403,0.133,0.1956521739130435,harm
0.75,0.5,13.9,0.19,0.0,0.1,0.018181818181818174,-0.0018181818181818175,0.5,0.496613804560949,-0.0033861954390509985,-0.33861954390509985,0.133,0.1960431654676259,harm
0.75,0.5,14.0,0.19,0.0,0.1,0.019480519480519473,-0.0019480519480519474,0.5,0.4963476139659815,-0.0036523860340185177,-0.36523860340185177,0.133,0.19642857142857142,harm
0.75,0.5,6.0,0.1925,0.0,0.1,-0.08775731310942579,0.00877573131094258,0.5,0.50767723761729,0.00767723761729,0.767723761729,0.13475,0.125,improvement
0.75,0.5,6.1,0.1925,0.0,0.1,-0.08651137594799567,0.008651137594799567,0.5,0.5076763474285106,0.007676347428510644,0.7676347428510644,0.13475,0.12704918032786883,improvement
0.75,0.5,6.2,0.1925,0.0,0.1,-0.08526543878656555,0.008526543878656555,0.5,0.5076723445191461,0.007672344519146113,0.7672344519146113,0.13475,0.12903225806451613,improvement
0.75,0.5,6.3,0.1925,0.0,0.1,-0.08401950162513543,0.008401950162513543,0.5,0.5076652289121012,0.007665228912101196,0.7665228912101196,0.13475,0.13095238095238093,improvement
0.75,0.5,6.4,0.1925,0.0,0.1,-0.0827735644637053,0.00827735644637053,0.5,0.5076550006241938,0.007655000624193775,0.7655000624193775,0.13475,0.1328125,improvement
0.75,0.5,6.5,0.1925,0.0,0.1,-0.0815276273022752,0.00815276273022752,0.5,0.5076416596661154,0.007641659666115408,0.7641659666115408,0.13475,0.1346153846153846,improvement
0.75,0.5,6.6,0.1925,0.0,0.1,-0.08028169014084507,0.008028169014084508,0.5,0.507625206042407,0.007625206042407018,0.7625206042407018,0.13475,0.13636363636363635,improvement
0.75,0.5,6.7,0.1925,0.0,0.1,-0.07903575297941495,0.007903575297941496,0.5,0.507605639751448,0.007605639751448012,0.7605639751448012,0.13475,0.13805970149253732,improvement
0.75,0.5,6.8,0.1925,0.0,0.1,-0.07778981581798483,0.0077789815817984834,0.5,0.5075829607854605,0.007582960785460502,0.7582960785460502,0.13475,0.13970588235294118,improvement
0.75,0.5,6.9,0.1925,0.0,0.1,-0.07654387865655471,0.007654387865655471,0.5,0.507557169130528,0.007557169130527952,0.7557169130527952,0.13475,0.14130434782608697,improvement
0.75,0.5,7.0,0.1925,0.0,0.1,-0.0752979414951246,0.007529794149512461,0.5,0.5075282647666282,0.007528264766628157,0.7528264766628157,0.13475,0.14285714285714285,improvement
0.75,0.5,7.1,0.1925,0.0,0.1,-0.07405200433369448,0.007405200433369449,0.5,0.5074962476676804,0.007496247667680422,0.7496247667680422,0.13475,0.14436619718309857,improvement
0.75,0.5,7.2,0.1925,0.0,0.1,-0.07280606717226436,0.0072806067172264365,0.5,0.5074611178016082,0.007461117801608186,0.7461117801608186,0.13475,0.14583333333333334,improvement
0.75,0.5,7.3,0.1925,0.0,0.1,-0.07156013001083424,0.007156013001083424,0.5,0.5074228751304151,0.007422875130415063,0.7422875130415063,0.13475,0.14726027397260272,improvement
0.75,0.5,7.4,0.1925,0.0,0.1,-0.07031419284940411,0.007031419284940412,0.5,0.5073815196102753,0.007381519610275333,0.7381519610275333,0.13475,0.14864864864864866,improvement
0.75,0.5,7.5,0.1925,0.0,0.1,-0.069068255687974,0.006906825568797401,0.5,0.5073370511916401,0.007337051191640076,0.7337051191640076,0.13475,0.15,improvement
0.75,0.5,7.6,0.1925,0.0,0.1,-0.06782231852654388,0.006782231852654389,0.5,0.5072894698193565,0.00728946981935652,0.728946981935652,0.13475,0.1513157894736842,improvement
0.75,0.5,7.7,0.1925,0.0,0.1,-0.06657638136511376,0.006657638136511376,0.5,0.5072387754328023,0.007238775432802269,0.7238775432802269,0.13475,0.1525974025974026,improvement
0.75,0.5,7.8,0.1925,0.0,0.1,-0.06533044420368364,0.006533044420368364,0.5,0.5071849679660347,0.007184967966034739,0.7184967966034739,0.13475,0.15384615384615385,improvement
0.75,0.5,7.9,0.1925,0.0,0.1,-0.06408450704225352,0.006408450704225352,0.5,0.5071280473479534,0.007128047347953359,0.7128047347953359,0.13475,0.1550632911392405,improvement
0.75,0.5,8.0,0.1925,0.0,0.1,-0.06283856988082341,0.006283856988082342,0.5,0.5070680135024785,0.007068013502478543,0.7068013502478543,0.13475,0.15625,improvement
0.75,0.5,8.1,0.1925,0.0,0.1,-0.06159263271939329,0.0061592632719393295,0.5,0.507004866348743,0.007004866348742977,0.7004866348742977,0.13475,0.15740740740740738,improvement
0.75,0.5,8.2,0.1925,0.0,0.1,-0.06034669555796318,0.006034669555796318,0.5,0.5069386058012989,0.006938605801298903,0.6938605801298903,0.13475,0.15853658536585363,improvement
0.75,0.5,8.3,0.1925,0.0,0.1,-0.05910075839653304,0.005910075839653304,0.5,0.5068692317703389,0.006869231770338935,0.6869231770338935,0.13475,0.15963855421686748,improvement
0.75,0.5,8.4,0.1925,0.0,0.1,-0.057854821235102924,0.005785482123510293,0.5,0.5067967441619319,0.006796744161931878,0.6796744161931878,0.13475,0.1607142857142857,improvement
0.75,0.5,8.5,0.1925,0.0,0.1,-0.05660888407367281,0.005660888407367282,0.5,0.5067211428782736,0.006721142878273634,0.6721142878273634,0.13475,0.16176470588235292,improvement
0.75,0.5,8.6,0.1925,0.0,0.1,-0.055362946912242694,0.005536294691224269,0.5,0.5066424278179509,0.00664242781795088,0.664242781795088,0.13475,0.16279069767441862,improvement
0.75,0.5,8.7,0.1925,0.0,0.1,-0.05411700975081257,0.005411700975081257,0.5,0.5065605988762204,0.006560598876220403,0.6560598876220403,0.13475,0.16379310344827586,improvement
0.75,0.5,8.8,0.1925,0.0,0.1,-0.052871072589382444,0.005287107258938245,0.5,0.506475655945304,0.006475655945303971,0.6475655945303971,0.13475,0.1647727272727273,improvement
0.75,0.5,8.9,0.1925,0.0,0.1,-0.05162513542795234,0.005162513542795235,0.5,0.5063875989146951,0.006387598914695092,0.6387598914695092,0.13475,0.1657303370786517,improvement
0.75,0.5,9.0,0.1925,0.0,0.1,-0.050379198266522214,0.005037919826652222,0.5,0.5062964276714831,0.006296427671483085,0.6296427671483085,0.13475,0.16666666666666669,improvement
0.75,0.5,9.1,0.1925,0.0,0.1,-0.04913326110509209,0.004913326110509209,0.5,0.5062021421006893,0.006202142100689256,0.6202142100689256,0.13475,0.1675824175824176,improvement
0.75,0.5,9.2,0.1925,0.0,0.1,-0.04788732394366199,0.0047887323943662,0.5,0.5061047420856195,0.006104742085619508,0.6104742085619508,0.13475,0.16847826086956522,improvement
0.75,0.5,9.3,0.1925,0.0,0.1,-0.04664138678223186,0.004664138678223187,0.5,0.5060042275082302,0.006004227508230153,0.6004227508230153,0.13475,0.16935483870967744,improvement
0.75,0.5,9.4,0.1925,0.0,0.1,-0.045395449620801734,0.004539544962080174,0.5,0.5059005982495095,0.005900598249509503,0.5900598249509503,0.13475,0.17021276595744683,improvement
0.75,0.5,9.5,0.1925,0.0,0.1,-0.04414951245937163,0.004414951245937163,0.5,0.5057938541898723,0.005793854189872327,0.5793854189872327,0.13475,0.17105263157894737,improvement
0.75,0.5,9.6,0.1925,0.0,0.1,-0.042903575297941504,0.00429035752979415,0.5,0.5056839952095706,0.005683995209570636,0.5683995209570636,0.13475,0.171875,improvement
0.75,0.5,9.7,0.1925,0.0,0.1,-0.04165763813651138,0.004165763813651138,0.5,0.5055710211891175,0.005571021189117453,0.5571021189117453,0.13475,0.17268041237113402,improvement
0.75,0.5,9.8,0.1925,0.0,0.1,-0.040411700975081254,0.004041170097508126,0.5,0.505454932009727,0.00545493200972702,0.545493200972702,0.13475,0.17346938775510207,improvement
0.75,0.5,9.9,0.1925,0.0,0.1,-0.03916576381365115,0.0039165763813651154,0.5,0.5053357275537669,0.005335727553766878,0.5335727553766878,0.13475,0.17424242424242425,improvement
0.75,0.5,10.0,0.1925,0.0,0.1,-0.037919826652221024,0.0037919826652221024,0.5,0.5052134077052272,0.005213407705227158,0.5213407705227158,0.13475,0.175,improvement
0.75,0.5,10.100000000000001,0.1925,0.0,0.1,-0.0366738894907909,0.00366738894907909,0.5,0.5050879723502029,0.005087972350202863,0.5087972350202863,0.13475,0.17574257425742576,improvement
0.75,0.5,10.2,0.1925,0.0,0.1,-0.0354279523293608,0.00354279523293608,0.5,0.5049594213773912,0.004959421377391249,0.4959421377391249,0.13475,0.1764705882352941,improvement
0.75,0.5,10.3,0.1925,0.0,0.1,-0.03418201516793067,0.0034182015167930676,0.5,0.5048277546786033,0.004827754678603302,0.4827754678603302,0.13475,0.17718446601941748,improvement
0.75,0.5,10.4,0.1925,0.0,0.1,-0.032936078006500544,0.0032936078006500545,0.5,0.5046929721492908,0.004692972149290764,0.4692972149290764,0.13475,0.1778846153846154,improvement
0.75,0.5,10.5,0.1925,0.0,0.1,-0.03169014084507042,0.0031690140845070424,0.5,0.5045550736890864,0.004555073689086364,0.4555073689086364,0.13475,0.17857142857142858,improvement
0.75,0.5,10.600000000000001,0.1925,0.0,0.1,-0.030444203683640293,0.0030444203683640293,0.5,0.50441405920236,0.004414059202360043,0.44140592023600433,0.13475,0.17924528301886794,improvement
0.75,0.5,10.7,0.1925,0.0,0.1,-0.029198266522210192,0.0029198266522210193,0.5,0.5042699285987882,0.004269928598788164,0.4269928598788164,0.13475,0.17990654205607476,improvement
0.75,0.5,10.8,0.1925,0.0,0.1,-0.027952329360780064,0.0027952329360780067,0.5,0.5041226817939388,0.0041226817939388205,0.41226817939388205,0.13475,0.18055555555555558,improvement
0.75,0.5,10.9,0.1925,0.0,0.1,-0.026706392199349963,0.0026706392199349963,0.5,0.5039723187098709,0.0039723187098709145,0.39723187098709145,0.13475,0.1811926605504587,improvement
0.75,0.5,11.0,0.1925,0.0,0.1,-0.025460455037919837,0.002546045503791984,0.5,0.5038188392757477,0.0038188392757476652,0.3818839275747665,0.13475,0.18181818181818182,improvement
0.75,0.5,11.100000000000001,0.1925,0.0,0.1,-0.02421451787648971,0.002421451787648971,0.5,0.503662243428465,0.003662243428464995,0.3662243428464995,0.13475,0.18243243243243246,improvement
0.75,0.5,11.2,0.1925,0.0,0.1,-0.022968580715059608,0.002296858071505961,0.5,0.5035025311132941,0.0035025311132941273,0.3502531113294127,0.13475,0.1830357142857143,improvement
0.75,0.5,11.3,0.1925,0.0,0.1,-0.021722643553629482,0.0021722643553629484,0.5,0.5033397022845395,0.003339702284539503,0.3339702284539503,0.13475,0.1836283185840708,improvement
0.75,0.5,11.4,0.1925,0.0,0.1,-0.020476706392199354,0.0020476706392199354,0.5,0.5031737569062102,0.0031737569062102455,0.31737569062102455,0.13475,0.1842105263157895,improvement
0.75,0.5,11.5,0.1925,0.0,0.1,-0.019230769230769253,0.0019230769230769254,0.5,0.5030046949527069,0.0030046949527069433,0.30046949527069433,0.13475,0.18478260869565216,improvement
0.75,0.5,11.600000000000001,0.1925,0.0,0.1,-0.017984832069339103,0.0017984832069339104,0.5,0.5028325164095221,0.00283251640952209,0.283251640952209,0.13475,0.1853448275862069,improvement
0.75,0.5,11.7,0.1925,0.0,0.1,-0.016738894907909002,0.0016738894907909003,0.5,0.502657221273956,0.0026572212739559564,0.26572212739559564,0.13475,0.1858974358974359,improvement
0.75,0.5,11.8,0.1925,0.0,0.1,-0.015492957746478873,0.0015492957746478875,0.5,0.5024788095558468,0.0024788095558467838,0.24788095558467838,0.13475,0.1864406779661017,improvement
0.75,0.5,11.9,0.1925,0.0,0.1,-0.014247020585048772,0.0014247020585048773,0.5,0.5022972812783147,0.0022972812783147445,0.22972812783147445,0.13475,0.1869747899159664,improvement
0.75,0.5,12.0,0.1925,0.0,0.1,-0.013001083423618645,0.0013001083423618647,0.5,0.5021126364785216,0.0021126364785215568,0.21126364785215568,0.13475,0.1875,improvement
0.75,0.5,12.100000000000001,0.1925,0.0,0.1,-0.01175514626218852,0.001175514626218852,0.5,0.5019248752084431,0.0019248752084430887,0.19248752084430887,0.13475,0.18801652892561985,improvement
0.75,0.5,12.2,0.1925,0.0,0.1,-0.010509209100758417,0.0010509209100758418,0.5,0.5017339975356581,0.0017339975356580606,0.17339975356580606,0.13475,0.1885245901639344,improvement
0.75,0.5,12.3,0.1925,0.0,0.1,-0.00926327193932829,0.0009263271939328291,0.5,0.5015400035441502,0.0015400035441501814,0.15400035441501814,0.13475,0.18902439024390244,improvement
0.75,0.5,12.4,0.1925,0.0,0.1,-0.008017334777898165,0.0008017334777898166,0.5,0.5013428933351245,0.0013428933351244954,0.13428933351244954,0.13475,0.18951612903225806,improvement
0.75,0.5,12.5,0.1925,0.0,0.1,-0.006771397616468039,0.000677139761646804,0.5,0.501142667027839,0.0011426670278390505,0.11426670278390505,0.13475,0.19,improvement
0.75,0.5,12.600000000000001,0.1925,0.0,0.1,-0.005525460455037912,0.0005525460455037913,0.5,0.5009393247604503,0.000939324760450333,0.0939324760450333,0.13475,0.19047619047619047,improvement
0.75,0.5,12.7,0.1925,0.0,0.1,-0.00427952329360781,0.00042795232936078105,0.5,0.500732866690873,0.0007328666908730241,0.07328666908730241,0.13475,0.19094488188976377,improvement
0.75,0.5,12.8,0.1925,0.0,0.1,-0.003033586132177684,0.00030335861321776844,0.5,0.5005232929976542,0.00052329299765419,0.052329299765419,0.13475,0.19140625,improvement
0.75,0.5,12.9,0.1925,0.0,0.1,-0.001787648970747582,0.0001787648970747582,0.5,0.5003106038808627,0.000310603880862681,0.031060388086268098,0.13475,0.19186046511627908,improvement
0.75,0.5,13.0,0.1925,0.0,0.1,-0.0005417118093174556,5.417118093174556e-05,0.5,0.500094799562991,9.479956299096592e-05,0.009479956299096592,0.13475,0.1923076923076923,improvement
0.75,0.5,13.100000000000001,0.1925,0.0,0.1,0.0007042253521126707,-7.042253521126707e-05,0.5,0.4998758802898724,-0.00012411971012760148,-0.012411971012760148,0.13475,0.19274809160305345,harm
0.75,0.5,13.2,0.1925,0.0,0.1,0.0019501625135427728,-0.0001950162513542773,0.5,0.4996538463316133,-0.00034615366838669503,-0.034615366838669503,0.13475,0.19318181818181818,harm
0.75,0.5,13.3,0.1925,0.0,0.1,0.003196099674972899,-0.00031960996749728996,0.5,0.49942869798353795,-0.0005713020164620497,-0.05713020164620497,0.13475,0.19360902255639098,harm
0.75,0.5,13.4,0.1925,0.0,0.1,0.004442036836403025,-0.0004442036836403025,0.5,0.4992004355671482,-0.0007995644328517848,-0.07995644328517848,0.13475,0.19402985074626866,harm
0.75,0.5,13.5,0.1925,0.0,0.1,0.005687973997833128,-0.0005687973997833128,0.5,0.49896905943109765,-0.0010309405689023499,-0.10309405689023499,0.13475,0.19444444444444445,harm
0.75,0.5,13.600000000000001,0.1925,0.0,0.1,0.006933911159263278,-0.0006933911159263278,0.5,0.49873456995217946,-0.0012654300478205371,-0.12654300478205371,0.13475,0.1948529411764706,harm
0.75,0.5,13.7,0.1925,0.0,0.1,0.00817984832069338,-0.000817984832069338,0.5,0.49849696753632805,-0.0015030324636719494,-0.15030324636719494,0.13475,0.19525547445255476,harm
0.75,0.5,13.8,0.1925,0.0,0.1,0.009425785482123507,-0.0009425785482123507,0.5,0.49825625261963546,-0.0017437473803645354,-0.17437473803645354,0.13475,0.1956521739130435,harm
0.75,0.5,13.9,0.1925,0.0,0.1,0.010671722643553608,-0.0010671722643553609,0.5,0.4980124256693808,-0.0019875743306191906,-0.19875743306191906,0.13475,0.1960431654676259,harm
0.75,0.5,14.0,0.1925,0.0,0.1,0.011917659804983735,-0.0011917659804983735,0.5,0.4977654871850746,-0.0022345128149254267,-0.22345128149254267,0.13475,0.19642857142857142,harm
0.75,0.5,6.0,0.195,0.0,0.1,-0.09110629067245121,0.009110629067245121,0.5,0.5079700915819445,0.007970091581944505,0.7970091581944505,0.1365,0.125,improvement
0.75,0.5,6.1,0.195,0.0,0.1,-0.0899132321041215,0.00899132321041215,0.5,0.5079780736377815,0.007978073637781469,0.7978073637781469,0.1365,0.12704918032786883,improvement
0.75,0.5,6.2,0.195,0.0,0.1,-0.08872017353579177,0.008872017353579177,0.5,0.5079830751801436,0.007983075180143628,0.7983075180143628,0.1365,0.12903225806451613,improvement
0.75,0.5,6.3,0.195,0.0,0.1,-0.08752711496746206,0.008752711496746206,0.5,0.5079850962480166,0.007985096248016577,0.7985096248016577,0.1365,0.13095238095238093,improvement
0.75,0.5,6.4,0.195,0.0,0.1,-0.08633405639913233,0.008633405639913234,0.5,0.5079841368747161,0.007984136874716108,0.7984136874716108,0.1365,0.1328125,improvement
0.75,0.5,6.5,0.195,0.0,0.1,-0.08514099783080263,0.008514099783080263,0.5,0.5079801970878155,0.0079801970878155,0.7980197087815499,0.1365,0.1346153846153846,improvement
0.75,0.5,6.6,0.195,0.0,0.1,-0.0839479392624729,0.00839479392624729,0.5,0.5079732769090867,0.007973276909086668,0.7973276909086668,0.1365,0.13636363636363635,improvement
0.75,0.5,6.7,0.195,0.0,0.1,-0.08275488069414319,0.008275488069414319,0.5,0.5079633763544529,0.007963376354452878,0.7963376354452878,0.1365,0.13805970149253732,improvement
0.75,0.5,6.8,0.195,0.0,0.1,-0.08156182212581348,0.008156182212581348,0.5,0.5079504954339553,0.007950495433955318,0.7950495433955318,0.1365,0.13970588235294118,improvement
0.75,0.5,6.9,0.195,0.0,0.1,-0.08036876355748375,0.008036876355748375,0.5,0.507934634151731,0.007934634151731013,0.7934634151731013,0.1365,0.14130434782608697,improvement
0.75,0.5,7.0,0.195,0.0,0.1,-0.07917570498915404,0.007917570498915404,0.5,0.5079157925060047,0.007915792506004715,0.7915792506004715,0.1365,0.14285714285714285,improvement
0.75,0.5,7.1,0.195,0.0,0.1,-0.07798264642082431,0.0077982646420824316,0.5,0.5078939704890928,0.007893970489092794,0.7893970489092794,0.1365,0.14436619718309857,improvement
0.75,0.5,7.2,0.195,0.0,0.1,-0.0767895878524946,0.00767895878524946,0.5,0.5078691680874199,0.007869168087419887,0.7869168087419887,0.1365,0.14583333333333334,improvement
0.75,0.5,7.3,0.195,0.0,0.1,-0.07559652928416488,0.007559652928416489,0.5,0.5078413852815482,0.007841385281548208,0.7841385281548208,0.1365,0.14726027397260272,improvement
0.75,0.5,7.4,0.195,0.0,0.1,-0.07440347071583515,0.007440347071583516,0.5,0.5078106220462204,0.007810622046220406,0.7810622046220406,0.1365,0.14864864864864866,improvement
0.75,0.5,7.5,0.195,0.0,0.1,-0.07321041214750544,0.007321041214750544,0.5,0.5077768783504132,0.0077768783504131855,0.7776878350413186,0.1365,0.15,improvement
0.75,0.5,7.6,0.195,0.0,0.1,-0.07201735357917573,0.007201735357917573,0.5,0.507740154157406,0.007740154157406032,0.7740154157406032,0.1365,0.1513157894736842,improvement
0.75,0.5,7.7,0.195,0.0,0.1,-0.07082429501084601,0.007082429501084602,0.5,0.5077004494248605,0.007700449424860478,0.7700449424860478,0.1365,0.1525974025974026,improvement
0.75,0.5,7.8,0.195,0.0,0.1,-0.06963123644251629,0.006963123644251629,0.5,0.507657764104914,0.007657764104914033,0.7657764104914033,0.1365,0.15384615384615385,improvement
0.75,0.5,7.9,0.195,0.0,0.1,-0.06843817787418657,0.0068438177874186575,0.5,0.5076120981442849,0.007612098144284873,0.7612098144284873,0.1365,0.1550632911392405,improvement
0.75,0.5,8.0,0.195,0.0,0.1,-0.06724511930585686,0.0067245119305856865,0.5,0.5075634514843905,0.0075634514843905265,0.7563451484390527,0.1365,0.15625,improvement
0.75,0.5,8.1,0.195,0.0,0.1,-0.06605206073752713,0.006605206073752714,0.5,0.5075118240614793,0.007511824061479322,0.7511824061479322,0.1365,0.15740740740740738,improvement
0.75,0.5,8.2,0.195,0.0,0.1,-0.06485900216919743,0.006485900216919744,0.5,0.5074572158067735,0.007457215806773498,0.7457215806773498,0.1365,0.15853658536585363,improvement
0.75,0.5,8.3,0.195,0.0,0.1,-0.06366594360086769,0.006366594360086769,0.5,0.5073996266466264,0.0073996266466264116,0.7399626646626412,0.1365,0.15963855421686748,improvement
0.75,0.5,8.4,0.195,0.0,0.1,-0.06247288503253798,0.006247288503253798,0.5,0.507339056502691,0.007339056502690955,0.7339056502690955,0.1365,0.1607142857142857,improvement
0.75,0.5,8.5,0.195,0.0,0.1,-0.06127982646420827,0.006127982646420827,0.5,0.507275505292102,0.007275505292101969,0.7275505292101969,0.1365,0.16176470588235292,improvement
0.75,0.5,8.6,0.195,0.0,0.1,-0.06008676789587855,0.006008676789587855,0.5,0.5072089729276709,0.007208972927670865,0.7208972927670865,0.1365,0.16279069767441862,improvement
0.75,0.5,8.7,0.195,0.0,0.1,-0.05889370932754883,0.005889370932754883,0.5,0.5071394593180927,0.007139459318092678,0.7139459318092678,0.1365,0.16379310344827586,improvement
0.75,0.5,8.8,0.195,0.0,0.1,-0.057700650759219096,0.00577006507592191,0.5,0.5070669643681665,0.007066964368166451,0.7066964368166451,0.1365,0.1647727272727273,improvement
0.75,0.5,8.9,0.195,0.0,0.1,-0.05650759219088939,0.00565075921908894,0.5,0.5069914879790278,0.006991487979027822,0.6991487979027822,0.1365,0.1657303370786517,improvement
0.75,0.5,9.0,0.195,0.0,0.1,-0.05531453362255967,0.005531453362255967,0.5,0.506913030048395,0.006913030048395052,0.6913030048395052,0.1365,0.16666666666666669,improvement
0.75,0.5,9.1,0.195,0.0,0.1,-0.054121475054229956,0.005412147505422996,0.5,0.5068315904708267,0.0068315904708267094,0.683159047082671,0.1365,0.1675824175824176,improvement
0.75,0.5,9.2,0.195,0.0,0.1,-0.05292841648590025,0.005292841648590025,0.5,0.5067471691379928,0.006747169137992781,0.6747169137992781,0.1365,0.16847826086956522,improvement
0.75,0.5,9.3,0.195,0.0,0.1,-0.051735357917570515,0.005173535791757052,0.5,0.5066597659389591,0.006659765938959117,0.6659765938959117,0.1365,0.16935483870967744,improvement
0.75,0.5,9.4,0.195,0.0,0.1,-0.05054229934924081,0.005054229934924081,0.5,0.5065693807604827,0.006569380760482746,0.6569380760482746,0.1365,0.17021276595744683,improvement
0.75,0.5,9.5,0.195,0.0,0.1,-0.049349240780911074,0.004934924078091108,0.5,0.5064760134873225,0.006476013487322518,0.6476013487322518,0.1365,0.17105263157894737,improvement
0.75,0.5,9.6,0.195,0.0,0.1,-0.04815618221258137,0.0048156182212581375,0.5,0.5063796640025603,0.006379664002560292,0.6379664002560292,0.1365,0.171875,improvement
0.75,0.5,9.7,0.195,0.0,0.1,-0.04696312364425166,0.0046963123644251665,0.5,0.5062803321879357,0.006280332187935667,0.6280332187935667,0.1365,0.17268041237113402,improvement
0.75,0.5,9.8,0.195,0.0,0.1,-0.045770065075921934,0.004577006507592194,0.5,0.506178017924194,0.006178017924194035,0.6178017924194035,0.1365,0.17346938775510207,improvement
0.75,0.5,9.9,0.195,0.0,0.1,-0.0445770065075922,0.00445770065075922,0.5,0.5060727210914466,0.006072721091446631,0.6072721091446631,0.1365,0.17424242424242425,improvement
0.75,0.5,10.0,0.195,0.0,0.1,-0.04338394793926249,0.004338394793926249,0.5,0.5059644415695433,0.005964441569543344,0.5964441569543344,0.1365,0.175,improvement
0.75,0.5,10.100000000000001,0.195,0.0,0.1,-0.04219088937093276,0.004219088937093276,0.5,0.5058531792384593,0.005853179238459294,0.5853179238459294,0.1365,0.17574257425742576,improvement
0.75,0.5,10.2,0.195,0.0,0.1,-0.04099783080260305,0.004099783080260305,0.5,0.5057389339786929,0.005738933978692851,0.5738933978692851,0.1365,0.1764705882352941,improvement
0.75,0.5,10.3,0.195,0.0,0.1,-0.039804772234273325,0.003980477223427333,0.5,0.5056217056716769,0.005621705671676858,0.5621705671676858,0.1365,0.17718446601941748,improvement
0.75,0.5,10.4,0.195,0.0,0.1,-0.03861171366594362,0.003861171366594362,0.5,0.5055014942002038,0.005501494200203849,0.5501494200203849,0.1365,0.1778846153846154,improvement
0.75,0.5,10.5,0.195,0.0,0.1,-0.03741865509761391,0.0037418655097613916,0.5,0.5053782994488618,0.005378299448861812,0.5378299448861812,0.1365,0.17857142857142858,improvement
0.75,0.5,10.600000000000001,0.195,0.0,0.1,-0.03622559652928418,0.003622559652928418,0.5,0.5052521213044849,0.005252121304484936,0.5252121304484936,0.1365,0.17924528301886794,improvement
0.75,0.5,10.7,0.195,0.0,0.1,-0.03503253796095447,0.0035032537960954474,0.5,0.5051229596566151,0.005122959656615134,0.5122959656615134,0.1365,0.17990654205607476,improvement
0.75,0.5,10.8,0.195,0.0,0.1,-0.03383947939262474,0.003383947939262474,0.5,0.5049908143979788,0.004990814397978771,0.4990814397978771,0.1365,0.18055555555555558,improvement
0.75,0.5,10.9,0.195,0.0,0.1,-0.03264642082429503,0.0032646420824295032,0.5,0.504855685424973,0.004855685424973055,0.4855685424973055,0.1365,0.1811926605504587,improvement
0.75,0.5,11.0,0.195,0.0,0.1,-0.0314533622559653,0.0031453362255965305,0.5,0.5047175726381687,0.004717572638168743,0.47175726381687433,0.1365,0.18181818181818182,improvement
0.75,0.5,11.100000000000001,0.195,0.0,0.1,-0.03026030368763557,0.003026030368763557,0.5,0.5045764759428221,0.004576475942822067,0.4576475942822067,0.1365,0.18243243243243246,improvement
0.75,0.5,11.2,0.195,0.0,0.1,-0.029067245119305887,0.002906724511930589,0.5,0.5044323952494028,0.004432395249402754,0.4432395249402754,0.1365,0.1830357142857143,improvement
0.75,0.5,11.3,0.195,0.0,0.1,-0.027874186550976156,0.0027874186550976158,0.5,0.5042853304741324,0.004285330474132376,0.4285330474132376,0.1365,0.1836283185840708,improvement
0.75,0.5,11.4,0.195,0.0,0.1,-0.02668112798264645,0.002668112798264645,0.5,0.5041352815395367,0.004135281539536684,0.4135281539536684,0.1365,0.1842105263157895,improvement
0.75,0.5,11.5,0.195,0.0,0.1,-0.025488069414316715,0.0025488069414316716,0.5,0.5039822483750105,0.003982248375010489,0.39822483750104887,0.1365,0.18478260869565216,improvement
0.75,0.5,11.600000000000001,0.195,0.0,0.1,-0.024295010845986984,0.0024295010845986984,0.5,0.5038262309173951,0.0038262309173950904,0.38262309173950904,0.1365,0.1853448275862069,improvement
0.75,0.5,11.7,0.195,0.0,0.1,-0.023101952277657302,0.0023101952277657305,0.5,0.5036672291115689,0.003667229111568915,0.3667229111568915,0.1365,0.1858974358974359,improvement
0.75,0.5,11.8,0.195,0.0,0.1,-0.02190889370932757,0.0021908893709327573,0.5,0.5035052429110505,0.003505242911050477,0.3505242911050477,0.1365,0.1864406779661017,improvement
0.75,0.5,11.9,0.195,0.0,0.1,-0.02071583514099784,0.002071583514099784,0.5,0.5033402722786146,0.0033402722786145533,0.33402722786145533,0.1365,0.1869747899159664,improvement
0.75,0.5,12.0,0.195,0.0,0.1,-0.019522776572668134,0.0019522776572668136,0.5,0.5031723171869207,0.003172317186920681,0.3172317186920681,0.1365,0.1875,improvement
0.75,0.5,12.100000000000001,0.195,0.0,0.1,-0.018329718004338403,0.0018329718004338404,0.5,0.5030013776191544,0.0030013776191544217,0.30013776191544217,0.1365,0.18801652892561985,improvement
0.75,0.5,12.2,0.195,0.0,0.1,-0.017136659436008693,0.0017136659436008694,0.5,0.5028274535696823,0.002827453569682281,0.2827453569682281,0.1365,0.1885245901639344,improvement
0.75,0.5,12.3,0.195,0.0,0.1,-0.015943600867678962,0.0015943600867678962,0.5,0.5026505450447178,0.0026505450447178447,0.26505450447178447,0.1365,0.18902439024390244,improvement
0.75,0.5,12.4,0.195,0.0,0.1,-0.014750542299349256,0.0014750542299349256,0.5,0.5024706520630018,0.002470652063001788,0.2470652063001788,0.1365,0.18951612903225806,improvement
0.75,0.5,12.5,0.195,0.0,0.1,-0.013557483731019549,0.001355748373101955,0.5,0.5022877746564944,0.0022877746564944346,0.22877746564944346,0.1365,0.19,improvement
0.75,0.5,12.600000000000001,0.195,0.0,0.1,-0.012364425162689817,0.0012364425162689817,0.5,0.5021019128710804,0.0021019128710804136,0.21019128710804136,0.1365,0.19047619047619047,improvement
0.75,0.5,12.7,0.195,0.0,0.1,-0.01117136659436011,0.0011171366594360111,0.5,0.5019130667672871,0.001913066767287086,0.1913066767287086,0.1365,0.19094488188976377,improvement
0.75,0.5,12.8,0.195,0.0,0.1,-0.00997830802603038,0.000997830802603038,0.5,0.5017212364210143,0.0017212364210142939,0.17212364210142939,0.1365,0.19140625,improvement
0.75,0.5,12.9,0.195,0.0,0.1,-0.008785249457700671,0.0008785249457700672,0.5,0.5015264219242781,0.0015264219242780985,0.15264219242780985,0.1365,0.19186046511627908,improvement
0.75,0.5,13.0,0.195,0.0,0.1,-0.007592190889370964,0.0007592190889370965,0.5,0.5013286233859661,0.0013286233859660657,0.13286233859660657,0.1365,0.1923076923076923,improvement
0.75,0.5,13.100000000000001,0.195,0.0,0.1,-0.006399132321041209,0.000639913232104121,0.5,0.5011278409326063,0.0011278409326063166,0.11278409326063166,0.1365,0.19274809160305345,improvement
0.75,0.5,13.2,0.195,0.0,0.1,-0.005206073752711526,0.0005206073752711527,0.5,0.500924074709148,0.000924074709148015,0.0924074709148015,0.1365,0.19318181818181818,improvement
0.75,0.5,13.3,0.195,0.0,0.1,-0.0040130151843817945,0.0004013015184381795,0.5,0.5007173248797551,0.0007173248797550658,0.07173248797550658,0.1365,0.19360902255639098,improvement
0.75,0.5,13.4,0.195,0.0,0.1,-0.0028199566160520876,0.00028199566160520877,0.5,0.5005075916286125,0.0005075916286124693,0.05075916286124693,0.1365,0.19402985074626866,improvement
0.75,0.5,13.5,0.195,0.0,0.1,-0.0016268980477223563,0.00016268980477223566,0.5,0.500294875160745,0.00029487516074500064,0.029487516074500064,0.1365,0.19444444444444445,improvement
0.75,0.5,13.600000000000001,0.195,0.0,0.1,-0.00043383947939262514,4.3383947939262514e-05,0.5,0.5000791757028488,7.917570284876607e-05,0.007917570284876607,0.1365,0.1948529411764706,improvement
0.75,0.5,13.7,0.195,0.0,0.1,0.0007592190889370579,-7.59219088937058e-05,0.5,0.4998604935041341,-0.00013950649586591535,-0.013950649586591535,0.1365,0.19525547445255476,harm
0.75,0.5,13.8,0.195,0.0,0.1,0.0019522776572667893,-0.00019522776572667894,0.5,0.49963882883718286,-0.0003611711628171421,-0.03611711628171421,0.1365,0.1956521739130435,harm
0.75,0.5,13.9,0.195,0.0,0.1,0.0031453362255965205,-0.0003145336225596521,0.5,0.4994141819988164,-0.0005858180011836245,-0.05858180011836245,0.1365,0.1960431654676259,harm
0.75,0.5,14.0,0.195,0.0,0.1,0.0043383947939262275,-0.00043383947939262276,0.5,0.49918655331097667,-0.0008134466890233338,-0.08134466890233338,0.1365,0.19642857142857142,harm
0.75,0.5,6.0,0.1975,0.0,0.1,-0.09446254071661238,0.009446254071661239,0.5,0.5082635676042653,0.008263567604265276,0.8263567604265276,0.13825,0.125,improvement
0.75,0.5,6.1,0.1975,0.0,0.1,-0.09332247557003258,0.009332247557003258,0.5,0.5082804402011747,0.008280440201174688,0.8280440201174688,0.13825,0.12704918032786883,improvement
0.75,0.5,6.2,0.1975,0.0,0.1,-0.09218241042345277,0.009218241042345277,0.5,0.5082944647341102,0.008294464734110218,0.8294464734110218,0.13825,0.12903225806451613,improvement
0.75,0.5,6.3,0.1975,0.0,0.1,-0.09104234527687297,0.009104234527687298,0.5,0.5083056412575766,0.008305641257576601,0.8305641257576601,0.13825,0.13095238095238093,improvement
0.75,0.5,6.4,0.1975,0.0,0.1,-0.08990228013029315,0.008990228013029315,0.5,0.5083139698209096,0.008313969820909595,0.8313969820909595,0.13825,0.1328125,improvement
0.75,0.5,6.5,0.1975,0.0,0.1,-0.08876221498371335,0.008876221498371336,0.5,0.5083194504681761,0.00831945046817606,0.831945046817606,0.13825,0.1346153846153846,improvement
0.75,0.5,6.6,0.1975,0.0,0.1,-0.08762214983713355,0.008762214983713356,0.5,0.5083220832380867,0.008322083238086697,0.8322083238086697,0.13825,0.13636363636363635,improvement
0.75,0.5,6.7,0.1975,0.0,0.1,-0.08648208469055375,0.008648208469055375,0.5,0.5083218681639192,0.008321868163919222,0.8321868163919222,0.13825,0.13805970149253732,improvement
0.75,0.5,6.8,0.1975,0.0,0.1,-0.08534201954397395,0.008534201954397396,0.5,0.5083188052734526,0.008318805273452634,0.8318805273452634,0.13825,0.13970588235294118,improvement
0.75,0.5,6.9,0.1975,0.0,0.1,-0.08420195439739414,0.008420195439739415,0.5,0.5083128945889127,0.008312894588912711,0.8312894588912711,0.13825,0.14130434782608697,improvement
0.75,0.5,7.0,0.1975,0.0,0.1,-0.08306188925081434,0.008306188925081434,0.5,0.5083041361269283,0.008304136126928263,0.8304136126928263,0.13825,0.14285714285714285,improvement
0.75,0.5,7.1,0.1975,0.0,0.1,-0.08192182410423454,0.008192182410423455,0.5,0.508292529898499,0.008292529898499046,0.8292529898499046,0.13825,0.14436619718309857,improvement
0.75,0.5,7.2,0.1975,0.0,0.1,-0.08078175895765473,0.008078175895765474,0.5,0.508278075908974,0.008278075908974003,0.8278075908974003,0.13825,0.14583333333333334,improvement
0.75,0.5,7.3,0.1975,0.0,0.1,-0.07964169381107493,0.007964169381107493,0.5,0.5082607741580414,0.008260774158041384,0.8260774158041384,0.13825,0.14726027397260272,improvement
0.75,0.5,7.4,0.1975,0.0,0.1,-0.07850162866449512,0.007850162866449512,0.5,0.508240624639729,0.008240624639728966,0.8240624639728966,0.13825,0.14864864864864866,improvement
0.75,0.5,7.5,0.1975,0.0,0.1,-0.07736156351791532,0.007736156351791532,0.5,0.5082176273424169,0.008217627342416933,0.8217627342416933,0.13825,0.15,improvement
0.75,0.5,7.6,0.1975,0.0,0.1,-0.07622149837133552,0.007622149837133552,0.5,0.5081917822488595,0.008191782248859525,0.8191782248859525,0.13825,0.1513157894736842,improvement
0.75,0.5,7.7,0.1975,0.0,0.1,-0.0750814332247557,0.007508143322475571,0.5,0.5081630893362203,0.008163089336220342,0.8163089336220342,0.13825,0.1525974025974026,improvement
0.75,0.5,7.8,0.1975,0.0,0.1,-0.0739413680781759,0.0073941368078175905,0.5,0.5081315485761162,0.008131548576116199,0.8131548576116199,0.13825,0.15384615384615385,improvement
0.75,0.5,7.9,0.1975,0.0,0.1,-0.07280130293159609,0.0072801302931596095,0.5,0.5080971599346741,0.00809715993467408,0.8097159934674081,0.13825,0.1550632911392405,improvement
0.75,0.5,8.0,0.1975,0.0,0.1,-0.07166123778501629,0.007166123778501629,0.5,0.5080599233725986,0.008059923372598643,0.8059923372598643,0.13825,0.15625,improvement
0.75,0.5,8.1,0.1975,0.0,0.1,-0.07052117263843649,0.007052117263843649,0.5,0.5080198388452495,0.008019838845249483,0.8019838845249483,0.13825,0.15740740740740738,improvement
0.75,0.5,8.2,0.1975,0.0,0.1,-0.06938110749185669,0.006938110749185669,0.5,0.507976906302732,0.007976906302731956,0.7976906302731956,0.13825,0.15853658536585363,improvement
0.75,0.5,8.3,0.1975,0.0,0.1,-0.06824104234527688,0.006824104234527688,0.5,0.5079311256899961,0.007931125689996099,0.7931125689996099,0.13825,0.15963855421686748,improvement
0.75,0.5,8.4,0.1975,0.0,0.1,-0.06710097719869708,0.006710097719869708,0.5,0.5078824969469498,0.007882496946949757,0.7882496946949757,0.13825,0.1607142857142857,improvement
0.75,0.5,8.5,0.1975,0.0,0.1,-0.06596091205211728,0.006596091205211728,0.5,0.50783102000858,0.007831020008580047,0.7831020008580047,0.13825,0.16176470588235292,improvement
0.75,0.5,8.6,0.1975,0.0,0.1,-0.06482084690553748,0.006482084690553749,0.5,0.5077766948050879,0.007776694805087914,0.7776694805087914,0.13825,0.16279069767441862,improvement
0.75,0.5,8.7,0.1975,0.0,0.1,-0.06368078175895768,0.0063680781758957685,0.5,0.5077195212620326,0.007719521262032569,0.7719521262032569,0.13825,0.16379310344827586,improvement
0.75,0.5,8.8,0.1975,0.0,0.1,-0.06254071661237785,0.006254071661237786,0.5,0.5076594993004877,0.007659499300487704,0.7659499300487704,0.13825,0.1647727272727273,improvement
0.75,0.5,8.9,0.1975,0.0,0.1,-0.06140065146579805,0.006140065146579806,0.5,0.5075966288372078,0.007596628837207797,0.7596628837207797,0.13825,0.1657303370786517,improvement
0.75,0.5,9.0,0.1975,0.0,0.1,-0.060260586319218254,0.0060260586319218256,0.5,0.5075309097848077,0.007530909784807749,0.7530909784807749,0.13825,0.16666666666666669,improvement
0.75,0.5,9.1,0.1975,0.0,0.1,-0.059120521172638454,0.0059120521172638454,0.5,0.5074623420519506,0.007462342051950621,0.7462342051950621,0.13825,0.1675824175824176,improvement
0.75,0.5,9.2,0.1975,0.0,0.1,-0.057980456026058655,0.005798045602605866,0.5,0.5073909255435487,0.007390925543548699,0.7390925543548699,0.13825,0.16847826086956522,improvement
0.75,0.5,9.3,0.1975,0.0,0.1,-0.05684039087947883,0.0056840390879478835,0.5,0.5073166601609748,0.007316660160974764,0.7316660160974764,0.13825,0.16935483870967744,improvement
0.75,0.5,9.4,0.1975,0.0,0.1,-0.05570032573289903,0.005570032573289903,0.5,0.5072395458022849,0.007239545802284919,0.7239545802284919,0.13825,0.17021276595744683,improvement
0.75,0.5,9.5,0.1975,0.0,0.1,-0.05456026058631923,0.005456026058631923,0.5,0.507159582362452,0.007159582362451955,0.7159582362451955,0.13825,0.17105263157894737,improvement
0.75,0.5,9.6,0.1975,0.0,0.1,-0.05342019543973943,0.005342019543973943,0.5,0.5070767697336103,0.007076769733610266,0.7076769733610266,0.13825,0.171875,improvement
0.75,0.5,9.7,0.1975,0.0,0.1,-0.05228013029315963,0.005228013029315963,0.5,0.506991107805312,0.00699110780531198,0.699110780531198,0.13825,0.17268041237113402,improvement
0.75,0.5,9.8,0.1975,0.0,0.1,-0.05114006514657981,0.005114006514657981,0.5,0.5069025964647935,0.00690259646479352,0.690259646479352,0.13825,0.17346938775510207,improvement
0.75,0.5,9.9,0.1975,0.0,0.1,-0.05000000000000001,0.005000000000000001,0.5,0.506811235597254,0.006811235597254051,0.6811235597254051,0.13825,0.17424242424242425,improvement
0.75,0.5,10.0,0.1975,0.0,0.1,-0.04885993485342021,0.004885993485342022,0.5,0.506717025086145,0.006717025086145023,0.6717025086145023,0.13825,0.175,improvement
0.75,0.5,10.100000000000001,0.1975,0.0,0.1,-0.04771986970684039,0.004771986970684039,0.5,0.5066199648134704,0.00661996481347038,0.661996481347038,0.13825,0.17574257425742576,improvement
0.75,0.5,10.2,0.1975,0.0,0.1,-0.04657980456026061,0.0046579804560260615,0.5,0.5065200546600981,0.006520054660098085,0.6520054660098085,0.13825,0.1764705882352941,improvement
0.75,0.5,10.3,0.1975,0.0,0.1,-0.04543973941368079,0.00454397394136808,0.5,0.5064172945060825,0.006417294506082527,0.6417294506082527,0.13825,0.17718446601941748,improvement
0.75,0.5,10.4,0.1975,0.0,0.1,-0.04429967426710099,0.0044299674267100995,0.5,0.506311684230999,0.006311684230999037,0.6311684230999037,0.13825,0.1778846153846154,improvement
0.75,0.5,10.5,0.1975,0.0,0.1,-0.04315960912052119,0.004315960912052119,0.5,0.5062032237142888,0.00620322371428883,0.620322371428883,0.13825,0.17857142857142858,improvement
0.75,0.5,10.600000000000001,0.1975,0.0,0.1,-0.042019543973941365,0.004201954397394137,0.5,0.5060919128356142,0.006091912835614166,0.6091912835614166,0.13825,0.17924528301886794,improvement
0.75,0.5,10.7,0.1975,0.0,0.1,-0.04087947882736159,0.004087947882736159,0.5,0.5059777514752272,0.0059777514752271665,0.5977751475227167,0.13825,0.17990654205607476,improvement
0.75,0.5,10.8,0.1975,0.0,0.1,-0.039739413680781766,0.003973941368078176,0.5,0.5058607395143468,0.005860739514346847,0.5860739514346847,0.13825,0.18055555555555558,improvement
0.75,0.5,10.9,0.1975,0.0,0.1,-0.038599348534201966,0.0038599348534201967,0.5,0.5057408768355498,0.005740876835549802,0.5740876835549802,0.13825,0.1811926605504587,improvement
0.75,0.5,11.0,0.1975,0.0,0.1,-0.037459283387622166,0.003745928338762217,0.5,0.5056181633231702,0.005618163323170222,0.5618163323170222,0.13825,0.18181818181818182,improvement
0.75,0.5,11.100000000000001,0.1975,0.0,0.1,-0.036319218241042346,0.0036319218241042347,0.5,0.5054925988637125,0.00549259886371245,0.549259886371245,0.13825,0.18243243243243246,improvement
0.75,0.5,11.2,0.1975,0.0,0.1,-0.03517915309446257,0.0035179153094462567,0.5,0.5053641833462733,0.00536418334627331,0.536418334627331,0.13825,0.1830357142857143,improvement
0.75,0.5,11.3,0.1975,0.0,0.1,-0.03403908794788275,0.003403908794788275,0.5,0.5052329166629772,0.005232916662977205,0.5232916662977205,0.13825,0.1836283185840708,improvement
0.75,0.5,11.4,0.1975,0.0,0.1,-0.03289902280130295,0.0032899022801302948,0.5,0.5050987987094206,0.005098798709420649,0.5098798709420649,0.13825,0.1842105263157895,improvement
0.75,0.5,11.5,0.1975,0.0,0.1,-0.03175895765472315,0.003175895765472315,0.5,0.50496182938513,0.004961829385130012,0.4961829385130012,0.13825,0.18478260869565216,improvement
0.75,0.5,11.600000000000001,0.1975,0.0,0.1,-0.030618892508143324,0.0030618892508143328,0.5,0.5048220085940279,0.004822008594027927,0.48220085940279267,0.13825,0.1853448275862069,improvement
0.75,0.5,11.7,0.1975,0.0,0.1,-0.02947882736156355,0.0029478827361563553,0.5,0.504679336244913,0.004679336244913013,0.46793362449130127,0.13825,0.1858974358974359,improvement
0.75,0.5,11.8,0.1975,0.0,0.1,-0.028338762214983725,0.0028338762214983725,0.5,0.5045338122519498,0.00453381225194982,0.45338122519498203,0.13825,0.1864406779661017,improvement
0.75,0.5,11.9,0.1975,0.0,0.1,-0.027198697068403926,0.002719869706840393,0.5,0.5043854365351699,0.004385436535169873,0.4385436535169873,0.13825,0.1869747899159664,improvement
0.75,0.5,12.0,0.1975,0.0,0.1,-0.026058631921824126,0.0026058631921824127,0.5,0.5042342090209843,0.004234209020984259,0.42342090209842587,0.13825,0.1875,improvement
0.75,0.5,12.100000000000001,0.1975,0.0,0.1,-0.024918566775244302,0.0024918566775244304,0.5,0.5040801296427071,0.004080129642707098,0.40801296427070977,0.13825,0.18801652892561985,improvement
0.75,0.5,12.2,0.1975,0.0,0.1,-0.023778501628664527,0.002377850162866453,0.5,0.5039231983410901,0.003923198341090117,0.3923198341090117,0.13825,0.1885245901639344,improvement
0.75,0.5,12.3,0.1975,0.0,0.1,-0.022638436482084703,0.0022638436482084706,0.5,0.5037634150648687,0.003763415064868658,0.3763415064868658,0.13825,0.18902439024390244,improvement
0.75,0.5,12.4,0.1975,0.0,0.1,-0.021498371335504904,0.0021498371335504905,0.5,0.5036007797713185,0.003600779771318452,0.3600779771318452,0.13825,0.18951612903225806,improvement
0.75,0.5,12.5,0.1975,0.0,0.1,-0.020358306188925104,0.0020358306188925103,0.5,0.5034352924268244,0.003435292426824388,0.3435292426824388,0.13825,0.19,improvement
0.75,0.5,12.600000000000001,0.1975,0.0,0.1,-0.01921824104234528,0.001921824104234528,0.5,0.5032669530074587,0.003266953007458717,0.3266953007458717,0.13825,0.19047619047619047,improvement
0.75,0.5,12.7,0.1975,0.0,0.1,-0.018078175895765505,0.0018078175895765505,0.5,0.5030957614995721,0.003095761499572136,0.3095761499572136,0.13825,0.19094488188976377,improvement
0.75,0.5,12.8,0.1975,0.0,0.1,-0.01693811074918568,0.0016938110749185682,0.5,0.5029217179003957,0.0029217179003957483,0.29217179003957483,0.13825,0.19140625,improvement
0.75,0.5,12.9,0.1975,0.0,0.1,-0.015798045602605882,0.0015798045602605883,0.5,0.5027448222186526,0.002744822218652576,0.2744822218652576,0.13825,0.19186046511627908,improvement
0.75,0.5,13.0,0.1975,0.0,0.1,-0.014657980456026082,0.0014657980456026084,0.5,0.502565074475182,0.00256507447518195,0.256507447518195,0.13825,0.1923076923076923,improvement
0.75,0.5,13.100000000000001,0.1975,0.0,0.1,-0.013517915309446259,0.001351791530944626,0.5,0.5023824747035747,0.0023824747035746663,0.23824747035746663,0.13825,0.19274809160305345,improvement
0.75,0.5,13.2,0.1975,0.0,0.1,-0.012377850162866483,0.0012377850162866484,0.5,0.5021970229508179,0.0021970229508179173,0.21970229508179173,0.13825,0.19318181818181818,improvement
0.75,0.5,13.3,0.1975,0.0,0.1,-0.01123778501628666,0.001123778501628666,0.5,0.5020087192779534,0.00200871927795343,0.20087192779534302,0.13825,0.19360902255639098,improvement
0.75,0.5,13.4,0.1975,0.0,0.1,-0.01009771986970686,0.001009771986970686,0.5,0.5018175637607448,0.0018175637607448225,0.18175637607448225,0.13825,0.19402985074626866,improvement
0.75,0.5,13.5,0.1975,0.0,0.1,-0.00895765472312706,0.0008957654723127061,0.5,0.5016235564903565,0.0016235564903565036,0.16235564903565036,0.13825,0.19444444444444445,improvement
0.75,0.5,13.600000000000001,0.1975,0.0,0.1,-0.007817589576547237,0.0007817589576547238,0.5,0.5014266975740446,0.0014266975740445664,0.14266975740445664,0.13825,0.1948529411764706,improvement
0.75,0.5,13.7,0.1975,0.0,0.1,-0.0066775244299674625,0.0006677524429967462,0.5,0.5012269871358572,0.001226987135857227,0.12269871358572271,0.13825,0.19525547445255476,improvement
0.75,0.5,13.8,0.1975,0.0,0.1,-0.005537459283387639,0.0005537459283387638,0.5,0.5010244253173475,0.001024425317347477,0.10244253173474771,0.13825,0.1956521739130435,improvement
0.75,0.5,13.9,0.1975,0.0,0.1,-0.004397394136807839,0.00043973941368078394,0.5,0.5008190122782958,0.0008190122782958387,0.08190122782958387,0.13825,0.1960431654676259,improvement
0.75,0.5,14.0,0.1975,0.0,0.1,-0.0032573289902280396,0.000325732899022804,0.5,0.5006107481974444,0.000610748197444444,0.0610748197444444,0.13825,0.19642857142857142,improvement
0.75,0.5,6.0,0.2,0.0,0.1,-0.09782608695652176,0.009782608695652176,0.5,0.5085576671545231,0.008557667154523108,0.8557667154523108,0.14,0.125,improvement
0.75,0.5,6.1,0.2,0.0,0.1,-0.09673913043478263,0.009673913043478264,0.5,0.508583448593593,0.008583448593592946,0.8583448593592946,0.14,0.12704918032786883,improvement
0.75,0.5,6.2,0.2,0.0,0.1,-0.0956521739130435,0.009565217391304351,0.5,0.5086065146569205,0.008606514656920528,0.8606514656920528,0.14,0.12903225806451613,improvement
0.75,0.5,6.3,0.2,0.0,0.1,-0.09456521739130437,0.009456521739130438,0.5,0.5086268654136835,0.008626865413683515,0.8626865413683515,0.14,0.13095238095238093,improvement
0.75,0.5,6.4,0.2,0.0,0.1,-0.09347826086956523,0.009347826086956524,0.5,0.5086445009284606,0.008644500928460586,0.8644500928460586,0.14,0.1328125,improvement
0.75,0.5,6.5,0.2,0.0,0.1,-0.09239130434782611,0.009239130434782611,0.5,0.5086594212611126,0.008659421261112632,0.8659421261112632,0.14,0.1346153846153846,improvement
0.75,0.5,6.6,0.2,0.0,0.1,-0.09130434782608698,0.009130434782608698,0.5,0.5086716264666714,0.008671626466671412,0.8671626466671412,0.14,0.13636363636363635,improvement
0.75,0.5,6.7,0.2,0.0,0.1,-0.09021739130434785,0.009021739130434785,0.5,0.5086811165952391,0.008681116595239069,0.8681116595239069,0.14,0.13805970149253732,improvement
0.75,0.5,6.8,0.2,0.0,0.1,-0.08913043478260872,0.008913043478260873,0.5,0.5086878916918973,0.00868789169189732,0.868789169189732,0.14,0.13970588235294118,improvement
0.75,0.5,6.9,0.2,0.0,0.1,-0.08804347826086958,0.008804347826086958,0.5,0.5086919517966251,0.008691951796625075,0.8691951796625075,0.14,0.14130434782608697,improvement
0.75,0.5,7.0,0.2,0.0,0.1,-0.08695652173913046,0.008695652173913047,0.5,0.5086932969442275,0.008693296944227491,0.8693296944227491,0.14,0.14285714285714285,improvement
0.75,0.5,7.1,0.2,0.0,0.1,-0.08586956521739132,0.008586956521739133,0.5,0.5086919271642727,0.008691927164272695,0.8691927164272695,0.14,0.14436619718309857,improvement
0.75,0.5,7.2,0.2,0.0,0.1,-0.0847826086956522,0.00847826086956522,0.5,0.5086878424810393,0.008687842481039265,0.8687842481039265,0.14,0.14583333333333334,improvement
0.75,0.5,7.3,0.2,0.0,0.1,-0.08369565217391306,0.008369565217391307,0.5,0.5086810429134735,0.008681042913473491,0.8681042913473491,0.14,0.14726027397260272,improvement
0.75,0.5,7.4,0.2,0.0,0.1,-0.08260869565217394,0.008260869565217394,0.5,0.5086715284751551,0.008671528475155066,0.8671528475155066,0.14,0.14864864864864866,improvement
0.75,0.5,7.5,0.2,0.0,0.1,-0.08152173913043481,0.008152173913043482,0.5,0.5086592991742735,0.00865929917427355,0.8659299174273549,0.14,0.15,improvement
0.75,0.5,7.6,0.2,0.0,0.1,-0.08043478260869569,0.008043478260869569,0.5,0.5086443550136139,0.008644355013613936,0.8644355013613936,0.14,0.1513157894736842,improvement
0.75,0.5,7.7,0.2,0.0,0.1,-0.07934782608695655,0.007934782608695656,0.5,0.5086266959905517,0.008626695990551658,0.8626695990551658,0.14,0.1525974025974026,improvement
0.75,0.5,7.8,0.2,0.0,0.1,-0.07826086956521743,0.007826086956521743,0.5,0.5086063220970579,0.008606322097057917,0.8606322097057917,0.14,0.15384615384615385,improvement
0.75,0.5,7.9,0.2,0.0,0.1,-0.07717391304347829,0.007717391304347829,0.5,0.5085832333197132,0.008583233319713224,0.8583233319713224,0.14,0.1550632911392405,improvement
0.75,0.5,8.0,0.2,0.0,0.1,-0.07608695652173915,0.007608695652173915,0.5,0.508557429639732,0.00855742963973205,0.855742963973205,0.14,0.15625,improvement
0.75,0.5,8.1,0.2,0.0,0.1,-0.07500000000000002,0.007500000000000003,0.5,0.5085289110329962,0.008528911032996245,0.8528911032996245,0.14,0.15740740740740738,improvement
0.75,0.5,8.2,0.2,0.0,0.1,-0.0739130434782609,0.00739130434782609,0.5,0.508497677470098,0.008497677470097997,0.8497677470097997,0.14,0.15853658536585363,improvement
0.75,0.5,8.3,0.2,0.0,0.1,-0.07282608695652176,0.007282608695652177,0.5,0.5084637289163931,0.008463728916393132,0.8463728916393132,0.14,0.15963855421686748,improvement
0.75,0.5,8.4,0.2,0.0,0.1,-0.07173913043478262,0.007173913043478263,0.5,0.5084270653320628,0.008427065332062833,0.8427065332062833,0.14,0.1607142857142857,improvement
0.75,0.5,8.5,0.2,0.0,0.1,-0.0706521739130435,0.00706521739130435,0.5,0.5083876866721861,0.008387686672186145,0.8387686672186145,0.14,0.16176470588235292,improvement
0.75,0.5,8.6,0.2,0.0,0.1,-0.06956521739130438,0.006956521739130438,0.5,0.5083455928868214,0.008345592886821351,0.8345592886821351,0.14,0.16279069767441862,improvement
0.75,0.5,8.7,0.2,0.0,0.1,-0.06847826086956525,0.006847826086956526,0.5,0.5083007839210971,0.008300783921097121,0.8300783921097121,0.14,0.16379310344827586,improvement
0.75,0.5,8.8,0.2,0.0,0.1,-0.0673913043478261,0.00673913043478261,0.5,0.5082532597153133,0.008253259715313321,0.8253259715313321,0.14,0.1647727272727273,improvement
0.75,0.5,8.9,0.2,0.0,0.1,-0.06630434782608699,0.006630434782608699,0.5,0.5082030202050514,0.00820302020505137,0.820302020505137,0.14,0.1657303370786517,improvement
0.75,0.5,9.0,0.2,0.0,0.1,-0.06521739130434785,0.006521739130434786,0.5,0.5081500653212946,0.008150065321294586,0.8150065321294586,0.14,0.16666666666666669,improvement
0.75,0.5,9.1,0.2,0.0,0.1,-0.06413043478260873,0.006413043478260873,0.5,0.5080943949905572,0.008094394990557197,0.8094394990557197,0.14,0.1675824175824176,improvement
0.75,0.5,9.2,0.2,0.0,0.1,-0.0630434782608696,0.006304347826086961,0.5,0.5080360091350242,0.008036009135024225,0.8036009135024225,0.14,0.16847826086956522,improvement
0.75,0.5,9.3,0.2,0.0,0.1,-0.06195652173913046,0.006195652173913047,0.5,0.5079749076726997,0.007974907672699705,0.7974907672699705,0.14,0.16935483870967744,improvement
0.75,0.5,9.4,0.2,0.0,0.1,-0.06086956521739133,0.006086956521739133,0.5,0.5079110905175654,0.007911090517565444,0.7911090517565444,0.14,0.17021276595744683,improvement
0.75,0.5,9.5,0.2,0.0,0.1,-0.05978260869565221,0.005978260869565221,0.5,0.5078445575797492,0.007844557579749223,0.7844557579749223,0.14,0.17105263157894737,improvement
0.75,0.5,9.6,0.2,0.0,0.1,-0.05869565217391308,0.005869565217391308,0.5,0.5077753087657022,0.007775308765702205,0.7775308765702205,0.14,0.171875,improvement
0.75,0.5,9.7,0.2,0.0,0.1,-0.05760869565217394,0.005760869565217395,0.5,0.5077033439783867,0.007703343978386679,0.7703343978386679,0.14,0.17268041237113402,improvement
0.75,0.5,9.8,0.2,0.0,0.1,-0.0565217391304348,0.005652173913043481,0.5,0.5076286631174722,0.007628663117472234,0.7628663117472234,0.14,0.17346938775510207,improvement
0.75,0.5,9.9,0.2,0.0,0.1,-0.05543478260869568,0.005543478260869568,0.5,0.5075512660795435,0.007551266079543484,0.7551266079543484,0.14,0.17424242424242425,improvement
0.75,0.5,10.0,0.2,0.0,0.1,-0.05434782608695655,0.0054347826086956555,0.5,0.5074711527583151,0.007471152758315114,0.7471152758315114,0.14,0.175,improvement
0.75,0.5,10.100000000000001,0.2,0.0,0.1,-0.053260869565217396,0.00532608695652174,0.5,0.5073883230448583,0.007388323044858258,0.7388323044858258,0.14,0.17574257425742576,improvement
0.75,0.5,10.2,0.2,0.0,0.1,-0.052173913043478286,0.005217391304347829,0.5,0.5073027768278364,0.007302776827836421,0.7302776827836421,0.14,0.1764705882352941,improvement
0.75,0.5,10.3,0.2,0.0,0.1,-0.051086956521739155,0.0051086956521739155,0.5,0.50721451399375,0.007214513993749949,0.7214513993749949,0.14,0.17718446601941748,improvement
0.75,0.5,10.4,0.2,0.0,0.1,-0.050000000000000024,0.005000000000000003,0.5,0.5071235344271908,0.007123534427190825,0.7123534427190825,0.14,0.1778846153846154,improvement
0.75,0.5,10.5,0.2,0.0,0.1,-0.04891304347826089,0.00489130434782609,0.5,0.5070298380111076,0.00702983801110757,0.702983801110757,0.14,0.17857142857142858,improvement
0.75,0.5,10.600000000000001,0.2,0.0,0.1,-0.04782608695652176,0.004782608695652176,0.5,0.5069334246270789,0.00693342462707891,0.693342462707891,0.14,0.17924528301886794,improvement
0.75,0.5,10.7,0.2,0.0,0.1,-0.04673913043478265,0.004673913043478265,0.5,0.5068342941555977,0.006834294155597664,0.6834294155597664,0.14,0.17990654205607476,improvement
0.75,0.5,10.8,0.2,0.0,0.1,-0.0456521739130435,0.00456521739130435,0.5,0.5067324464763643,0.006732446476364284,0.6732446476364284,0.14,0.18055555555555558,improvement
0.75,0.5,10.9,0.2,0.0,0.1,-0.04456521739130437,0.004456521739130437,0.5,0.5066278814685896,0.006627881468589614,0.6627881468589614,0.14,0.1811926605504587,improvement
0.75,0.5,11.0,0.2,0.0,0.1,-0.04347826086956526,0.004347826086956526,0.5,0.5065205990113076,0.006520599011307637,0.6520599011307637,0.14,0.18181818181818182,improvement
0.75,0.5,11.100000000000001,0.2,0.0,0.1,-0.042391304347826106,0.004239130434782611,0.5,0.506410598983698,0.0064105989836980015,0.6410598983698002,0.14,0.18243243243243246,improvement
0.75,0.5,11.2,0.2,0.0,0.1,-0.041304347826086996,0.0041304347826087,0.5,0.506297881265418,0.0062978812654179706,0.629788126541797,0.14,0.1830357142857143,improvement
0.75,0.5,11.3,0.2,0.0,0.1,-0.040217391304347844,0.004021739130434784,0.5,0.5061824457369442,0.006182445736944153,0.6182445736944153,0.14,0.1836283185840708,improvement
0.75,0.5,11.4,0.2,0.0,0.1,-0.03913043478260873,0.003913043478260873,0.5,0.5060642922799239,0.0060642922799238885,0.6064292279923889,0.14,0.1842105263157895,improvement
0.75,0.5,11.5,0.2,0.0,0.1,-0.0380434782608696,0.0038043478260869606,0.5,0.5059434207775363,0.00594342077753629,0.594342077753629,0.14,0.18478260869565216,improvement
0.75,0.5,11.600000000000001,0.2,0.0,0.1,-0.036956521739130443,0.0036956521739130443,0.5,0.5058198311148632,0.005819831114863172,0.5819831114863172,0.14,0.1853448275862069,improvement
0.75,0.5,11.7,0.2,0.0,0.1,-0.03586956521739134,0.003586956521739134,0.5,0.505693523179269,0.005693523179268967,0.5693523179268967,0.14,0.1858974358974359,improvement
0.75,0.5,11.8,0.2,0.0,0.1,-0.03478260869565221,0.003478260869565221,0.5,0.5055644968607913,0.0055644968607913015,0.5564496860791301,0.14,0.1864406779661017,improvement
0.75,0.5,11.9,0.2,0.0,0.1,-0.03369565217391308,0.003369565217391308,0.5,0.5054327520525403,0.005432752052540346,0.5432752052540346,0.14,0.1869747899159664,improvement
0.75,0.5,12.0,0.2,0.0,0.1,-0.03260869565217395,0.003260869565217395,0.5,0.5052982886511088,0.005298288651108818,0.5298288651108818,0.14,0.1875,improvement
0.75,0.5,12.100000000000001,0.2,0.0,0.1,-0.03152173913043479,0.003152173913043479,0.5,0.5051611065569905,0.005161106556990536,0.5161106556990536,0.14,0.18801652892561985,improvement
0.75,0.5,12.2,0.2,0.0,0.1,-0.03043478260869568,0.003043478260869568,0.5,0.5050212056750096,0.005021205675009632,0.5021205675009632,0.14,0.1885245901639344,improvement
0.75,0.5,12.3,0.2,0.0,0.1,-0.02934782608695655,0.002934782608695655,0.5,0.5048785859147584,0.0048785859147584265,0.48785859147584265,0.14,0.18902439024390244,improvement
0.75,0.5,12.4,0.2,0.0,0.1,-0.02826086956521742,0.0028260869565217422,0.5,0.5047332471910466,0.004733247191046619,0.4733247191046619,0.14,0.18951612903225806,improvement
0.75,0.5,12.5,0.2,0.0,0.1,-0.027173913043478288,0.002717391304347829,0.5,0.504585189424358,0.004585189424358038,0.4585189424358038,0.14,0.19,improvement
0.75,0.5,12.600000000000001,0.2,0.0,0.1,-0.026086956521739157,0.002608695652173916,0.5,0.5044344125413187,0.004434412541318711,0.4434412541318711,0.14,0.19047619047619047,improvement
0.75,0.5,12.7,0.2,0.0,0.1,-0.02500000000000005,0.0025000000000000053,0.5,0.504280916475174,0.004280916475174035,0.4280916475174035,0.14,0.19094488188976377,improvement
0.75,0.5,12.8,0.2,0.0,0.1,-0.02391304347826089,0.0023913043478260895,0.5,0.5041247011662757,0.004124701166275724,0.4124701166275724,0.14,0.19140625,improvement
0.75,0.5,12.9,0.2,0.0,0.1,-0.02282608695652176,0.0022826086956521763,0.5,0.5039657665625781,0.003965766562578077,0.3965766562578077,0.14,0.19186046511627908,improvement
0.75,0.5,13.0,0.2,0.0,0.1,-0.02173913043478263,0.002173913043478263,0.5,0.5038041126201439,0.003804112620143907,0.3804112620143907,0.14,0.1923076923076923,improvement
0.75,0.5,13.100000000000001,0.2,0.0,0.1,-0.020652173913043498,0.00206521739130435,0.5,0.5036397393036611,0.003639739303661127,0.3639739303661127,0.14,0.19274809160305345,improvement
0.75,0.5,13.2,0.2,0.0,0.1,-0.01956521739130439,0.0019565217391304393,0.5,0.5034726465869678,0.003472646586967776,0.3472646586967776,0.14,0.19318181818181818,improvement
0.75,0.5,13.3,0.2,0.0,0.1,-0.018478260869565236,0.0018478260869565237,0.5,0.503302834453587,0.0033028344535870335,0.33028344535870335,0.14,0.19360902255639098,improvement
0.75,0.5,13.4,0.2,0.0,0.1,-0.01739130434782613,0.0017391304347826129,0.5,0.5031303028972722,0.00313030289727223,0.313030289727223,0.14,0.19402985074626866,improvement
0.75,0.5,13.5,0.2,0.0,0.1,-0.016304347826086998,0.0016304347826087,0.5,0.5029550519225614,0.0029550519225614025,0.29550519225614025,0.14,0.19444444444444445,improvement
0.75,0.5,13.600000000000001,0.2,0.0,0.1,-0.01521739130434784,0.001521739130434784,0.5,0.5027770815453413,0.0027770815453412867,0.27770815453412867,0.14,0.1948529411764706,improvement
0.75,0.5,13.7,0.2,0.0,0.1,-0.014130434782608734,0.0014130434782608735,0.5,0.5025963917934204,0.002596391793420416,0.2596391793420416,0.14,0.19525547445255476,improvement
0.75,0.5,13.8,0.2,0.0,0.1,-0.013043478260869603,0.0013043478260869603,0.5,0.5024129827071133,0.0024129827071133203,0.24129827071133203,0.14,0.1956521739130435,improvement
0.75,0.5,13.9,0.2,0.0,0.1,-0.01195652173913047,0.0011956521739130471,0.5,0.5022268543398324,0.002226854339832385,0.22268543398323848,0.14,0.1960431654676259,improvement
0.75,0.5,14.0,0.2,0.0,0.1,-0.010869565217391339,0.001086956521739134,0.5,0.5020380067586914,0.0020380067586913686,0.20380067586913686,0.14,0.19642857142857142,improvement
0.75,0.5,6.0,0.2025,0.0,0.1,-0.1011969532100109,0.010119695321001092,0.5,0.5088523917048369,0.00885239170483687,0.885239170483687,0.14175,0.125,improvement
0.75,0.5,6.1,0.2025,0.0,0.1,-0.10016322089227424,0.010016322089227425,0.5,0.5088871002913574,0.00888710029135742,0.8887100291357419,0.14175,0.12704918032786883,improvement
0.75,0.5,6.2,0.2025,0.0,0.1,-0.09912948857453756,0.009912948857453757,0.5,0.5089192264253871,0.008919226425387117,0.8919226425387117,0.14175,0.12903225806451613,improvement
0.75,0.5,6.3,0.2025,0.0,0.1,-0.09809575625680089,0.00980957562568009,0.5,0.50894877018964,0.00894877018964002,0.8948770189640021,0.14175,0.13095238095238093,improvement
0.75,0.5,6.4,0.2025,0.0,0.1,-0.09706202393906421,0.009706202393906422,0.5,0.5089757316628604,0.008975731662860365,0.8975731662860365,0.14175,0.1328125,improvement
0.75,0.5,6.5,0.2025,0.0,0.1,-0.09602829162132756,0.009602829162132757,0.5,0.5090001109196867,0.009000110919686666,0.9000110919686666,0.14175,0.1346153846153846,improvement
0.75,0.5,6.6,0.2025,0.0,0.1,-0.0949945593035909,0.00949945593035909,0.5,0.5090219080305243,0.009021908030524273,0.9021908030524273,0.14175,0.13636363636363635,improvement
0.75,0.5,6.7,0.2025,0.0,0.1,-0.09396082698585421,0.009396082698585422,0.5,0.5090411230614263,0.009041123061426348,0.9041123061426348,0.14175,0.13805970149253732,improvement
0.75,0.5,6.8,0.2025,0.0,0.1,-0.09292709466811755,0.009292709466811756,0.5,0.5090577560739822,0.009057756073982182,0.9057756073982182,0.14175,0.13970588235294118,improvement
0.75,0.5,6.9,0.2025,0.0,0.1,-0.09189336235038087,0.009189336235038087,0.5,0.509071807125215,0.009071807125215048,0.9071807125215048,0.14175,0.14130434782608697,improvement
0.75,0.5,7.0,0.2025,0.0,0.1,-0.0908596300326442,0.00908596300326442,0.5,0.5090832762674875,0.009083276267487506,0.9083276267487506,0.14175,0.14285714285714285,improvement
0.75,0.5,7.1,0.2025,0.0,0.1,-0.08982589771490754,0.008982589771490754,0.5,0.5090921635484154,0.009092163548415355,0.9092163548415355,0.14175,0.14436619718309857,improvement
0.75,0.5,7.2,0.2025,0.0,0.1,-0.08879216539717086,0.008879216539717086,0.5,0.5090984690107891,0.009098469010789145,0.9098469010789145,0.14175,0.14583333333333334,improvement
0.75,0.5,7.3,0.2025,0.0,0.1,-0.08775843307943419,0.00877584330794342,0.5,0.509102192692505,0.009102192692505007,0.9102192692505007,0.14175,0.14726027397260272,improvement
0.75,0.5,7.4,0.2025,0.0,0.1,-0.08672470076169751,0.008672470076169751,0.5,0.5091033346265033,0.009103334626503257,0.9103334626503257,0.14175,0.14864864864864866,improvement
0.75,0.5,7.5,0.2025,0.0,0.1,-0.08569096844396085,0.008569096844396084,0.5,0.5091018948407143,0.00910189484071433,0.9101894840714331,0.14175,0.15,improvement
0.75,0.5,7.6,0.2025,0.0,0.1,-0.0846572361262242,0.00846572361262242,0.5,0.5090978733580152,0.009097873358015152,0.9097873358015152,0.14175,0.1513157894736842,improvement
0.75,0.5,7.7,0.2025,0.0,0.1,-0.08362350380848751,0.008362350380848751,0.5,0.5090912701961912,0.009091270196191159,0.9091270196191159,0.14175,0.1525974025974026,improvement
0.75,0.5,7.8,0.2025,0.0,0.1,-0.08258977149075085,0.008258977149075085,0.5,0.509082085367909,0.009082085367908999,0.9082085367908999,0.14175,0.15384615384615385,improvement
0.75,0.5,7.9,0.2025,0.0,0.1,-0.08155603917301417,0.008155603917301418,0.5,0.5090703188806952,0.009070318880695205,0.9070318880695205,0.14175,0.1550632911392405,improvement
0.75,0.5,8.0,0.2025,0.0,0.1,-0.0805223068552775,0.008052230685527751,0.5,0.5090559707369253,0.009055970736925323,0.9055970736925323,0.14175,0.15625,improvement
0.75,0.5,8.1,0.2025,0.0,0.1,-0.07948857453754084,0.007948857453754085,0.5,0.5090390409338195,0.009039040933819464,0.9039040933819464,0.14175,0.15740740740740738,improvement
0.75,0.5,8.2,0.2025,0.0,0.1,-0.07845484221980417,0.007845484221980418,0.5,0.5090195294634472,0.009019529463447196,0.9019529463447196,0.14175,0.15853658536585363,improvement
0.75,0.5,8.3,0.2025,0.0,0.1,-0.07742110990206748,0.007742110990206748,0.5,0.5089974363127401,0.008997436312740081,0.8997436312740081,0.14175,0.15963855421686748,improvement
0.75,0.5,8.4,0.2025,0.0,0.1,-0.07638737758433081,0.007638737758433082,0.5,0.5089727614635132,0.008972761463513224,0.8972761463513224,0.14175,0.1607142857142857,improvement
0.75,0.5,8.5,0.2025,0.0,0.1,-0.07535364526659415,0.007535364526659415,0.5,0.5089455048924943,0.00894550489249435,0.8945504892494349,0.14175,0.16176470588235292,improvement
0.75,0.5,8.6,0.2025,0.0,0.1,-0.0743199129488575,0.00743199129488575,0.5,0.508915666571361,0.008915666571361003,0.8915666571361003,0.14175,0.16279069767441862,improvement
0.75,0.5,8.7,0.2025,0.0,0.1,-0.07328618063112083,0.0073286180631120836,0.5,0.5088832464667868,0.008883246466786843,0.8883246466786843,0.14175,0.16379310344827586,improvement
0.75,0.5,8.8,0.2025,0.0,0.1,-0.07225244831338413,0.0072252448313384135,0.5,0.5088482445404956,0.008848244540495598,0.8848244540495598,0.14175,0.1647727272727273,improvement
0.75,0.5,8.9,0.2025,0.0,0.1,-0.07121871599564747,0.007121871599564747,0.5,0.5088106607493234,0.008810660749323351,0.8810660749323351,0.14175,0.1657303370786517,improvement
0.75,0.5,9.0,0.2025,0.0,0.1,-0.0701849836779108,0.00701849836779108,0.5,0.5087704950452889,0.008770495045288929,0.8770495045288929,0.14175,0.16666666666666669,improvement
0.75,0.5,9.1,0.2025,0.0,0.1,-0.06915125136017414,0.006915125136017414,0.5,0.5087277473756731,0.008727747375673056,0.8727747375673056,0.14175,0.1675824175824176,improvement
0.75,0.5,9.2,0.2025,0.0,0.1,-0.06811751904243747,0.006811751904243747,0.5,0.5086824176831053,0.008682417683105292,0.8682417683105292,0.14175,0.16847826086956522,improvement
0.75,0.5,9.3,0.2025,0.0,0.1,-0.06708378672470078,0.006708378672470078,0.5,0.5086345059056596,0.008634505905659617,0.8634505905659617,0.14175,0.16935483870967744,improvement
0.75,0.5,9.4,0.2025,0.0,0.1,-0.06605005440696411,0.006605005440696411,0.5,0.5085840119769574,0.00858401197695735,0.8584011976957351,0.14175,0.17021276595744683,improvement
0.75,0.5,9.5,0.2025,0.0,0.1,-0.06501632208922745,0.006501632208922745,0.5,0.50853093582628,0.00853093582627995,0.8530935826279951,0.14175,0.17105263157894737,improvement
0.75,0.5,9.6,0.2025,0.0,0.1,-0.06398258977149078,0.006398258977149078,0.5,0.5084752773786885,0.008475277378688473,0.8475277378688473,0.14175,0.171875,improvement
0.75,0.5,9.7,0.2025,0.0,0.1,-0.06294885745375413,0.006294885745375413,0.5,0.5084170365551526,0.00841703655515258,0.8417036555152579,0.14175,0.17268041237113402,improvement
0.75,0.5,9.8,0.2025,0.0,0.1,-0.061915125136017435,0.006191512513601744,0.5,0.5083562132726865,0.008356213272686541,0.8356213272686541,0.14175,0.17346938775510207,improvement
0.75,0.5,9.9,0.2025,0.0,0.1,-0.06088139281828077,0.006088139281828078,0.5,0.5082928074444943,0.008292807444494343,0.8292807444494343,0.14175,0.17424242424242425,improvement
0.75,0.5,10.0,0.2025,0.0,0.1,-0.0598476605005441,0.005984766050054411,0.5,0.5082268189801238,0.008226818980123785,0.8226818980123785,0.14175,0.175,improvement
0.75,0.5,10.100000000000001,0.2025,0.0,0.1,-0.05881392818280741,0.005881392818280741,0.5,0.5081582477856265,0.00815824778562646,0.815824778562646,0.14175,0.17574257425742576,improvement
0.75,0.5,10.2,0.2025,0.0,0.1,-0.05778019586507077,0.005778019586507078,0.5,0.508087093763729,0.008087093763728959,0.8087093763728959,0.14175,0.1764705882352941,improvement
0.75,0.5,10.3,0.2025,0.0,0.1,-0.056746463547334085,0.005674646354733409,0.5,0.5080133568140103,0.008013356814010275,0.8013356814010275,0.14175,0.17718446601941748,improvement
0.75,0.5,10.4,0.2025,0.0,0.1,-0.05571273122959742,0.005571273122959742,0.5,0.5079370368330879,0.007937036833087885,0.7937036833087885,0.14175,0.1778846153846154,improvement
0.75,0.5,10.5,0.2025,0.0,0.1,-0.05467899891186075,0.0054678998911860755,0.5,0.5078581337148129,0.00785813371481292,0.785813371481292,0.14175,0.17857142857142858,improvement
0.75,0.5,10.600000000000001,0.2025,0.0,0.1,-0.05364526659412406,0.005364526659412406,0.5,0.5077766473504728,0.007776647350472787,0.7776647350472787,0.14175,0.17924528301886794,improvement
0.75,0.5,10.7,0.2025,0.0,0.1,-0.05261153427638741,0.0052611534276387414,0.5,0.5076925776290026,0.0076925776290025505,0.769257762900255,0.14175,0.17990654205607476,improvement
0.75,0.5,10.8,0.2025,0.0,0.1,-0.051577801958650735,0.005157780195865074,0.5,0.5076059244372042,0.007605924437204203,0.7605924437204203,0.14175,0.18055555555555558,improvement
0.75,0.5,10.9,0.2025,0.0,0.1,-0.050544069640914076,0.005054406964091408,0.5,0.507516687659975,0.007516687659975041,0.7516687659975041,0.14175,0.1811926605504587,improvement
0.75,0.5,11.0,0.2025,0.0,0.1,-0.0495103373231774,0.004951033732317741,0.5,0.5074248671805426,0.0074248671805425825,0.7424867180542583,0.14175,0.18181818181818182,improvement
0.75,0.5,11.100000000000001,0.2025,0.0,0.1,-0.04847660500544072,0.0048476605005440725,0.5,0.5073304628807105,0.007330462880710487,0.7330462880710487,0.14175,0.18243243243243246,improvement
0.75,0.5,11.2,0.2025,0.0,0.1,-0.04744287268770407,0.004744287268770408,0.5,0.5072334746411099,0.007233474641109905,0.7233474641109905,0.14175,0.1830357142857143,improvement
0.75,0.5,11.3,0.2025,0.0,0.1,-0.04640914036996739,0.004640914036996739,0.5,0.5071339023414616,0.0071339023414616065,0.7133902341461607,0.14175,0.1836283185840708,improvement
0.75,0.5,11.4,0.2025,0.0,0.1,-0.04537540805223072,0.004537540805223072,0.5,0.5070317458608443,0.007031745860844318,0.7031745860844318,0.14175,0.1842105263157895,improvement
0.75,0.5,11.5,0.2025,0.0,0.1,-0.04434167573449404,0.004434167573449404,0.5,0.5069270050779733,0.006927005077973281,0.6927005077973281,0.14175,0.18478260869565216,improvement
0.75,0.5,11.600000000000001,0.2025,0.0,0.1,-0.04330794341675736,0.004330794341675736,0.5,0.5068196798714857,0.006819679871485684,0.6819679871485684,0.14175,0.1853448275862069,improvement
0.75,0.5,11.7,0.2025,0.0,0.1,-0.04227421109902071,0.004227421109902071,0.5,0.5067097701202345,0.006709770120234548,0.6709770120234548,0.14175,0.1858974358974359,improvement
0.75,0.5,11.8,0.2025,0.0,0.1,-0.041240478781284035,0.004124047878128404,0.5,0.5065972757035924,0.006597275703592365,0.6597275703592365,0.14175,0.1864406779661017,improvement
0.75,0.5,11.9,0.2025,0.0,0.1,-0.040206746463547376,0.004020674646354738,0.5,0.5064821965017612,0.006482196501761184,0.6482196501761184,0.14175,0.1869747899159664,improvement
0.75,0.5,12.0,0.2025,0.0,0.1,-0.0391730141458107,0.003917301414581071,0.5,0.5063645323960921,0.006364532396092137,0.6364532396092137,0.14175,0.1875,improvement
0.75,0.5,12.100000000000001,0.2025,0.0,0.1,-0.03813928182807402,0.0038139281828074023,0.5,0.5062442832694132,0.006244283269413176,0.6244283269413176,0.14175,0.18801652892561985,improvement
0.75,0.5,12.2,0.2025,0.0,0.1,-0.03710554951033737,0.0037105549510337375,0.5,0.5061214490063641,0.0061214490063641325,0.6121449006364132,0.14175,0.1885245901639344,improvement
0.75,0.5,12.3,0.2025,0.0,0.1,-0.03607181719260069,0.003607181719260069,0.5,0.5059960294937424,0.00599602949374245,0.599602949374245,0.14175,0.18902439024390244,improvement
0.75,0.5,12.4,0.2025,0.0,0.1,-0.03503808487486402,0.003503808487486402,0.5,0.5058680246208538,0.0058680246208537845,0.5868024620853785,0.14175,0.18951612903225806,improvement
0.75,0.5,12.5,0.2025,0.0,0.1,-0.03400435255712736,0.003400435255712736,0.5,0.5057374342798749,0.005737434279874942,0.5737434279874942,0.14175,0.19,improvement
0.75,0.5,12.600000000000001,0.2025,0.0,0.1,-0.03297062023939066,0.003297062023939066,0.5,0.5056042583662215,0.005604258366221471,0.5604258366221471,0.14175,0.19047619047619047,improvement
0.75,0.5,12.7,0.2025,0.0,0.1,-0.03193688792165401,0.003193688792165401,0.5,0.5054684967789258,0.005468496778925802,0.5468496778925802,0.14175,0.19094488188976377,improvement
0.75,0.5,12.8,0.2025,0.0,0.1,-0.03090315560391733,0.003090315560391733,0.5,0.5053301494210232,0.005330149421023167,0.5330149421023167,0.14175,0.19140625,improvement
0.75,0.5,12.9,0.2025,0.0,0.1,-0.02986942328618068,0.002986942328618068,0.5,0.5051892161999462,0.005189216199946167,0.5189216199946167,0.14175,0.19186046511627908,improvement
0.75,0.5,13.0,0.2025,0.0,0.1,-0.028835690968444,0.0028835690968444,0.5,0.505045697027926,0.0050456970279260105,0.504569702792601,0.14175,0.1923076923076923,improvement
0.75,0.5,13.100000000000001,0.2025,0.0,0.1,-0.027801958650707323,0.0027801958650707326,0.5,0.5048995918224051,0.004899591822405069,0.48995918224050694,0.14175,0.19274809160305345,improvement
0.75,0.5,13.2,0.2025,0.0,0.1,-0.02676822633297067,0.0026768226332970673,0.5,0.5047509005064545,0.004750900506454547,0.47509005064545473,0.14175,0.19318181818181818,improvement
0.75,0.5,13.3,0.2025,0.0,0.1,-0.02573449401523399,0.0025734494015233994,0.5,0.504599623009203,0.004599623009203024,0.45996230092030244,0.14175,0.19360902255639098,improvement
0.75,0.5,13.4,0.2025,0.0,0.1,-0.024700761697497315,0.0024700761697497315,0.5,0.5044457592662719,0.004445759266271887,0.4445759266271887,0.14175,0.19402985074626866,improvement
0.75,0.5,13.5,0.2025,0.0,0.1,-0.02366702937976064,0.002366702937976064,0.5,0.5042893092202192,0.004289309220219195,0.4289309220219195,0.14175,0.19444444444444445,improvement
0.75,0.5,13.600000000000001,0.2025,0.0,0.1,-0.02263329706202396,0.002263329706202396,0.5,0.5041302728209931,0.004130272820993097,0.4130272820993097,0.14175,0.1948529411764706,improvement
0.75,0.5,13.7,0.2025,0.0,0.1,-0.021599564744287307,0.002159956474428731,0.5,0.5039686500263911,0.0039686500263911295,0.39686500263911295,0.14175,0.19525547445255476,improvement
0.75,0.5,13.8,0.2025,0.0,0.1,-0.02056583242655063,0.002056583242655063,0.5,0.503804440802531,0.0038044408025309506,0.38044408025309506,0.14175,0.1956521739130435,improvement
0.75,0.5,13.9,0.2025,0.0,0.1,-0.019532100108813975,0.0019532100108813977,0.5,0.5036376451243264,0.003637645124326405,0.3637645124326405,0.14175,0.1960431654676259,improvement
0.75,0.5,14.0,0.2025,0.0,0.1,-0.0184983677910773,0.00184983677910773,0.5,0.5034682629759739,0.0034682629759739125,0.34682629759739125,0.14175,0.19642857142857142,improvement
0.75,0.5,6.0,0.20500000000000002,0.0,0.1,-0.10457516339869283,0.010457516339869284,0.5,0.5091477427291513,0.00914774272915131,0.9147742729151309,0.14350000000000002,0.125,improvement
0.75,0.5,6.1,0.20500000000000002,0.0,0.1,-0.10359477124183009,0.01035947712418301,0.5,0.5091913967721816,0.009191396772181615,0.9191396772181615,0.14350000000000002,0.12704918032786883,improvement
0.75,0.5,6.2,0.20500000000000002,0.0,0.1,-0.10261437908496734,0.010261437908496734,0.5,0.5092326015172275,0.00923260151722749,0.923260151722749,0.14350000000000002,0.12903225806451613,improvement
0.75,0.5,6.3,0.20500000000000002,0.0,0.1,-0.1016339869281046,0.01016339869281046,0.5,0.5092713570591116,0.00927135705911164,0.927135705911164,0.14350000000000002,0.13095238095238093,improvement
0.75,0.5,6.4,0.20500000000000002,0.0,0.1,-0.10065359477124185,0.010065359477124185,0.5,0.5093076634893596,0.00930766348935963,0.930766348935963,0.14350000000000002,0.1328125,improvement
0.75,0.5,6.5,0.20500000000000002,0.0,0.1,-0.09967320261437912,0.009967320261437913,0.5,0.5093415208960528,0.00934152089605278,0.934152089605278,0.14350000000000002,0.1346153846153846,improvement
0.75,0.5,6.6,0.20500000000000002,0.0,0.1,-0.09869281045751636,0.009869281045751637,0.5,0.5093729293636888,0.009372929363688831,0.9372929363688831,0.14350000000000002,0.13636363636363635,improvement
0.75,0.5,6.7,0.20500000000000002,0.0,0.1,-0.09771241830065362,0.009771241830065364,0.5,0.5094018889730489,0.009401888973048944,0.9401888973048944,0.14350000000000002,0.13805970149253732,improvement
0.75,0.5,6.8,0.20500000000000002,0.0,0.1,-0.09673202614379088,0.009673202614379088,0.5,0.5094283998010727,0.009428399801072684,0.9428399801072684,0.14350000000000002,0.13970588235294118,improvement
0.75,0.5,6.9,0.20500000000000002,0.0,0.1,-0.09575163398692813,0.009575163398692813,0.5,0.5094524619207391,0.00945246192073912,0.9452461920739119,0.14350000000000002,0.14130434782608697,improvement
0.75,0.5,7.0,0.20500000000000002,0.0,0.1,-0.09477124183006538,0.009477124183006539,0.5,0.509474075400955,0.009474075400955018,0.9474075400955018,0.14350000000000002,0.14285714285714285,improvement
0.75,0.5,7.1,0.20500000000000002,0.0,0.1,-0.09379084967320264,0.009379084967320265,0.5,0.5094932403064512,0.009493240306451156,0.9493240306451156,0.14350000000000002,0.14436619718309857,improvement
0.75,0.5,7.2,0.20500000000000002,0.0,0.1,-0.0928104575163399,0.009281045751633991,0.5,0.5095099566976847,0.00950995669768473,0.9509956697684729,0.14350000000000002,0.14583333333333334,improvement
0.75,0.5,7.3,0.20500000000000002,0.0,0.1,-0.09183006535947714,0.009183006535947716,0.5,0.5095242246307486,0.009524224630748646,0.9524224630748646,0.14350000000000002,0.14726027397260272,improvement
0.75,0.5,7.4,0.20500000000000002,0.0,0.1,-0.0908496732026144,0.00908496732026144,0.5,0.5095360441572885,0.009536044157288481,0.9536044157288481,0.14350000000000002,0.14864864864864866,improvement
0.75,0.5,7.5,0.20500000000000002,0.0,0.1,-0.08986928104575166,0.008986928104575166,0.5,0.5095454153244265,0.009545415324426543,0.9545415324426543,0.14350000000000002,0.15,improvement
0.75,0.5,7.6,0.20500000000000002,0.0,0.1,-0.08888888888888892,0.008888888888888892,0.5,0.5095523381746923,0.009552338174692254,0.9552338174692254,0.14350000000000002,0.1513157894736842,improvement
0.75,0.5,7.7,0.20500000000000002,0.0,0.1,-0.08790849673202618,0.008790849673202619,0.5,0.5095568127459598,0.009556812745959764,0.9556812745959764,0.14350000000000002,0.1525974025974026,improvement
0.75,0.5,7.8,0.20500000000000002,0.0,0.1,-0.08692810457516344,0.008692810457516345,0.5,0.5095588390713941,0.009558839071394098,0.9558839071394098,0.14350000000000002,0.15384615384615385,improvement
0.75,0.5,7.9,0.20500000000000002,0.0,0.1,-0.08594771241830068,0.00859477124183007,0.5,0.5095584171794013,0.009558417179401313,0.9558417179401313,0.14350000000000002,0.1550632911392405,improvement
0.75,0.5,8.0,0.20500000000000002,0.0,0.1,-0.08496732026143794,0.008496732026143794,0.5,0.5095555470935889,0.009555547093588856,0.9555547093588856,0.14350000000000002,0.15625,improvement
0.75,0.5,8.1,0.20500000000000002,0.0,0.1,-0.0839869281045752,0.00839869281045752,0.5,0.5095502288327308,0.009550228832730823,0.9550228832730823,0.14350000000000002,0.15740740740740738,improvement
0.75,0.5,8.2,0.20500000000000002,0.0,0.1,-0.08300653594771246,0.008300653594771246,0.5,0.5095424624107414,0.009542462410741415,0.9542462410741415,0.14350000000000002,0.15853658536585363,improvement
0.75,0.5,8.3,0.20500000000000002,0.0,0.1,-0.0820261437908497,0.00820261437908497,0.5,0.5095322478366544,0.009532247836654406,0.9532247836654406,0.14350000000000002,0.15963855421686748,improvement
0.75,0.5,8.4,0.20500000000000002,0.0,0.1,-0.08104575163398696,0.008104575163398697,0.5,0.5095195851146113,0.009519585114611262,0.9519585114611262,0.14350000000000002,0.1607142857142857,improvement
0.75,0.5,8.5,0.20500000000000002,0.0,0.1,-0.08006535947712422,0.008006535947712423,0.5,0.5095044742438539,0.009504474243853922,0.9504474243853922,0.14350000000000002,0.16176470588235292,improvement
0.75,0.5,8.6,0.20500000000000002,0.0,0.1,-0.07908496732026148,0.007908496732026147,0.5,0.5094869152187274,0.009486915218727354,0.9486915218727354,0.14350000000000002,0.16279069767441862,improvement
0.75,0.5,8.7,0.20500000000000002,0.0,0.1,-0.07810457516339873,0.0078104575163398735,0.5,0.5094669080286868,0.009466908028686771,0.9466908028686771,0.14350000000000002,0.16379310344827586,improvement
0.75,0.5,8.8,0.20500000000000002,0.0,0.1,-0.07712418300653597,0.007712418300653597,0.5,0.5094444526583133,0.009444452658313285,0.9444452658313285,0.14350000000000002,0.1647727272727273,improvement
0.75,0.5,8.9,0.20500000000000002,0.0,0.1,-0.07614379084967324,0.007614379084967324,0.5,0.5094195490873361,0.00941954908733611,0.941954908733611,0.14350000000000002,0.1657303370786517,improvement
0.75,0.5,9.0,0.20500000000000002,0.0,0.1,-0.0751633986928105,0.00751633986928105,0.5,0.5093921972906619,0.009392197290661874,0.9392197290661874,0.14350000000000002,0.16666666666666669,improvement
0.75,0.5,9.1,0.20500000000000002,0.0,0.1,-0.07418300653594774,0.007418300653594775,0.5,0.5093623972384109,0.009362397238410924,0.9362397238410924,0.14350000000000002,0.1675824175824176,improvement
0.75,0.5,9.2,0.20500000000000002,0.0,0.1,-0.07320261437908501,0.007320261437908502,0.5,0.5093301488959612,0.009330148895961177,0.9330148895961177,0.14350000000000002,0.16847826086956522,improvement
0.75,0.5,9.3,0.20500000000000002,0.0,0.1,-0.07222222222222226,0.007222222222222226,0.5,0.5092954522239975,0.009295452223997525,0.9295452223997525,0.14350000000000002,0.16935483870967744,improvement
0.75,0.5,9.4,0.20500000000000002,0.0,0.1,-0.0712418300653595,0.007124183006535951,0.5,0.5092583071785701,0.009258307178570124,0.9258307178570124,0.14350000000000002,0.17021276595744683,improvement
0.75,0.5,9.5,0.20500000000000002,0.0,0.1,-0.07026143790849676,0.007026143790849676,0.5,0.509218713711159,0.00921871371115901,0.921871371115901,0.14350000000000002,0.17105263157894737,improvement
0.75,0.5,9.6,0.20500000000000002,0.0,0.1,-0.06928104575163403,0.006928104575163404,0.5,0.5091766717687449,0.009176671768744926,0.9176671768744926,0.14350000000000002,0.171875,improvement
0.75,0.5,9.7,0.20500000000000002,0.0,0.1,-0.06830065359477128,0.006830065359477128,0.5,0.509132181293888,0.009132181293888042,0.9132181293888042,0.14350000000000002,0.17268041237113402,improvement
0.75,0.5,9.8,0.20500000000000002,0.0,0.1,-0.06732026143790852,0.006732026143790853,0.5,0.5090852422248147,0.00908524222481466,0.908524222481466,0.14350000000000002,0.17346938775510207,improvement
0.75,0.5,9.9,0.20500000000000002,0.0,0.1,-0.0663398692810458,0.00663398692810458,0.5,0.5090358544955083,0.009035854495508255,0.9035854495508255,0.14350000000000002,0.17424242424242425,improvement
0.75,0.5,10.0,0.20500000000000002,0.0,0.1,-0.06535947712418304,0.006535947712418304,0.5,0.5089840180358105,0.008984018035810504,0.8984018035810504,0.14350000000000002,0.175,improvement
0.75,0.5,10.100000000000001,0.20500000000000002,0.0,0.1,-0.06437908496732028,0.006437908496732029,0.5,0.5089297327715272,0.008929732771527199,0.8929732771527199,0.14350000000000002,0.17574257425742576,improvement
0.75,0.5,10.2,0.20500000000000002,0.0,0.1,-0.06339869281045757,0.0063398692810457576,0.5,0.5088729986245426,0.008872998624542605,0.8872998624542605,0.14350000000000002,0.1764705882352941,improvement
0.75,0.5,10.3,0.20500000000000002,0.0,0.1,-0.062418300653594806,0.006241830065359481,0.5,0.50881381551294,0.008813815512940026,0.8813815512940026,0.14350000000000002,0.17718446601941748,improvement
0.75,0.5,10.4,0.20500000000000002,0.0,0.1,-0.06143790849673206,0.0061437908496732065,0.5,0.5087521833511301,0.00875218335113015,0.875218335113015,0.14350000000000002,0.1778846153846154,improvement
0.75,0.5,10.5,0.20500000000000002,0.0,0.1,-0.06045751633986932,0.006045751633986933,0.5,0.5086881020499852,0.008688102049985158,0.8688102049985158,0.14350000000000002,0.17857142857142858,improvement
0.75,0.5,10.600000000000001,0.20500000000000002,0.0,0.1,-0.059477124183006554,0.005947712418300655,0.5,0.5086215715169818,0.00862157151698184,0.8621571516981841,0.14350000000000002,0.17924528301886794,improvement
0.75,0.5,10.7,0.20500000000000002,0.0,0.1,-0.05849673202614383,0.005849673202614383,0.5,0.50855259165635,0.008552591656350028,0.8552591656350028,0.14350000000000002,0.17990654205607476,improvement
0.75,0.5,10.8,0.20500000000000002,0.0,0.1,-0.05751633986928108,0.005751633986928108,0.5,0.5084811623692285,0.008481162369228468,0.8481162369228468,0.14350000000000002,0.18055555555555558,improvement
0.75,0.5,10.9,0.20500000000000002,0.0,0.1,-0.05653594771241834,0.005653594771241835,0.5,0.5084072835538294,0.008407283553829359,0.8407283553829359,0.14350000000000002,0.1811926605504587,improvement
0.75,0.5,11.0,0.20500000000000002,0.0,0.1,-0.055555555555555594,0.00555555555555556,0.5,0.5083309551056068,0.008330955105606774,0.8330955105606774,0.14350000000000002,0.18181818181818182,improvement
0.75,0.5,11.100000000000001,0.20500000000000002,0.0,0.1,-0.05457516339869284,0.0054575163398692846,0.5,0.5082521769174358,0.00825217691743585,0.825217691743585,0.14350000000000002,0.18243243243243246,improvement
0.75,0.5,11.2,0.20500000000000002,0.0,0.1,-0.05359477124183012,0.0053594771241830125,0.5,0.5081709488797959,0.008170948879795858,0.8170948879795858,0.14350000000000002,0.1830357142857143,improvement
0.75,0.5,11.3,0.20500000000000002,0.0,0.1,-0.052614379084967355,0.005261437908496736,0.5,0.5080872708809625,0.008087270880962505,0.8087270880962505,0.14350000000000002,0.1836283185840708,improvement
0.75,0.5,11.4,0.20500000000000002,0.0,0.1,-0.05163398692810462,0.005163398692810462,0.5,0.5080011428072062,0.008001142807206207,0.8001142807206207,0.14350000000000002,0.1842105263157895,improvement
0.75,0.5,11.5,0.20500000000000002,0.0,0.1,-0.050653594771241865,0.005065359477124187,0.5,0.5079125645429976,0.007912564542997602,0.7912564542997602,0.14350000000000002,0.18478260869565216,improvement
0.75,0.5,11.600000000000001,0.20500000000000002,0.0,0.1,-0.04967320261437911,0.004967320261437911,0.5,0.5078215359712206,0.007821535971220595,0.7821535971220595,0.14350000000000002,0.1853448275862069,improvement
0.75,0.5,11.7,0.20500000000000002,0.0,0.1,-0.048692810457516396,0.00486928104575164,0.5,0.5077280569733924,0.007728056973392405,0.7728056973392405,0.14350000000000002,0.1858974358974359,improvement
0.75,0.5,11.8,0.20500000000000002,0.0,0.1,-0.04771241830065364,0.004771241830065364,0.5,0.5076321274298896,0.0076321274298896125,0.7632127429889612,0.14350000000000002,0.1864406779661017,improvement
0.75,0.5,11.9,0.20500000000000002,0.0,0.1,-0.04673202614379088,0.004673202614379088,0.5,0.5075337472201832,0.0075337472201831845,0.7533747220183185,0.14350000000000002,0.1869747899159664,improvement
0.75,0.5,12.0,0.20500000000000002,0.0,0.1,-0.04575163398692814,0.004575163398692814,0.5,0.5074329162230788,0.007432916223078845,0.7432916223078845,0.14350000000000002,0.1875,improvement
0.75,0.5,12.100000000000001,0.20500000000000002,0.0,0.1,-0.04477124183006539,0.004477124183006539,0.5,0.5073296343169656,0.00732963431696565,0.732963431696565,0.14350000000000002,0.18801652892561985,improvement
0.75,0.5,12.2,0.20500000000000002,0.0,0.1,-0.04379084967320265,0.004379084967320266,0.5,0.507223901380071,0.007223901380071007,0.7223901380071007,0.14350000000000002,0.1885245901639344,improvement
0.75,0.5,12.3,0.20500000000000002,0.0,0.1,-0.0428104575163399,0.00428104575163399,0.5,0.5071157172907232,0.007115717290723245,0.7115717290723245,0.14350000000000002,0.18902439024390244,improvement
0.75,0.5,12.4,0.20500000000000002,0.0,0.1,-0.04183006535947716,0.004183006535947716,0.5,0.5070050819276211,0.00700508192762106,0.700508192762106,0.14350000000000002,0.18951612903225806,improvement
0.75,0.5,12.5,0.20500000000000002,0.0,0.1,-0.04084967320261443,0.004084967320261443,0.5,0.5068919951701103,0.006891995170110299,0.6891995170110299,0.14350000000000002,0.19,improvement
0.75,0.5,12.600000000000001,0.20500000000000002,0.0,0.1,-0.03986928104575167,0.003986928104575168,0.5,0.5067764568984671,0.006776456898467065,0.6776456898467065,0.14350000000000002,0.19047619047619047,improvement
0.75,0.5,12.7,0.20500000000000002,0.0,0.1,-0.03888888888888894,0.003888888888888894,0.5,0.5066584669941891,0.0066584669941891494,0.665846699418915,0.14350000000000002,0.19094488188976377,improvement
0.75,0.5,12.8,0.20500000000000002,0.0,0.1,-0.037908496732026176,0.0037908496732026176,0.5,0.5065380253402935,0.006538025340293463,0.6538025340293463,0.14350000000000002,0.19140625,improvement
0.75,0.5,12.9,0.20500000000000002,0.0,0.1,-0.03692810457516345,0.003692810457516345,0.5,0.5064151318216215,0.006415131821621456,0.6415131821621456,0.14350000000000002,0.19186046511627908,improvement
0.75,0.5,13.0,0.20500000000000002,0.0,0.1,-0.03594771241830071,0.0035947712418300717,0.5,0.5062897863251508,0.006289786325150759,0.6289786325150759,0.14350000000000002,0.1923076923076923,improvement
0.75,0.5,13.100000000000001,0.20500000000000002,0.0,0.1,-0.03496732026143793,0.003496732026143793,0.5,0.5061619887403148,0.006161988740314817,0.6161988740314817,0.14350000000000002,0.19274809160305345,improvement
0.75,0.5,13.2,0.20500000000000002,0.0,0.1,-0.033986928104575216,0.003398692810457522,0.5,0.5060317389593291,0.006031738959329069,0.6031738959329069,0.14350000000000002,0.19318181818181818,improvement
0.75,0.5,13.3,0.20500000000000002,0.0,0.1,-0.03300653594771246,0.0033006535947712463,0.5,0.5058990368775245,0.005899036877524466,0.5899036877524466,0.14350000000000002,0.19360902255639098,improvement
0.75,0.5,13.4,0.20500000000000002,0.0,0.1,-0.032026143790849726,0.003202614379084973,0.5,0.5057638823936879,0.005763882393687858,0.5763882393687858,0.14350000000000002,0.19402985074626866,improvement
0.75,0.5,13.5,0.20500000000000002,0.0,0.1,-0.03104575163398697,0.0031045751633986974,0.5,0.5056262754104096,0.005626275410409609,0.5626275410409609,0.14350000000000002,0.19444444444444445,improvement
0.75,0.5,13.600000000000001,0.20500000000000002,0.0,0.1,-0.03006535947712421,0.0030065359477124214,0.5,0.5054862158344388,0.005486215834438757,0.5486215834438757,0.14350000000000002,0.1948529411764706,improvement
0.75,0.5,13.7,0.20500000000000002,0.0,0.1,-0.0290849673202615,0.00290849673202615,0.5,0.5053437035770446,0.005343703577044612,0.5343703577044612,0.14350000000000002,0.19525547445255476,improvement
0.75,0.5,13.8,0.20500000000000002,0.0,0.1,-0.028104575163398742,0.002810457516339874,0.5,0.5051987385543858,0.005198738554385796,0.5198738554385796,0.14350000000000002,0.1956521739130435,improvement
0.75,0.5,13.9,0.20500000000000002,0.0,0.1,-0.027124183006535983,0.0027124183006535987,0.5,0.5050513206878863,0.005051320687886274,0.5051320687886274,0.14350000000000002,0.1960431654676259,improvement
0.75,0.5,14.0,0.20500000000000002,0.0,0.1,-0.026143790849673252,0.0026143790849673253,0.5,0.5049014499046188,0.0049014499046188265,0.49014499046188265,0.14350000000000002,0.19642857142857142,improvement
0.75,0.5,6.0,0.20750000000000002,0.0,0.1,-0.10796074154852783,0.010796074154852784,0.5,0.5094437217032164,0.00944372170321639,0.944372170321639,0.14525000000000002,0.125,improvement
0.75,0.5,6.1,0.20750000000000002,0.0,0.1,-0.10703380588876775,0.010703380588876776,0.5,0.5094963395151442,0.00949633951514417,0.949633951514417,0.14525000000000002,0.12704918032786883,improvement
0.75,0.5,6.2,0.20750000000000002,0.0,0.1,-0.10610687022900765,0.010610687022900765,0.5,0.5095466414110321,0.00954664141103212,0.954664141103212,0.14525000000000002,0.12903225806451613,improvement
0.75,0.5,6.3,0.20750000000000002,0.0,0.1,-0.10517993456924757,0.010517993456924758,0.5,0.5095946274960877,0.009594627496087749,0.9594627496087749,0.14525000000000002,0.13095238095238093,improvement
0.75,0.5,6.4,0.20750000000000002,0.0,0.1,-0.10425299890948748,0.01042529989094875,0.5,0.5096402978729244,0.00964029787292442,0.9640297872924419,0.14525000000000002,0.1328125,improvement
0.75,0.5,6.5,0.20750000000000002,0.0,0.1,-0.1033260632497274,0.01033260632497274,0.5,0.5096836526414075,0.00968365264140747,0.968365264140747,0.14525000000000002,0.1346153846153846,improvement
0.75,0.5,6.6,0.20750000000000002,0.0,0.1,-0.10239912758996732,0.010239912758996732,0.5,0.5097246918985082,0.00972469189850822,0.972469189850822,0.14525000000000002,0.13636363636363635,improvement
0.75,0.5,6.7,0.20750000000000002,0.0,0.1,-0.10147219193020722,0.010147219193020723,0.5,0.5097634157381612,0.009763415738161196,0.9763415738161196,0.14525000000000002,0.13805970149253732,improvement
0.75,0.5,6.8,0.20750000000000002,0.0,0.1,-0.10054525627044714,0.010054525627044715,0.5,0.5097998242511299,0.009799824251129907,0.9799824251129907,0.14525000000000002,0.13970588235294118,improvement
0.75,0.5,6.9,0.20750000000000002,0.0,0.1,-0.09961832061068704,0.009961832061068704,0.5,0.5098339175248772,0.009833917524877167,0.9833917524877167,0.14525000000000002,0.14130434782608697,improvement
0.75,0.5,7.0,0.20750000000000002,0.0,0.1,-0.09869138495092697,0.009869138495092697,0.5,0.5098656956434415,0.00986569564344153,0.986569564344153,0.14525000000000002,0.14285714285714285,improvement
0.75,0.5,7.1,0.20750000000000002,0.0,0.1,-0.09776444929116689,0.009776444929116689,0.5,0.5098951586873203,0.009895158687320271,0.9895158687320271,0.14525000000000002,0.14436619718309857,improvement
0.75,0.5,7.2,0.20750000000000002,0.0,0.1,-0.09683751363140679,0.00968375136314068,0.5,0.5099223067333577,0.0099223067333577,0.99223067333577,0.14525000000000002,0.14583333333333334,improvement
0.75,0.5,7.3,0.20750000000000002,0.0,0.1,-0.0959105779716467,0.009591057797164671,0.5,0.5099471398546398,0.009947139854639797,0.9947139854639797,0.14525000000000002,0.14726027397260272,improvement
0.75,0.5,7.4,0.20750000000000002,0.0,0.1,-0.0949836423118866,0.00949836423118866,0.5,0.5099696581203943,0.009969658120394298,0.9969658120394298,0.14525000000000002,0.14864864864864866,improvement
0.75,0.5,7.5,0.20750000000000002,0.0,0.1,-0.09405670665212652,0.009405670665212654,0.5,0.5099898615958978,0.009989861595897764,0.9989861595897764,0.14525000000000002,0.15,improvement
0.75,0.5,7.6,0.20750000000000002,0.0,0.1,-0.09312977099236645,0.009312977099236645,0.5,0.5100077503423875,0.010007750342387545,1.0007750342387545,0.14525000000000002,0.1513157894736842,improvement
0.75,0.5,7.7,0.20750000000000002,0.0,0.1,-0.09220283533260636,0.009220283533260636,0.5,0.5100233244169801,0.010023324416980062,1.0023324416980062,0.14525000000000002,0.1525974025974026,improvement
0.75,0.5,7.8,0.20750000000000002,0.0,0.1,-0.09127589967284627,0.009127589967284628,0.5,0.5100365838725952,0.010036583872595206,1.0036583872595206,0.14525000000000002,0.15384615384615385,improvement
0.75,0.5,7.9,0.20750000000000002,0.0,0.1,-0.09034896401308617,0.009034896401308617,0.5,0.5100475287578868,0.010047528757886837,1.0047528757886837,0.14525000000000002,0.1550632911392405,improvement
0.75,0.5,8.0,0.20750000000000002,0.0,0.1,-0.08942202835332609,0.00894220283533261,0.5,0.5100561591171786,0.010056159117178609,1.005615911717861,0.14525000000000002,0.15625,improvement
0.75,0.5,8.1,0.20750000000000002,0.0,0.1,-0.08849509269356601,0.008849509269356601,0.5,0.5100624749904061,0.010062474990406134,1.0062474990406134,0.14525000000000002,0.15740740740740738,improvement
0.75,0.5,8.2,0.20750000000000002,0.0,0.1,-0.08756815703380592,0.008756815703380593,0.5,0.5100664764130652,0.01006647641306524,1.006647641306524,0.14525000000000002,0.15853658536585363,improvement
0.75,0.5,8.3,0.20750000000000002,0.0,0.1,-0.08664122137404583,0.008664122137404582,0.5,0.5100681634161661,0.01006816341616612,1.006816341616612,0.14525000000000002,0.15963855421686748,improvement
0.75,0.5,8.4,0.20750000000000002,0.0,0.1,-0.08571428571428574,0.008571428571428575,0.5,0.5100675360261925,0.01006753602619248,1.006753602619248,0.14525000000000002,0.1607142857142857,improvement
0.75,0.5,8.5,0.20750000000000002,0.0,0.1,-0.08478735005452566,0.008478735005452567,0.5,0.5100645942650688,0.010064594265068783,1.0064594265068783,0.14525000000000002,0.16176470588235292,improvement
0.75,0.5,8.6,0.20750000000000002,0.0,0.1,-0.08386041439476558,0.008386041439476558,0.5,0.5100593381501308,0.010059338150130825,1.0059338150130825,0.14525000000000002,0.16279069767441862,improvement
0.75,0.5,8.7,0.20750000000000002,0.0,0.1,-0.08293347873500549,0.00829334787350055,0.5,0.5100517676941047,0.010051767694104652,1.0051767694104652,0.14525000000000002,0.16379310344827586,improvement
0.75,0.5,8.8,0.20750000000000002,0.0,0.1,-0.0820065430752454,0.00820065430752454,0.5,0.5100418829050892,0.010041882905089228,1.0041882905089228,0.14525000000000002,0.1647727272727273,improvement
0.75,0.5,8.9,0.20750000000000002,0.0,0.1,-0.08107960741548531,0.008107960741548532,0.5,0.510029683786547,0.010029683786547006,1.0029683786547006,0.14525000000000002,0.1657303370786517,improvement
0.75,0.5,9.0,0.20750000000000002,0.0,0.1,-0.08015267175572523,0.008015267175572523,0.5,0.510015170337299,0.01001517033729904,1.001517033729904,0.14525000000000002,0.16666666666666669,improvement
0.75,0.5,9.1,0.20750000000000002,0.0,0.1,-0.07922573609596514,0.007922573609596514,0.5,0.5099983425515271,0.009998342551527095,0.9998342551527095,0.14525000000000002,0.1675824175824176,improvement
0.75,0.5,9.2,0.20750000000000002,0.0,0.1,-0.07829880043620506,0.007829880043620506,0.5,0.50997920041878,0.009979200418779977,0.9979200418779977,0.14525000000000002,0.16847826086956522,improvement
0.75,0.5,9.3,0.20750000000000002,0.0,0.1,-0.07737186477644496,0.007737186477644497,0.5,0.5099577439239888,0.009957743923988849,0.9957743923988849,0.14525000000000002,0.16935483870967744,improvement
0.75,0.5,9.4,0.20750000000000002,0.0,0.1,-0.07644492911668488,0.007644492911668488,0.5,0.5099339730474847,0.009933973047484668,0.9933973047484668,0.14525000000000002,0.17021276595744683,improvement
0.75,0.5,9.5,0.20750000000000002,0.0,0.1,-0.0755179934569248,0.0075517993456924795,0.5,0.5099078877650252,0.009907887765025158,0.9907887765025158,0.14525000000000002,0.17105263157894737,improvement
0.75,0.5,9.6,0.20750000000000002,0.0,0.1,-0.07459105779716471,0.007459105779716472,0.5,0.5098794880478249,0.009879488047824903,0.9879488047824903,0.14525000000000002,0.171875,improvement
0.75,0.5,9.7,0.20750000000000002,0.0,0.1,-0.07366412213740463,0.007366412213740463,0.5,0.5098487738625933,0.009848773862593307,0.9848773862593307,0.14525000000000002,0.17268041237113402,improvement
0.75,0.5,9.8,0.20750000000000002,0.0,0.1,-0.07273718647764452,0.007273718647764452,0.5,0.5098157451715775,0.009815745171577461,0.9815745171577461,0.14525000000000002,0.17346938775510207,improvement
0.75,0.5,9.9,0.20750000000000002,0.0,0.1,-0.07181025081788443,0.007181025081788444,0.5,0.5097804019326115,0.009780401932611538,0.9780401932611538,0.14525000000000002,0.17424242424242425,improvement
0.75,0.5,10.0,0.20750000000000002,0.0,0.1,-0.07088331515812436,0.007088331515812437,0.5,0.5097427440991711,0.009742744099171086,0.9742744099171086,0.14525000000000002,0.175,improvement
0.75,0.5,10.100000000000001,0.20750000000000002,0.0,0.1,-0.06995637949836427,0.006995637949836427,0.5,0.5097027716204353,0.009702771620435313,0.9702771620435313,0.14525000000000002,0.17574257425742576,improvement
0.75,0.5,10.2,0.20750000000000002,0.0,0.1,-0.0690294438386042,0.00690294438386042,0.5,0.5096604844413528,0.009660484441352812,0.9660484441352812,0.14525000000000002,0.1764705882352941,improvement
0.75,0.5,10.3,0.20750000000000002,0.0,0.1,-0.06810250817884408,0.006810250817884409,0.5,0.5096158825027154,0.00961588250271539,0.9615882502715389,0.14525000000000002,0.17718446601941748,improvement
0.75,0.5,10.4,0.20750000000000002,0.0,0.1,-0.067175572519084,0.0067175572519084,0.5,0.5095689657412363,0.009568965741236335,0.9568965741236335,0.14525000000000002,0.1778846153846154,improvement
0.75,0.5,10.5,0.20750000000000002,0.0,0.1,-0.06624863685932392,0.006624863685932392,0.5,0.5095197340896354,0.009519734089635357,0.9519734089635357,0.14525000000000002,0.17857142857142858,improvement
0.75,0.5,10.600000000000001,0.20750000000000002,0.0,0.1,-0.06532170119956383,0.006532170119956384,0.5,0.5094681874767297,0.009468187476729728,0.9468187476729728,0.14525000000000002,0.17924528301886794,improvement
0.75,0.5,10.7,0.20750000000000002,0.0,0.1,-0.06439476553980376,0.006439476553980377,0.5,0.5094143258275305,0.009414325827530545,0.9414325827530545,0.14525000000000002,0.17990654205607476,improvement
0.75,0.5,10.8,0.20750000000000002,0.0,0.1,-0.06346782988004365,0.006346782988004365,0.5,0.5093581490633458,0.009358149063345755,0.9358149063345755,0.14525000000000002,0.18055555555555558,improvement
0.75,0.5,10.9,0.20750000000000002,0.0,0.1,-0.06254089422028357,0.006254089422028358,0.5,0.5092996571018884,0.009299657101888403,0.9299657101888403,0.14525000000000002,0.1811926605504587,improvement
0.75,0.5,11.0,0.20750000000000002,0.0,0.1,-0.06161395856052349,0.00616139585605235,0.5,0.5092388498573915,0.00923884985739154,0.923884985739154,0.14525000000000002,0.18181818181818182,improvement
0.75,0.5,11.100000000000001,0.20750000000000002,0.0,0.1,-0.060687022900763395,0.00606870229007634,0.5,0.5091757272407289,0.009175727240728904,0.9175727240728904,0.14525000000000002,0.18243243243243246,improvement
0.75,0.5,11.2,0.20750000000000002,0.0,0.1,-0.059760087241003325,0.005976008724100333,0.5,0.5091102891595412,0.009110289159541152,0.9110289159541152,0.14525000000000002,0.1830357142857143,improvement
0.75,0.5,11.3,0.20750000000000002,0.0,0.1,-0.05883315158124322,0.005883315158124323,0.5,0.5090425355183685,0.009042535518368533,0.9042535518368533,0.14525000000000002,0.1836283185840708,improvement
0.75,0.5,11.4,0.20750000000000002,0.0,0.1,-0.05790621592148314,0.005790621592148314,0.5,0.508972466218789,0.008972466218789,0.8972466218788999,0.14525000000000002,0.1842105263157895,improvement
0.75,0.5,11.5,0.20750000000000002,0.0,0.1,-0.05697928026172305,0.005697928026172305,0.5,0.5089000811595632,0.0089000811595632,0.89000811595632,0.14525000000000002,0.18478260869565216,improvement
0.75,0.5,11.600000000000001,0.20750000000000002,0.0,0.1,-0.05605234460196296,0.005605234460196297,0.5,0.5088253802367846,0.008825380236784586,0.8825380236784586,0.14525000000000002,0.1853448275862069,improvement
0.75,0.5,11.7,0.20750000000000002,0.0,0.1,-0.05512540894220289,0.00551254089422029,0.5,0.5087483633440358,0.008748363344035837,0.8748363344035837,0.14525000000000002,0.1858974358974359,improvement
0.75,0.5,11.8,0.20750000000000002,0.0,0.1,-0.05419847328244278,0.005419847328244278,0.5,0.508669030372551,0.008669030372550957,0.8669030372550957,0.14525000000000002,0.1864406779661017,improvement
0.75,0.5,11.9,0.20750000000000002,0.0,0.1,-0.053271537622682705,0.0053271537622682705,0.5,0.5085873812113842,0.008587381211384248,0.8587381211384248,0.14525000000000002,0.1869747899159664,improvement
0.75,0.5,12.0,0.20750000000000002,0.0,0.1,-0.05234460196292262,0.005234460196292263,0.5,0.5085034157475838,0.008503415747583842,0.8503415747583842,0.14525000000000002,0.1875,improvement
0.75,0.5,12.100000000000001,0.20750000000000002,0.0,0.1,-0.05141766630316252,0.005141766630316252,0.5,0.5084171338663726,0.00841713386637255,0.841713386637255,0.14525000000000002,0.18801652892561985,improvement
0.75,0.5,12.2,0.20750000000000002,0.0,0.1,-0.050490730643402454,0.005049073064340246,0.5,0.5083285354513343,0.008328535451334274,0.8328535451334274,0.14525000000000002,0.1885245901639344,improvement
0.75,0.5,12.3,0.20750000000000002,0.0,0.1,-0.04956379498364235,0.004956379498364236,0.5,0.5082376203846053,0.008237620384605293,0.8237620384605293,0.14525000000000002,0.18902439024390244,improvement
0.75,0.5,12.4,0.20750000000000002,0.0,0.1,-0.048636859323882266,0.004863685932388227,0.5,0.5081443885470739,0.008144388547073889,0.8144388547073889,0.14525000000000002,0.18951612903225806,improvement
0.75,0.5,12.5,0.20750000000000002,0.0,0.1,-0.04770992366412219,0.004770992366412219,0.5,0.5080488398185837,0.00804883981858373,0.8048839818583731,0.14525000000000002,0.19,improvement
0.75,0.5,12.600000000000001,0.20750000000000002,0.0,0.1,-0.04678298800436208,0.004678298800436208,0.5,0.5079509740781443,0.007950974078144268,0.7950974078144268,0.14525000000000002,0.19047619047619047,improvement
0.75,0.5,12.7,0.20750000000000002,0.0,0.1,-0.04585605234460202,0.0045856052344602025,0.5,0.5078507912041468,0.007850791204146779,0.7850791204146779,0.14525000000000002,0.19094488188976377,improvement
0.75,0.5,12.8,0.20750000000000002,0.0,0.1,-0.04492911668484192,0.004492911668484192,0.5,0.5077482910745874,0.00774829107458741,0.774829107458741,0.14525000000000002,0.19140625,improvement
0.75,0.5,12.9,0.20750000000000002,0.0,0.1,-0.044002181025081834,0.004400218102508183,0.5,0.5076434735672947,0.007643473567294667,0.7643473567294667,0.14525000000000002,0.19186046511627908,improvement
0.75,0.5,13.0,0.20750000000000002,0.0,0.1,-0.04307524536532175,0.0043075245365321755,0.5,0.5075363385601637,0.007536338560163669,0.7536338560163669,0.14525000000000002,0.1923076923076923,improvement
0.75,0.5,13.100000000000001,0.20750000000000002,0.0,0.1,-0.042148309705561646,0.004214830970556165,0.5,0.5074268859313966,0.007426885931396621,0.7426885931396621,0.14525000000000002,0.19274809160305345,improvement
0.75,0.5,13.2,0.20750000000000002,0.0,0.1,-0.04122137404580159,0.004122137404580159,0.5,0.5073151155597495,0.007315115559749508,0.7315115559749508,0.14525000000000002,0.19318181818181818,improvement
0.75,0.5,13.3,0.20750000000000002,0.0,0.1,-0.04029443838604148,0.004029443838604148,0.5,0.5072010273247833,0.007201027324783338,0.7201027324783338,0.14525000000000002,0.19360902255639098,improvement
0.75,0.5,13.4,0.20750000000000002,0.0,0.1,-0.0393675027262814,0.003936750272628141,0.5,0.507084621107123,0.007084621107123046,0.7084621107123046,0.14525000000000002,0.19402985074626866,improvement
0.75,0.5,13.5,0.20750000000000002,0.0,0.1,-0.03844056706652132,0.003844056706652132,0.5,0.5069658967887221,0.006965896788722059,0.6965896788722059,0.14525000000000002,0.19444444444444445,improvement
0.75,0.5,13.600000000000001,0.20750000000000002,0.0,0.1,-0.037513631406761214,0.0037513631406761215,0.5,0.5068448542531316,0.006844854253131638,0.6844854253131638,0.14525000000000002,0.1948529411764706,improvement
0.75,0.5,13.7,0.20750000000000002,0.0,0.1,-0.03658669574700115,0.0036586695747001154,0.5,0.5067214933857783,0.006721493385778321,0.6721493385778321,0.14525000000000002,0.19525547445255476,improvement
0.75,0.5,13.8,0.20750000000000002,0.0,0.1,-0.035659760087241046,0.003565976008724105,0.5,0.5065958140742453,0.006595814074245254,0.6595814074245254,0.14525000000000002,0.1956521739130435,improvement
0.75,0.5,13.9,0.20750000000000002,0.0,0.1,-0.03473282442748096,0.0034732824427480963,0.5,0.5064678162085614,0.0064678162085614055,0.6467816208561405,0.14525000000000002,0.1960431654676259,improvement
0.75,0.5,14.0,0.20750000000000002,0.0,0.1,-0.033805888767720886,0.003380588876772089,0.5,0.5063374996814947,0.006337499681494663,0.6337499681494663,0.14525000000000002,0.19642857142857142,improvement
0.75,0.5,6.0,0.21000000000000002,0.0,0.1,-0.11135371179039304,0.011135371179039304,0.5,0.509740330104564,0.009740330104563988,0.9740330104563988,0.14700000000000002,0.125,improvement
0.75,0.5,6.1,0.21000000000000002,0.0,0.1,-0.11048034934497819,0.01104803493449782,0.5,0.5098019300006614,0.00980193000066143,0.980193000066143,0.14700000000000002,0.12704918032786883,improvement
0.75,0.5,6.2,0.21000000000000002,0.0,0.1,-0.10960698689956334,0.010960698689956335,0.5,0.5098613475862313,0.00986134758623125,0.986134758623125,0.14700000000000002,0.12903225806451613,improvement
0.75,0.5,6.3,0.21000000000000002,0.0,0.1,-0.1087336244541485,0.01087336244541485,0.5,0.5099185829748425,0.009918582974842494,0.9918582974842494,0.14700000000000002,0.13095238095238093,improvement
0.75,0.5,6.4,0.21000000000000002,0.0,0.1,-0.10786026200873365,0.010786026200873365,0.5,0.5099736362781894,0.009973636278189368,0.9973636278189368,0.14700000000000002,0.1328125,improvement
0.75,0.5,6.5,0.21000000000000002,0.0,0.1,-0.1069868995633188,0.01069868995633188,0.5,0.510026507605936,0.010026507605936041,1.0026507605936041,0.14700000000000002,0.1346153846153846,improvement
0.75,0.5,6.6,0.21000000000000002,0.0,0.1,-0.10611353711790396,0.010611353711790396,0.5,0.5100771970655656,0.010077197065565646,1.0077197065565646,0.14700000000000002,0.13636363636363635,improvement
0.75,0.5,6.7,0.21000000000000002,0.0,0.1,-0.10524017467248911,0.010524017467248912,0.5,0.5101257047622347,0.010125704762234733,1.0125704762234733,0.14700000000000002,0.13805970149253732,improvement
0.75,0.5,6.8,0.21000000000000002,0.0,0.1,-0.10436681222707427,0.010436681222707427,0.5,0.5101720307986326,0.010172030798632603,1.0172030798632603,0.14700000000000002,0.13970588235294118,improvement
0.75,0.5,6.9,0.21000000000000002,0.0,0.1,-0.10349344978165942,0.010349344978165942,0.5,0.5102161752748459,0.010216175274845862,1.0216175274845862,0.14700000000000002,0.14130434782608697,improvement
0.75,0.5,7.0,0.21000000000000002,0.0,0.1,-0.10262008733624457,0.010262008733624458,0.5,0.5102581382882274,0.010258138288227414,1.0258138288227414,0.14700000000000002,0.14285714285714285,improvement
0.75,0.5,7.1,0.21000000000000002,0.0,0.1,-0.10174672489082973,0.010174672489082973,0.5,0.5102979199332711,0.010297919933271116,1.0297919933271116,0.14700000000000002,0.14436619718309857,improvement
0.75,0.5,7.2,0.21000000000000002,0.0,0.1,-0.10087336244541488,0.010087336244541488,0.5,0.5103355203014914,0.01033552030149143,1.033552030149143,0.14700000000000002,0.14583333333333334,improvement
0.75,0.5,7.3,0.21000000000000002,0.0,0.1,-0.10000000000000003,0.010000000000000004,0.5,0.5103709394813065,0.010370939481306518,1.0370939481306518,0.14700000000000002,0.14726027397260272,improvement
0.75,0.5,7.4,0.21000000000000002,0.0,0.1,-0.09912663755458517,0.009912663755458517,0.5,0.5104041775579292,0.010404177557929217,1.0404177557929217,0.14700000000000002,0.14864864864864866,improvement
0.75,0.5,7.5,0.21000000000000002,0.0,0.1,-0.09825327510917034,0.009825327510917034,0.5,0.5104352346132601,0.010435234613260125,1.0435234613260125,0.14700000000000002,0.15,improvement
0.75,0.5,7.6,0.21000000000000002,0.0,0.1,-0.0973799126637555,0.00973799126637555,0.5,0.5104641107257875,0.010464110725787457,1.0464110725787457,0.14700000000000002,0.1513157894736842,improvement
0.75,0.5,7.7,0.21000000000000002,0.0,0.1,-0.09650655021834065,0.009650655021834065,0.5,0.5104908059704909,0.010490805970490902,1.0490805970490902,0.14700000000000002,0.1525974025974026,improvement
0.75,0.5,7.8,0.21000000000000002,0.0,0.1,-0.0956331877729258,0.00956331877729258,0.5,0.5105153204187518,0.010515320418751806,1.0515320418751806,0.14700000000000002,0.15384615384615385,improvement
0.75,0.5,7.9,0.21000000000000002,0.0,0.1,-0.09475982532751095,0.009475982532751096,0.5,0.5105376541382662,0.01053765413826624,1.053765413826624,0.14700000000000002,0.1550632911392405,improvement
0.75,0.5,8.0,0.21000000000000002,0.0,0.1,-0.09388646288209611,0.009388646288209611,0.5,0.5105578071929646,0.010557807192964619,1.055780719296462,0.14700000000000002,0.15625,improvement
0.75,0.5,8.1,0.21000000000000002,0.0,0.1,-0.09301310043668126,0.009301310043668127,0.5,0.5105757796429367,0.010575779642936656,1.0575779642936656,0.14700000000000002,0.15740740740740738,improvement
0.75,0.5,8.2,0.21000000000000002,0.0,0.1,-0.09213973799126642,0.009213973799126642,0.5,0.5105915715443594,0.010591571544359413,1.0591571544359413,0.14700000000000002,0.15853658536585363,improvement
0.75,0.5,8.3,0.21000000000000002,0.0,0.1,-0.09126637554585156,0.009126637554585156,0.5,0.5106051829494321,0.010605182949432135,1.0605182949432135,0.14700000000000002,0.15963855421686748,improvement
0.75,0.5,8.4,0.21000000000000002,0.0,0.1,-0.09039301310043671,0.009039301310043671,0.5,0.5106166139063154,0.010616613906315409,1.0616613906315409,0.14700000000000002,0.1607142857142857,improvement
0.75,0.5,8.5,0.21000000000000002,0.0,0.1,-0.08951965065502186,0.008951965065502186,0.5,0.5106258644590749,0.010625864459074874,1.0625864459074874,0.14700000000000002,0.16176470588235292,improvement
0.75,0.5,8.6,0.21000000000000002,0.0,0.1,-0.08864628820960703,0.008864628820960703,0.5,0.5106329346476303,0.010632934647630266,1.0632934647630266,0.14700000000000002,0.16279069767441862,improvement
0.75,0.5,8.7,0.21000000000000002,0.0,0.1,-0.08777292576419218,0.008777292576419219,0.5,0.5106378245077101,0.010637824507710114,1.0637824507710114,0.14700000000000002,0.16379310344827586,improvement
0.75,0.5,8.8,0.21000000000000002,0.0,0.1,-0.08689956331877732,0.008689956331877732,0.5,0.51064053407081,0.010640534070810004,1.0640534070810004,0.14700000000000002,0.1647727272727273,improvement
0.75,0.5,8.9,0.21000000000000002,0.0,0.1,-0.08602620087336249,0.00860262008733625,0.5,0.5106410633641572,0.010641063364157155,1.0641063364157155,0.14700000000000002,0.1657303370786517,improvement
0.75,0.5,9.0,0.21000000000000002,0.0,0.1,-0.08515283842794763,0.008515283842794763,0.5,0.5106394124106789,0.010639412410678895,1.0639412410678895,0.14700000000000002,0.16666666666666669,improvement
0.75,0.5,9.1,0.21000000000000002,0.0,0.1,-0.08427947598253278,0.008427947598253278,0.5,0.5106355812289767,0.010635581228976676,1.0635581228976676,0.14700000000000002,0.1675824175824176,improvement
0.75,0.5,9.2,0.21000000000000002,0.0,0.1,-0.08340611353711795,0.008340611353711795,0.5,0.5106295698333054,0.01062956983330543,1.062956983330543,0.14700000000000002,0.16847826086956522,improvement
0.75,0.5,9.3,0.21000000000000002,0.0,0.1,-0.08253275109170309,0.008253275109170309,0.5,0.5106213782335569,0.01062137823355691,1.062137823355691,0.14700000000000002,0.16935483870967744,improvement
0.75,0.5,9.4,0.21000000000000002,0.0,0.1,-0.08165938864628824,0.008165938864628824,0.5,0.5106110064352485,0.010611006435248482,1.0611006435248482,0.14700000000000002,0.17021276595744683,improvement
0.75,0.5,9.5,0.21000000000000002,0.0,0.1,-0.08078602620087341,0.008078602620087342,0.5,0.5105984544395171,0.010598454439517124,1.0598454439517124,0.14700000000000002,0.17105263157894737,improvement
0.75,0.5,9.6,0.21000000000000002,0.0,0.1,-0.07991266375545857,0.007991266375545857,0.5,0.5105837222431187,0.010583722243118654,1.0583722243118654,0.14700000000000002,0.171875,improvement
0.75,0.5,9.7,0.21000000000000002,0.0,0.1,-0.07903930131004372,0.007903930131004372,0.5,0.5105668098384306,0.010566809838430613,1.0566809838430613,0.14700000000000002,0.17268041237113402,improvement
0.75,0.5,9.8,0.21000000000000002,0.0,0.1,-0.07816593886462886,0.007816593886462886,0.5,0.510547717213461,0.010547717213461039,1.0547717213461039,0.14700000000000002,0.17346938775510207,improvement
0.75,0.5,9.9,0.21000000000000002,0.0,0.1,-0.07729257641921401,0.007729257641921401,0.5,0.5105264443518629,0.010526444351862896,1.0526444351862896,0.14700000000000002,0.17424242424242425,improvement
0.75,0.5,10.0,0.21000000000000002,0.0,0.1,-0.07641921397379917,0.007641921397379917,0.5,0.510502991232952,0.010502991232951953,1.0502991232951953,0.14700000000000002,0.175,improvement
0.75,0.5,10.100000000000001,0.21000000000000002,0.0,0.1,-0.0755458515283843,0.007554585152838431,0.5,0.5104773578317308,0.01047735783173076,1.047735783173076,0.14700000000000002,0.17574257425742576,improvement
0.75,0.5,10.2,0.21000000000000002,0.0,0.1,-0.07467248908296949,0.007467248908296949,0.5,0.510449544118917,0.010449544118916965,1.0449544118916965,0.14700000000000002,0.1764705882352941,improvement
0.75,0.5,10.3,0.21000000000000002,0.0,0.1,-0.07379912663755463,0.007379912663755463,0.5,0.510419550060977,0.010419550060976945,1.0419550060976945,0.14700000000000002,0.17718446601941748,improvement
0.75,0.5,10.4,0.21000000000000002,0.0,0.1,-0.07292576419213978,0.007292576419213978,0.5,0.5103873756201643,0.01038737562016434,1.038737562016434,0.14700000000000002,0.1778846153846154,improvement
0.75,0.5,10.5,0.21000000000000002,0.0,0.1,-0.07205240174672493,0.007205240174672493,0.5,0.5103530207545637,0.01035302075456368,1.035302075456368,0.14700000000000002,0.17857142857142858,improvement
0.75,0.5,10.600000000000001,0.21000000000000002,0.0,0.1,-0.07117903930131009,0.007117903930131009,0.5,0.5103164854181386,0.010316485418138566,1.0316485418138566,0.14700000000000002,0.17924528301886794,improvement
0.75,0.5,10.7,0.21000000000000002,0.0,0.1,-0.07030567685589524,0.007030567685589524,0.5,0.510277769560785,0.010277769560784966,1.0277769560784966,0.14700000000000002,0.17990654205607476,improvement
0.75,0.5,10.8,0.21000000000000002,0.0,0.1,-0.06943231441048038,0.006943231441048039,0.5,0.51023687312839,0.010236873128389945,1.0236873128389945,0.14700000000000002,0.18055555555555558,improvement
0.75,0.5,10.9,0.21000000000000002,0.0,0.1,-0.06855895196506555,0.006855895196506555,0.5,0.510193796062895,0.010193796062895055,1.0193796062895055,0.14700000000000002,0.1811926605504587,improvement
0.75,0.5,11.0,0.21000000000000002,0.0,0.1,-0.0676855895196507,0.00676855895196507,0.5,0.5101485383023643,0.010148538302364285,1.0148538302364285,0.14700000000000002,0.18181818181818182,improvement
0.75,0.5,11.100000000000001,0.21000000000000002,0.0,0.1,-0.06681222707423584,0.006681222707423585,0.5,0.5101010997810578,0.010101099781057776,1.0101099781057776,0.14700000000000002,0.18243243243243246,improvement
0.75,0.5,11.2,0.21000000000000002,0.0,0.1,-0.06593886462882102,0.006593886462882103,0.5,0.5100514804295098,0.010051480429509763,1.0051480429509763,0.14700000000000002,0.1830357142857143,improvement
0.75,0.5,11.3,0.21000000000000002,0.0,0.1,-0.06506550218340616,0.006506550218340616,0.5,0.5099996801746118,0.009999680174611836,0.9999680174611836,0.14700000000000002,0.1836283185840708,improvement
0.75,0.5,11.4,0.21000000000000002,0.0,0.1,-0.06419213973799132,0.006419213973799132,0.5,0.5099456989397019,0.009945698939701875,0.9945698939701875,0.14700000000000002,0.1842105263157895,improvement
0.75,0.5,11.5,0.21000000000000002,0.0,0.1,-0.06331877729257647,0.006331877729257647,0.5,0.5098895366446563,0.009889536644656305,0.9889536644656305,0.14700000000000002,0.18478260869565216,improvement
0.75,0.5,11.600000000000001,0.21000000000000002,0.0,0.1,-0.062445414847161616,0.006244541484716162,0.5,0.5098311932059887,0.009831193205988686,0.9831193205988686,0.14700000000000002,0.1853448275862069,improvement
0.75,0.5,11.7,0.21000000000000002,0.0,0.1,-0.06157205240174678,0.006157205240174678,0.5,0.5097706685369535,0.00977066853695352,0.977066853695352,0.14700000000000002,0.1858974358974359,improvement
0.75,0.5,11.8,0.21000000000000002,0.0,0.1,-0.06069868995633192,0.006069868995633192,0.5,0.5097079625476534,0.009707962547653382,0.9707962547653382,0.14700000000000002,0.1864406779661017,improvement
0.75,0.5,11.9,0.21000000000000002,0.0,0.1,-0.059825327510917084,0.005982532751091708,0.5,0.5096430751451527,0.009643075145152724,0.9643075145152724,0.14700000000000002,0.1869747899159664,improvement
0.75,0.5,12.0,0.21000000000000002,0.0,0.1,-0.05895196506550224,0.005895196506550224,0.5,0.509576006233596,0.009576006233596002,0.9576006233596002,0.14700000000000002,0.1875,improvement
0.75,0.5,12.100000000000001,0.21000000000000002,0.0,0.1,-0.05807860262008738,0.005807860262008738,0.5,0.5095067557143307,0.009506755714330684,0.9506755714330684,0.14700000000000002,0.18801652892561985,improvement
0.75,0.5,12.2,0.21000000000000002,0.0,0.1,-0.05720524017467255,0.005720524017467255,0.5,0.5094353234860356,0.009435323486035596,0.9435323486035596,0.14700000000000002,0.1885245901639344,improvement
0.75,0.5,12.3,0.21000000000000002,0.0,0.1,-0.05633187772925769,0.00563318777292577,0.5,0.5093617094448536,0.009361709444853594,0.9361709444853594,0.14700000000000002,0.18902439024390244,improvement
0.75,0.5,12.4,0.21000000000000002,0.0,0.1,-0.055458515283842845,0.005545851528384285,0.5,0.5092859134845302,0.009285913484530228,0.9285913484530228,0.14700000000000002,0.18951612903225806,improvement
0.75,0.5,12.5,0.21000000000000002,0.0,0.1,-0.054585152838428,0.0054585152838428005,0.5,0.5092079354965569,0.009207935496556852,0.9207935496556852,0.14700000000000002,0.19,improvement
0.75,0.5,12.600000000000001,0.21000000000000002,0.0,0.1,-0.053711790393013145,0.005371179039301315,0.5,0.5091277753703181,0.009127775370318059,0.9127775370318059,0.14700000000000002,0.19047619047619047,improvement
0.75,0.5,12.7,0.21000000000000002,0.0,0.1,-0.052838427947598327,0.005283842794759833,0.5,0.5090454329932459,0.009045432993245894,0.9045432993245894,0.14700000000000002,0.19094488188976377,improvement
0.75,0.5,12.8,0.21000000000000002,0.0,0.1,-0.05196506550218345,0.005196506550218346,0.5,0.5089609082509773,0.008960908250977284,0.8960908250977284,0.14700000000000002,0.19140625,improvement
0.75,0.5,12.9,0.21000000000000002,0.0,0.1,-0.051091703056768606,0.005109170305676861,0.5,0.5088742010275173,0.008874201027517348,0.8874201027517348,0.14700000000000002,0.19186046511627908,improvement
0.75,0.5,13.0,0.21000000000000002,0.0,0.1,-0.05021834061135375,0.005021834061135376,0.5,0.5087853112054073,0.008785311205407265,0.8785311205407265,0.14700000000000002,0.1923076923076923,improvement
0.75,0.5,13.100000000000001,0.21000000000000002,0.0,0.1,-0.049344978165938906,0.004934497816593891,0.5,0.5086942386658981,0.008694238665898135,0.8694238665898135,0.14700000000000002,0.19274809160305345,improvement
0.75,0.5,13.2,0.21000000000000002,0.0,0.1,-0.04847161572052409,0.004847161572052409,0.5,0.508600983289129,0.00860098328912895,0.860098328912895,0.14700000000000002,0.19318181818181818,improvement
0.75,0.5,13.3,0.21000000000000002,0.0,0.1,-0.04759825327510921,0.004759825327510922,0.5,0.508505544954309,0.008505544954308997,0.8505544954308997,0.14700000000000002,0.19360902255639098,improvement
0.75,0.5,13.4,0.21000000000000002,0.0,0.1,-0.04672489082969439,0.004672489082969439,0.5,0.5084079235399072,0.008407923539907158,0.8407923539907158,0.14700000000000002,0.19402985074626866,improvement
0.75,0.5,13.5,0.21000000000000002,0.0,0.1,-0.04585152838427954,0.004585152838427954,0.5,0.5083081189238446,0.008308118923844643,0.8308118923844643,0.14700000000000002,0.19444444444444445,improvement
0.75,0.5,13.600000000000001,0.21000000000000002,0.0,0.1,-0.04497816593886467,0.004497816593886467,0.5,0.5082061309836933,0.008206130983693272,0.8206130983693272,0.14700000000000002,0.1948529411764706,improvement
0.75,0.5,13.7,0.21000000000000002,0.0,0.1,-0.04410480349344984,0.004410480349344984,0.5,0.5081019595968786,0.00810195959687865,0.810195959687865,0.14700000000000002,0.19525547445255476,improvement
0.75,0.5,13.8,0.21000000000000002,0.0,0.1,-0.043231441048034995,0.004323144104803499,0.5,0.5079956046408887,0.007995604640888665,0.7995604640888665,0.14700000000000002,0.1956521739130435,improvement
0.75,0.5,13.9,0.21000000000000002,0.0,0.1,-0.04235807860262015,0.004235807860262015,0.5,0.5078870659934869,0.007887065993486875,0.7887065993486875,0.14700000000000002,0.1960431654676259,improvement
0.75,0.5,14.0,0.21000000000000002,0.0,0.1,-0.0414847161572053,0.00414847161572053,0.5,0.5077763435329303,0.00777634353293033,0.777634353293033,0.14700000000000002,0.19642857142857142,improvement
0.75,0.5,6.0,0.21250000000000002,0.0,0.1,-0.11475409836065577,0.011475409836065577,0.5,0.5100375694124859,0.010037569412485903,1.0037569412485903,0.14875000000000002,0.125,improvement
0.75,0.5,6.1,0.21250000000000002,0.0,0.1,-0.11393442622950824,0.011393442622950825,0.5,0.5101081697104599,0.010108169710459913,1.0108169710459913,0.14875000000000002,0.12704918032786883,improvement
0.75,0.5,6.2,0.21250000000000002,0.0,0.1,-0.11311475409836066,0.011311475409836068,0.5,0.5101767215230615,0.010176721523061483,1.0176721523061483,0.14875000000000002,0.12903225806451613,improvement
0.75,0.5,6.3,0.21250000000000002,0.0,0.1,-0.11229508196721315,0.011229508196721315,0.5,0.5102432249698949,0.010243224969894937,1.0243224969894937,0.14875000000000002,0.13095238095238093,improvement
0.75,0.5,6.4,0.21250000000000002,0.0,0.1,-0.11147540983606559,0.01114754098360656,0.5,0.5103076801694122,0.010307680169412192,1.0307680169412192,0.14875000000000002,0.1328125,improvement
0.75,0.5,6.5,0.21250000000000002,0.0,0.1,-0.11065573770491804,0.011065573770491804,0.5,0.5103700872387584,0.01037008723875843,1.037008723875843,0.14875000000000002,0.1346153846153846,improvement
0.75,0.5,6.6,0.21250000000000002,0.0,0.1,-0.10983606557377053,0.010983606557377054,0.5,0.5104304462936224,0.010430446293622442,1.0430446293622442,0.14875000000000002,0.13636363636363635,improvement
0.75,0.5,6.7,0.21250000000000002,0.0,0.1,-0.10901639344262298,0.010901639344262299,0.5,0.5104887574480894,0.010488757448089414,1.0488757448089414,0.14875000000000002,0.13805970149253732,improvement
0.75,0.5,6.8,0.21250000000000002,0.0,0.1,-0.10819672131147544,0.010819672131147545,0.5,0.5105450208144997,0.010545020814499706,1.0545020814499706,0.14875000000000002,0.13970588235294118,improvement
0.75,0.5,6.9,0.21250000000000002,0.0,0.1,-0.1073770491803279,0.01073770491803279,0.5,0.510599236503311,0.01059923650331096,1.059923650331096,0.14875000000000002,0.14130434782608697,improvement
0.75,0.5,7.0,0.21250000000000002,0.0,0.1,-0.10655737704918036,0.010655737704918037,0.5,0.5106514046229639,0.010651404622963878,1.0651404622963878,0.14875000000000002,0.14285714285714285,improvement
0.75,0.5,7.1,0.21250000000000002,0.0,0.1,-0.10573770491803282,0.010573770491803282,0.5,0.510701525279753,0.010701525279752988,1.0701525279752988,0.14875000000000002,0.14436619718309857,improvement
0.75,0.5,7.2,0.21250000000000002,0.0,0.1,-0.10491803278688527,0.010491803278688528,0.5,0.5107495985777012,0.010749598577701192,1.0749598577701192,0.14875000000000002,0.14583333333333334,improvement
0.75,0.5,7.3,0.21250000000000002,0.0,0.1,-0.10409836065573774,0.010409836065573774,0.5,0.510795624618438,0.010795624618437971,1.0795624618437971,0.14875000000000002,0.14726027397260272,improvement
0.75,0.5,7.4,0.21250000000000002,0.0,0.1,-0.10327868852459018,0.010327868852459019,0.5,0.5108396035010832,0.01083960350108315,1.083960350108315,0.14875000000000002,0.14864864864864866,improvement
0.75,0.5,7.5,0.21250000000000002,0.0,0.1,-0.10245901639344265,0.010245901639344267,0.5,0.5108815353221328,0.010881535322132763,1.0881535322132763,0.14875000000000002,0.15,improvement
0.75,0.5,7.6,0.21250000000000002,0.0,0.1,-0.10163934426229512,0.010163934426229513,0.5,0.5109214201753507,0.010921420175350693,1.0921420175350693,0.14875000000000002,0.1513157894736842,improvement
0.75,0.5,7.7,0.21250000000000002,0.0,0.1,-0.10081967213114758,0.01008196721311476,0.5,0.5109592581516635,0.010959258151663542,1.0959258151663542,0.14875000000000002,0.1525974025974026,improvement
0.75,0.5,7.8,0.21250000000000002,0.0,0.1,-0.10000000000000003,0.010000000000000004,0.5,0.5109950493390604,0.01099504933906037,1.099504933906037,0.14875000000000002,0.15384615384615385,improvement
0.75,0.5,7.9,0.21250000000000002,0.0,0.1,-0.09918032786885249,0.00991803278688525,0.5,0.511028793822496,0.011028793822495997,1.1028793822495997,0.14875000000000002,0.1550632911392405,improvement
0.75,0.5,8.0,0.21250000000000002,0.0,0.1,-0.09836065573770496,0.009836065573770496,0.5,0.511060491683798,0.011060491683797968,1.1060491683797968,0.14875000000000002,0.15625,improvement
0.75,0.5,8.1,0.21250000000000002,0.0,0.1,-0.09754098360655741,0.009754098360655742,0.5,0.5110901430015791,0.011090143001579067,1.1090143001579067,0.14875000000000002,0.15740740740740738,improvement
0.75,0.5,8.2,0.21250000000000002,0.0,0.1,-0.09672131147540988,0.009672131147540989,0.5,0.5111177478511527,0.011117747851152715,1.1117747851152715,0.14875000000000002,0.15853658536585363,improvement
0.75,0.5,8.3,0.21250000000000002,0.0,0.1,-0.09590163934426232,0.009590163934426233,0.5,0.5111433063044526,0.011143306304452594,1.1143306304452594,0.14875000000000002,0.15963855421686748,improvement
0.75,0.5,8.4,0.21250000000000002,0.0,0.1,-0.09508196721311479,0.00950819672131148,0.5,0.5111668184299571,0.011166818429957148,1.1166818429957148,0.14875000000000002,0.1607142857142857,improvement
0.75,0.5,8.5,0.21250000000000002,0.0,0.1,-0.09426229508196725,0.009426229508196726,0.5,0.5111882842926176,0.011188284292617645,1.1188284292617645,0.14875000000000002,0.16176470588235292,improvement
0.75,0.5,8.6,0.21250000000000002,0.0,0.1,-0.09344262295081972,0.009344262295081972,0.5,0.5112077039537903,0.011207703953790338,1.1207703953790338,0.14875000000000002,0.16279069767441862,improvement
0.75,0.5,8.7,0.21250000000000002,0.0,0.1,-0.09262295081967217,0.009262295081967218,0.5,0.5112250774711723,0.011225077471172296,1.1225077471172296,0.14875000000000002,0.16379310344827586,improvement
0.75,0.5,8.8,0.21250000000000002,0.0,0.1,-0.09180327868852461,0.009180327868852462,0.5,0.5112404048987431,0.011240404898743117,1.1240404898743117,0.14875000000000002,0.1647727272727273,improvement
0.75,0.5,8.9,0.21250000000000002,0.0,0.1,-0.09098360655737708,0.009098360655737709,0.5,0.5112536862867083,0.011253686286708309,1.1253686286708309,0.14875000000000002,0.1657303370786517,improvement
0.75,0.5,9.0,0.21250000000000002,0.0,0.1,-0.09016393442622955,0.009016393442622955,0.5,0.5112649216814484,0.011264921681448437,1.1264921681448437,0.14875000000000002,0.16666666666666669,improvement
0.75,0.5,9.1,0.21250000000000002,0.0,0.1,-0.08934426229508201,0.008934426229508201,0.5,0.5112741111254724,0.011274111125472386,1.1274111125472386,0.14875000000000002,0.1675824175824176,improvement
0.75,0.5,9.2,0.21250000000000002,0.0,0.1,-0.08852459016393448,0.008852459016393447,0.5,0.5112812546573733,0.011281254657373285,1.1281254657373285,0.14875000000000002,0.16847826086956522,improvement
0.75,0.5,9.3,0.21250000000000002,0.0,0.1,-0.08770491803278692,0.008770491803278692,0.5,0.5112863523117903,0.011286352311790315,1.1286352311790315,0.14875000000000002,0.16935483870967744,improvement
0.75,0.5,9.4,0.21250000000000002,0.0,0.1,-0.08688524590163939,0.00868852459016394,0.5,0.5112894041193736,0.011289404119373625,1.1289404119373625,0.14875000000000002,0.17021276595744683,improvement
0.75,0.5,9.5,0.21250000000000002,0.0,0.1,-0.08606557377049184,0.008606557377049184,0.5,0.5112904101067532,0.011290410106753246,1.1290410106753246,0.14875000000000002,0.17105263157894737,improvement
0.75,0.5,9.6,0.21250000000000002,0.0,0.1,-0.08524590163934431,0.008524590163934432,0.5,0.5112893702965132,0.011289370296513224,1.1289370296513224,0.14875000000000002,0.171875,improvement
0.75,0.5,9.7,0.21250000000000002,0.0,0.1,-0.08442622950819678,0.008442622950819679,0.5,0.511286284707168,0.01128628470716797,1.128628470716797,0.14875000000000002,0.17268041237113402,improvement
0.75,0.5,9.8,0.21250000000000002,0.0,0.1,-0.08360655737704921,0.008360655737704921,0.5,0.5112811533531444,0.01128115335314439,1.128115335314439,0.14875000000000002,0.17346938775510207,improvement
0.75,0.5,9.9,0.21250000000000002,0.0,0.1,-0.08278688524590168,0.008278688524590168,0.5,0.5112739762447677,0.01127397624476767,1.127397624476767,0.14875000000000002,0.17424242424242425,improvement
0.75,0.5,10.0,0.21250000000000002,0.0,0.1,-0.08196721311475415,0.008196721311475415,0.5,0.5112647533882508,0.011264753388250837,1.1264753388250837,0.14875000000000002,0.175,improvement
0.75,0.5,10.100000000000001,0.21250000000000002,0.0,0.1,-0.08114754098360659,0.00811475409836066,0.5,0.5112534847856884,0.011253484785688439,1.125348478568844,0.14875000000000002,0.17574257425742576,improvement
0.75,0.5,10.2,0.21250000000000002,0.0,0.1,-0.08032786885245907,0.008032786885245908,0.5,0.5112401704350547,0.011240170435054653,1.1240170435054653,0.14875000000000002,0.1764705882352941,improvement
0.75,0.5,10.3,0.21250000000000002,0.0,0.1,-0.07950819672131151,0.007950819672131152,0.5,0.5112248103302055,0.011224810330205504,1.1224810330205504,0.14875000000000002,0.17718446601941748,improvement
0.75,0.5,10.4,0.21250000000000002,0.0,0.1,-0.07868852459016398,0.007868852459016399,0.5,0.5112074044608845,0.011207404460884529,1.120740446088453,0.14875000000000002,0.1778846153846154,improvement
0.75,0.5,10.5,0.21250000000000002,0.0,0.1,-0.07786885245901644,0.007786885245901644,0.5,0.5111879528127337,0.01118795281273366,1.118795281273366,0.14875000000000002,0.17857142857142858,improvement
0.75,0.5,10.600000000000001,0.21250000000000002,0.0,0.1,-0.0770491803278689,0.007704918032786889,0.5,0.5111664553673072,0.011166455367307204,1.1166455367307204,0.14875000000000002,0.17924528301886794,improvement
0.75,0.5,10.7,0.21250000000000002,0.0,0.1,-0.07622950819672138,0.007622950819672138,0.5,0.5111429121020901,0.011142912102090063,1.1142912102090063,0.14875000000000002,0.17990654205607476,improvement
0.75,0.5,10.8,0.21250000000000002,0.0,0.1,-0.0754098360655738,0.007540983606557381,0.5,0.5111173229905212,0.01111732299052115,1.111732299052115,0.14875000000000002,0.18055555555555558,improvement
0.75,0.5,10.9,0.21250000000000002,0.0,0.1,-0.07459016393442627,0.007459016393442628,0.5,0.511089688002019,0.011089688002019038,1.1089688002019038,0.14875000000000002,0.1811926605504587,improvement
0.75,0.5,11.0,0.21250000000000002,0.0,0.1,-0.07377049180327874,0.007377049180327874,0.5,0.5110600071020134,0.01106000710201338,1.106000710201338,0.14875000000000002,0.18181818181818182,improvement
0.75,0.5,11.100000000000001,0.21250000000000002,0.0,0.1,-0.0729508196721312,0.0072950819672131205,0.5,0.5110282802519798,0.011028280251979772,1.1028280251979772,0.14875000000000002,0.18243243243243246,improvement
0.75,0.5,11.2,0.21250000000000002,0.0,0.1,-0.07213114754098367,0.007213114754098367,0.5,0.5109945074094784,0.010994507409478382,1.0994507409478382,0.14875000000000002,0.1830357142857143,improvement
0.75,0.5,11.3,0.21250000000000002,0.0,0.1,-0.07131147540983611,0.007131147540983611,0.5,0.5109586885281974,0.010958688528197369,1.095868852819737,0.14875000000000002,0.1836283185840708,improvement
0.75,0.5,11.4,0.21250000000000002,0.0,0.1,-0.07049180327868858,0.007049180327868858,0.5,0.5109208235579998,0.010920823557999837,1.0920823557999837,0.14875000000000002,0.1842105263157895,improvement
0.75,0.5,11.5,0.21250000000000002,0.0,0.1,-0.06967213114754103,0.006967213114754104,0.5,0.5108809124449756,0.010880912444975577,1.0880912444975577,0.14875000000000002,0.18478260869565216,improvement
0.75,0.5,11.600000000000001,0.21250000000000002,0.0,0.1,-0.06885245901639349,0.006885245901639349,0.5,0.5108389551314958,0.010838955131495798,1.0838955131495798,0.14875000000000002,0.1853448275862069,improvement
0.75,0.5,11.7,0.21250000000000002,0.0,0.1,-0.06803278688524597,0.006803278688524598,0.5,0.5107949515562733,0.010794951556273302,1.0794951556273302,0.14875000000000002,0.1858974358974359,improvement
0.75,0.5,11.8,0.21250000000000002,0.0,0.1,-0.0672131147540984,0.006721311475409841,0.5,0.5107489016544258,0.010748901654425769,1.0748901654425769,0.14875000000000002,0.1864406779661017,improvement
0.75,0.5,11.9,0.21250000000000002,0.0,0.1,-0.06639344262295087,0.006639344262295087,0.5,0.5107008053575435,0.010700805357543475,1.0700805357543475,0.14875000000000002,0.1869747899159664,improvement
0.75,0.5,12.0,0.21250000000000002,0.0,0.1,-0.06557377049180334,0.006557377049180334,0.5,0.5106506625937615,0.010650662593761462,1.0650662593761462,0.14875000000000002,0.1875,improvement
0.75,0.5,12.100000000000001,0.21250000000000002,0.0,0.1,-0.06475409836065579,0.006475409836065579,0.5,0.5105984732878353,0.010598473287835253,1.0598473287835253,0.14875000000000002,0.18801652892561985,improvement
0.75,0.5,12.2,0.21250000000000002,0.0,0.1,-0.06393442622950826,0.006393442622950826,0.5,0.510544237361221,0.01054423736122101,1.054423736122101,0.14875000000000002,0.1885245901639344,improvement
0.75,0.5,12.3,0.21250000000000002,0.0,0.1,-0.0631147540983607,0.006311475409836071,0.5,0.5104879547321598,0.010487954732159799,1.0487954732159799,0.14875000000000002,0.18902439024390244,improvement
0.75,0.5,12.4,0.21250000000000002,0.0,0.1,-0.062295081967213166,0.006229508196721317,0.5,0.5104296253157659,0.010429625315765856,1.0429625315765856,0.14875000000000002,0.18951612903225806,improvement
0.75,0.5,12.5,0.21250000000000002,0.0,0.1,-0.061475409836065635,0.006147540983606564,0.5,0.5103692490241188,0.010369249024118843,1.0369249024118843,0.14875000000000002,0.19,improvement
0.75,0.5,12.600000000000001,0.21250000000000002,0.0,0.1,-0.060655737704918083,0.006065573770491809,0.5,0.5103068257663609,0.010306825766360883,1.0306825766360883,0.14875000000000002,0.19047619047619047,improvement
0.75,0.5,12.7,0.21250000000000002,0.0,0.1,-0.05983606557377056,0.005983606557377057,0.5,0.5102423554487971,0.010242355448797147,1.0242355448797147,0.14875000000000002,0.19094488188976377,improvement
0.75,0.5,12.8,0.21250000000000002,0.0,0.1,-0.059016393442623,0.0059016393442623,0.5,0.5101758379750001,0.010175837975000102,1.0175837975000102,0.14875000000000002,0.19140625,improvement
0.75,0.5,12.9,0.21250000000000002,0.0,0.1,-0.05819672131147546,0.0058196721311475465,0.5,0.5101072732459191,0.01010727324591909,1.010727324591909,0.14875000000000002,0.19186046511627908,improvement
0.75,0.5,13.0,0.21250000000000002,0.0,0.1,-0.05737704918032793,0.005737704918032794,0.5,0.5100366611599934,0.010036661159993354,1.0036661159993354,0.14875000000000002,0.1923076923076923,improvement
0.75,0.5,13.100000000000001,0.21250000000000002,0.0,0.1,-0.05655737704918038,0.005655737704918038,0.5,0.5099640016132688,0.009964001613268825,0.9964001613268825,0.14875000000000002,0.19274809160305345,improvement
0.75,0.5,13.2,0.21250000000000002,0.0,0.1,-0.05573770491803286,0.005573770491803286,0.5,0.5098892944995198,0.009889294499519807,0.9889294499519807,0.14875000000000002,0.19318181818181818,improvement
0.75,0.5,13.3,0.21250000000000002,0.0,0.1,-0.0549180327868853,0.0054918032786885305,0.5,0.5098125397103743,0.009812539710374324,0.9812539710374324,0.14875000000000002,0.19360902255639098,improvement
0.75,0.5,13.4,0.21250000000000002,0.0,0.1,-0.05409836065573776,0.005409836065573777,0.5,0.5097337371354438,0.009733737135443787,0.9733737135443787,0.14875000000000002,0.19402985074626866,improvement
0.75,0.5,13.5,0.21250000000000002,0.0,0.1,-0.05327868852459024,0.005327868852459024,0.5,0.5096528866624567,0.009652886662456672,0.9652886662456672,0.14875000000000002,0.19444444444444445,improvement
0.75,0.5,13.600000000000001,0.21250000000000002,0.0,0.1,-0.052459016393442665,0.005245901639344267,0.5,0.5095699881773963,0.009569988177396294,0.9569988177396294,0.14875000000000002,0.1948529411764706,improvement
0.75,0.5,13.7,0.21250000000000002,0.0,0.1,-0.05163934426229514,0.005163934426229515,0.5,0.509485041564643,0.009485041564643026,0.9485041564643026,0.14875000000000002,0.19525547445255476,improvement
0.75,0.5,13.8,0.21250000000000002,0.0,0.1,-0.050819672131147596,0.00508196721311476,0.5,0.5093980467071203,0.0093980467071203,0.93980467071203,0.14875000000000002,0.1956521739130435,improvement
0.75,0.5,13.9,0.21250000000000002,0.0,0.1,-0.05000000000000007,0.005000000000000008,0.5,0.5093090034864451,0.009309003486445144,0.9309003486445144,0.14875000000000002,0.1960431654676259,improvement
0.75,0.5,14.0,0.21250000000000002,0.0,0.1,-0.04918032786885253,0.004918032786885253,0.5,0.5092179117830822,0.009217911783082178,0.9217911783082178,0.14875000000000002,0.19642857142857142,improvement
0.75,0.5,6.0,0.21500000000000002,0.0,0.1,-0.11816192560175057,0.011816192560175057,0.5,0.5103354411080112,0.010335441108011212,1.0335441108011212,0.15050000000000002,0.125,improvement
0.75,0.5,6.1,0.21500000000000002,0.0,0.1,-0.11739606126914665,0.011739606126914666,0.5,0.5104150601275481,0.010415060127548115,1.0415060127548115,0.15050000000000002,0.12704918032786883,improvement
0.75,0.5,6.2,0.21500000000000002,0.0,0.1,-0.1166301969365427,0.01166301969365427,0.5,0.5104927647025321,0.010492764702532131,1.0492764702532131,0.15050000000000002,0.12903225806451613,improvement
0.75,0.5,6.3,0.21500000000000002,0.0,0.1,-0.11586433260393876,0.011586433260393877,0.5,0.51056855495597,0.010568554955969978,1.0568554955969978,0.15050000000000002,0.13095238095238093,improvement
0.75,0.5,6.4,0.21500000000000002,0.0,0.1,-0.11509846827133481,0.011509846827133482,0.5,0.5106424310104265,0.0106424310104265,1.06424310104265,0.15050000000000002,0.1328125,improvement
0.75,0.5,6.5,0.21500000000000002,0.0,0.1,-0.11433260393873089,0.01143326039387309,0.5,0.5107143929878764,0.010714392987876353,1.0714392987876353,0.15050000000000002,0.1346153846153846,improvement
0.75,0.5,6.6,0.21500000000000002,0.0,0.1,-0.11356673960612694,0.011356673960612695,0.5,0.5107844410095566,0.010784441009556556,1.0784441009556556,0.15050000000000002,0.13636363636363635,improvement
0.75,0.5,6.7,0.21500000000000002,0.0,0.1,-0.112800875273523,0.011280087527352302,0.5,0.5108525751958228,0.010852575195822833,1.0852575195822833,0.15050000000000002,0.13805970149253732,improvement
0.75,0.5,6.8,0.21500000000000002,0.0,0.1,-0.11203501094091908,0.011203501094091909,0.5,0.5109187956660108,0.010918795666010839,1.0918795666010839,0.15050000000000002,0.13970588235294118,improvement
0.75,0.5,6.9,0.21500000000000002,0.0,0.1,-0.11126914660831513,0.011126914660831514,0.5,0.5109831025382987,0.010983102538298706,1.0983102538298706,0.15050000000000002,0.14130434782608697,improvement
0.75,0.5,7.0,0.21500000000000002,0.0,0.1,-0.11050328227571118,0.01105032822757112,0.5,0.5110454959295743,0.011045495929574267,1.1045495929574267,0.15050000000000002,0.14285714285714285,improvement
0.75,0.5,7.1,0.21500000000000002,0.0,0.1,-0.10973741794310725,0.010973741794310725,0.5,0.5111059759553054,0.01110597595530538,1.110597595530538,0.15050000000000002,0.14436619718309857,improvement
0.75,0.5,7.2,0.21500000000000002,0.0,0.1,-0.10897155361050331,0.010897155361050332,0.5,0.5111645427294139,0.011164542729413918,1.1164542729413918,0.15050000000000002,0.14583333333333334,improvement
0.75,0.5,7.3,0.21500000000000002,0.0,0.1,-0.10820568927789938,0.010820568927789938,0.5,0.5112211963641518,0.011221196364151753,1.1221196364151753,0.15050000000000002,0.14726027397260272,improvement
0.75,0.5,7.4,0.21500000000000002,0.0,0.1,-0.10743982494529543,0.010743982494529543,0.5,0.5112759369699823,0.011275936969982303,1.1275936969982303,0.15050000000000002,0.14864864864864866,improvement
0.75,0.5,7.5,0.21500000000000002,0.0,0.1,-0.10667396061269149,0.01066739606126915,0.5,0.5113287646554638,0.011328764655463841,1.132876465546384,0.15050000000000002,0.15,improvement
0.75,0.5,7.6,0.21500000000000002,0.0,0.1,-0.10590809628008757,0.010590809628008757,0.5,0.5113796795271364,0.011379679527136366,1.1379679527136366,0.15050000000000002,0.1513157894736842,improvement
0.75,0.5,7.7,0.21500000000000002,0.0,0.1,-0.10514223194748362,0.010514223194748363,0.5,0.5114286816894127,0.01142868168941269,1.142868168941269,0.15050000000000002,0.1525974025974026,improvement
0.75,0.5,7.8,0.21500000000000002,0.0,0.1,-0.10437636761487969,0.01043763676148797,0.5,0.5114757712444722,0.011475771244472188,1.1475771244472188,0.15050000000000002,0.15384615384615385,improvement
0.75,0.5,7.9,0.21500000000000002,0.0,0.1,-0.10361050328227575,0.010361050328227575,0.5,0.5115209482921579,0.011520948292157884,1.1520948292157884,0.15050000000000002,0.1550632911392405,improvement
0.75,0.5,8.0,0.21500000000000002,0.0,0.1,-0.10284463894967182,0.010284463894967183,0.5,0.511564212929877,0.011564212929876971,1.1564212929876971,0.15050000000000002,0.15625,improvement
0.75,0.5,8.1,0.21500000000000002,0.0,0.1,-0.10207877461706787,0.010207877461706788,0.5,0.5116055652525053,0.011605565252505334,1.1605565252505334,0.15050000000000002,0.15740740740740738,improvement
0.75,0.5,8.2,0.21500000000000002,0.0,0.1,-0.10131291028446394,0.010131291028446395,0.5,0.5116450053522945,0.011645005352294513,1.1645005352294513,0.15050000000000002,0.15853658536585363,improvement
0.75,0.5,8.3,0.21500000000000002,0.0,0.1,-0.10054704595186,0.010054704595186,0.5,0.5116825333187826,0.01168253331878255,1.168253331878255,0.15050000000000002,0.15963855421686748,improvement
0.75,0.5,8.4,0.21500000000000002,0.0,0.1,-0.09978118161925605,0.009978118161925606,0.5,0.5117181492387081,0.011718149238708064,1.1718149238708064,0.15050000000000002,0.1607142857142857,improvement
0.75,0.5,8.5,0.21500000000000002,0.0,0.1,-0.09901531728665212,0.009901531728665213,0.5,0.5117518531959281,0.011751853195928086,1.1751853195928086,0.15050000000000002,0.16176470588235292,improvement
0.75,0.5,8.6,0.21500000000000002,0.0,0.1,-0.09824945295404819,0.00982494529540482,0.5,0.511783645271338,0.011783645271338017,1.1783645271338017,0.15050000000000002,0.16279069767441862,improvement
0.75,0.5,8.7,0.21500000000000002,0.0,0.1,-0.09748358862144424,0.009748358862144424,0.5,0.5118135255427969,0.01181352554279691,1.181352554279691,0.15050000000000002,0.16379310344827586,improvement
0.75,0.5,8.8,0.21500000000000002,0.0,0.1,-0.09671772428884029,0.00967177242888403,0.5,0.5118414940850539,0.01184149408505386,1.184149408505386,0.15050000000000002,0.1647727272727273,improvement
0.75,0.5,8.9,0.21500000000000002,0.0,0.1,-0.09595185995623637,0.009595185995623638,0.5,0.5118675509696801,0.011867550969680063,1.1867550969680063,0.15050000000000002,0.1657303370786517,improvement
0.75,0.5,9.0,0.21500000000000002,0.0,0.1,-0.09518599562363243,0.009518599562363244,0.5,0.5118916962650022,0.011891696265002194,1.1891696265002194,0.15050000000000002,0.16666666666666669,improvement
0.75,0.5,9.1,0.21500000000000002,0.0,0.1,-0.09442013129102848,0.009442013129102849,0.5,0.5119139300360404,0.011913930036040354,1.1913930036040354,0.15050000000000002,0.1675824175824176,improvement
0.75,0.5,9.2,0.21500000000000002,0.0,0.1,-0.09365426695842456,0.009365426695842456,0.5,0.511934252344449,0.011934252344449003,1.1934252344449003,0.15050000000000002,0.16847826086956522,improvement
0.75,0.5,9.3,0.21500000000000002,0.0,0.1,-0.09288840262582061,0.009288840262582062,0.5,0.5119526632484614,0.011952663248461448,1.1952663248461448,0.15050000000000002,0.16935483870967744,improvement
0.75,0.5,9.4,0.21500000000000002,0.0,0.1,-0.09212253829321666,0.009212253829321667,0.5,0.5119691628028369,0.011969162802836886,1.1969162802836886,0.15050000000000002,0.17021276595744683,improvement
0.75,0.5,9.5,0.21500000000000002,0.0,0.1,-0.09135667396061273,0.009135667396061272,0.5,0.5119837510588124,0.011983751058812442,1.1983751058812442,0.15050000000000002,0.17105263157894737,improvement
0.75,0.5,9.6,0.21500000000000002,0.0,0.1,-0.0905908096280088,0.009059080962800881,0.5,0.5119964280640565,0.011996428064056541,1.1996428064056541,0.15050000000000002,0.171875,improvement
0.75,0.5,9.7,0.21500000000000002,0.0,0.1,-0.08982494529540487,0.008982494529540487,0.5,0.512007193862627,0.012007193862627052,1.2007193862627052,0.15050000000000002,0.17268041237113402,improvement
0.75,0.5,9.8,0.21500000000000002,0.0,0.1,-0.08905908096280091,0.00890590809628009,0.5,0.5120160484949325,0.01201604849493254,1.201604849493254,0.15050000000000002,0.17346938775510207,improvement
0.75,0.5,9.9,0.21500000000000002,0.0,0.1,-0.08829321663019699,0.0088293216630197,0.5,0.5120229919976962,0.012022991997696186,1.2022991997696186,0.15050000000000002,0.17424242424242425,improvement
0.75,0.5,10.0,0.21500000000000002,0.0,0.1,-0.08752735229759305,0.008752735229759305,0.5,0.5120280244039244,0.012028024403924364,1.2028024403924364,0.15050000000000002,0.175,improvement
0.75,0.5,10.100000000000001,0.21500000000000002,0.0,0.1,-0.0867614879649891,0.00867614879649891,0.5,0.5120311457428761,0.012031145742876115,1.2031145742876115,0.15050000000000002,0.17574257425742576,improvement
0.75,0.5,10.2,0.21500000000000002,0.0,0.1,-0.08599562363238518,0.008599562363238519,0.5,0.5120323560400397,0.012032356040039716,1.2032356040039716,0.15050000000000002,0.1764705882352941,improvement
0.75,0.5,10.3,0.21500000000000002,0.0,0.1,-0.08522975929978123,0.008522975929978123,0.5,0.5120316553171091,0.012031655317109147,1.2031655317109147,0.15050000000000002,0.17718446601941748,improvement
0.75,0.5,10.4,0.21500000000000002,0.0,0.1,-0.0844638949671773,0.00844638949671773,0.5,0.5120290435919652,0.012029043591965216,1.2029043591965216,0.15050000000000002,0.1778846153846154,improvement
0.75,0.5,10.5,0.21500000000000002,0.0,0.1,-0.08369803063457336,0.008369803063457337,0.5,0.5120245208786603,0.01202452087866035,1.202452087866035,0.15050000000000002,0.17857142857142858,improvement
0.75,0.5,10.600000000000001,0.21500000000000002,0.0,0.1,-0.08293216630196941,0.00829321663019694,0.5,0.5120180871874067,0.012018087187406712,1.2018087187406712,0.15050000000000002,0.17924528301886794,improvement
0.75,0.5,10.7,0.21500000000000002,0.0,0.1,-0.08216630196936549,0.00821663019693655,0.5,0.5120097425245665,0.012009742524566547,1.2009742524566547,0.15050000000000002,0.17990654205607476,improvement
0.75,0.5,10.8,0.21500000000000002,0.0,0.1,-0.08140043763676152,0.008140043763676153,0.5,0.5119994868926476,0.011999486892647626,1.1999486892647626,0.15050000000000002,0.18055555555555558,improvement
0.75,0.5,10.9,0.21500000000000002,0.0,0.1,-0.0806345733041576,0.00806345733041576,0.5,0.5119873202903005,0.011987320290300474,1.1987320290300474,0.15050000000000002,0.1811926605504587,improvement
0.75,0.5,11.0,0.21500000000000002,0.0,0.1,-0.07986870897155367,0.007986870897155367,0.5,0.5119732427123197,0.011973242712319698,1.1973242712319698,0.15050000000000002,0.18181818181818182,improvement
0.75,0.5,11.100000000000001,0.21500000000000002,0.0,0.1,-0.07910284463894972,0.007910284463894973,0.5,0.5119572541496487,0.011957254149648655,1.1957254149648655,0.15050000000000002,0.18243243243243246,improvement
0.75,0.5,11.2,0.21500000000000002,0.0,0.1,-0.0783369803063458,0.00783369803063458,0.5,0.5119393545893869,0.011939354589386886,1.1939354589386886,0.15050000000000002,0.1830357142857143,improvement
0.75,0.5,11.3,0.21500000000000002,0.0,0.1,-0.07757111597374185,0.007757111597374185,0.5,0.5119195440148023,0.01191954401480233,1.191954401480233,0.15050000000000002,0.1836283185840708,improvement
0.75,0.5,11.4,0.21500000000000002,0.0,0.1,-0.07680525164113791,0.007680525164113792,0.5,0.5118978224053445,0.011897822405344538,1.1897822405344538,0.15050000000000002,0.1842105263157895,improvement
0.75,0.5,11.5,0.21500000000000002,0.0,0.1,-0.07603938730853396,0.007603938730853396,0.5,0.511874189736664,0.011874189736663987,1.1874189736663987,0.15050000000000002,0.18478260869565216,improvement
0.75,0.5,11.600000000000001,0.21500000000000002,0.0,0.1,-0.07527352297593003,0.007527352297593003,0.5,0.5118486459806322,0.011848645980632178,1.1848645980632178,0.15050000000000002,0.1853448275862069,improvement
0.75,0.5,11.7,0.21500000000000002,0.0,0.1,-0.0745076586433261,0.0074507658643326105,0.5,0.5118211911053668,0.011821191105366835,1.1821191105366835,0.15050000000000002,0.1858974358974359,improvement
0.75,0.5,11.8,0.21500000000000002,0.0,0.1,-0.07374179431072216,0.007374179431072216,0.5,0.5117918250752598,0.011791825075259776,1.1791825075259776,0.15050000000000002,0.1864406779661017,improvement
0.75,0.5,11.9,0.21500000000000002,0.0,0.1,-0.07297592997811822,0.007297592997811822,0.5,0.5117605478510081,0.011760547851008107,1.1760547851008107,0.15050000000000002,0.1869747899159664,improvement
0.75,0.5,12.0,0.21500000000000002,0.0,0.1,-0.07221006564551428,0.0072210065645514285,0.5,0.511727359389649,0.011727359389648973,1.1727359389648973,0.15050000000000002,0.1875,improvement
0.75,0.5,12.100000000000001,0.21500000000000002,0.0,0.1,-0.07144420131291034,0.007144420131291034,0.5,0.5116922596445972,0.011692259644597192,1.1692259644597192,0.15050000000000002,0.18801652892561985,improvement
0.75,0.5,12.2,0.21500000000000002,0.0,0.1,-0.07067833698030641,0.007067833698030642,0.5,0.5116552485656873,0.011655248565687337,1.1655248565687337,0.15050000000000002,0.1885245901639344,improvement
0.75,0.5,12.3,0.21500000000000002,0.0,0.1,-0.06991247264770246,0.0069912472647702464,0.5,0.5116163260992176,0.011616326099217589,1.1616326099217589,0.15050000000000002,0.18902439024390244,improvement
0.75,0.5,12.4,0.21500000000000002,0.0,0.1,-0.06914660831509853,0.006914660831509854,0.5,0.5115754921879982,0.011575492187998249,1.1575492187998249,0.15050000000000002,0.18951612903225806,improvement
0.75,0.5,12.5,0.21500000000000002,0.0,0.1,-0.0683807439824946,0.00683807439824946,0.5,0.511532746771403,0.011532746771403035,1.1532746771403035,0.15050000000000002,0.19,improvement
0.75,0.5,12.600000000000001,0.21500000000000002,0.0,0.1,-0.06761487964989064,0.006761487964989064,0.5,0.5114880897854235,0.011488089785423483,1.1488089785423483,0.15050000000000002,0.19047619047619047,improvement
0.75,0.5,12.7,0.21500000000000002,0.0,0.1,-0.06684901531728672,0.006684901531728672,0.5,0.5114415211627277,0.011441521162727675,1.1441521162727675,0.15050000000000002,0.19094488188976377,improvement
0.75,0.5,12.8,0.21500000000000002,0.0,0.1,-0.06608315098468277,0.006608315098468278,0.5,0.5113930408327212,0.01139304083272119,1.139304083272119,0.15050000000000002,0.19140625,improvement
0.75,0.5,12.9,0.21500000000000002,0.0,0.1,-0.06531728665207884,0.006531728665207884,0.5,0.5113426487216118,0.011342648721611837,1.1342648721611837,0.15050000000000002,0.19186046511627908,improvement
0.75,0.5,13.0,0.21500000000000002,0.0,0.1,-0.0645514223194749,0.00645514223194749,0.5,0.5112903447524784,0.011290344752478365,1.1290344752478365,0.15050000000000002,0.1923076923076923,improvement
0.75,0.5,13.100000000000001,0.21500000000000002,0.0,0.1,-0.06378555798687095,0.006378555798687096,0.5,0.5112361288453412,0.011236128845341198,1.1236128845341198,0.15050000000000002,0.19274809160305345,improvement
0.75,0.5,13.2,0.21500000000000002,0.0,0.1,-0.06301969365426703,0.006301969365426704,0.5,0.5111800009172378,0.011180000917237809,1.118000091723781,0.15050000000000002,0.19318181818181818,improvement
0.75,0.5,13.3,0.21500000000000002,0.0,0.1,-0.06225382932166308,0.006225382932166308,0.5,0.5111219608823008,0.011121960882300774,1.1121960882300774,0.15050000000000002,0.19360902255639098,improvement
0.75,0.5,13.4,0.21500000000000002,0.0,0.1,-0.061487964989059146,0.006148796498905915,0.5,0.5110620086518394,0.011062008651839372,1.1062008651839372,0.15050000000000002,0.19402985074626866,improvement
0.75,0.5,13.5,0.21500000000000002,0.0,0.1,-0.060722100656455204,0.006072210065645521,0.5,0.5110001441344245,0.011000144134424517,1.1000144134424517,0.15050000000000002,0.19444444444444445,improvement
0.75,0.5,13.600000000000001,0.21500000000000002,0.0,0.1,-0.05995623632385127,0.005995623632385127,0.5,0.5109363672359772,0.01093636723597724,1.093636723597724,0.15050000000000002,0.1948529411764706,improvement
0.75,0.5,13.7,0.21500000000000002,0.0,0.1,-0.05919037199124734,0.005919037199124734,0.5,0.5108706778598595,0.010870677859859512,1.0870677859859512,0.15050000000000002,0.19525547445255476,improvement
0.75,0.5,13.8,0.21500000000000002,0.0,0.1,-0.05842450765864338,0.005842450765864339,0.5,0.5108030759069709,0.010803075906970938,1.0803075906970938,0.15050000000000002,0.1956521739130435,improvement
0.75,0.5,13.9,0.21500000000000002,0.0,0.1,-0.05765864332603946,0.005765864332603947,0.5,0.5107335612758452,0.010733561275845238,1.0733561275845238,0.15050000000000002,0.1960431654676259,improvement
0.75,0.5,14.0,0.21500000000000002,0.0,0.1,-0.05689277899343552,0.005689277899343552,0.5,0.5106621338627534,0.010662133862753387,1.0662133862753387,0.15050000000000002,0.19642857142857142,improvement
0.75,0.5,6.0,0.21750000000000003,0.0,0.1,-0.12157721796276018,0.012157721796276019,0.5,0.5106339466738827,0.010633946673882733,1.0633946673882733,0.15225000000000002,0.125,improvement
0.75,0.5,6.1,0.21750000000000003,0.0,0.1,-0.12086527929901429,0.01208652792990143,0.5,0.5107226027361877,0.010722602736187747,1.0722602736187747,0.15225000000000002,0.12704918032786883,improvement
0.75,0.5,6.2,0.21750000000000003,0.0,0.1,-0.1201533406352684,0.01201533406352684,0.5,0.5108094786063906,0.010809478606390588,1.0809478606390588,0.15225000000000002,0.12903225806451613,improvement
0.75,0.5,6.3,0.21750000000000003,0.0,0.1,-0.11944140197152252,0.011944140197152252,0.5,0.5108945744079563,0.01089457440795627,1.089457440795627,0.15225000000000002,0.13095238095238093,improvement
0.75,0.5,6.4,0.21750000000000003,0.0,0.1,-0.1187294633077766,0.011872946330777661,0.5,0.5109778902645945,0.010977890264594503,1.0977890264594503,0.15225000000000002,0.1328125,improvement
0.75,0.5,6.5,0.21750000000000003,0.0,0.1,-0.11801752464403072,0.011801752464403072,0.5,0.5110594263001178,0.011059426300117803,1.1059426300117803,0.15225000000000002,0.1346153846153846,improvement
0.75,0.5,6.6,0.21750000000000003,0.0,0.1,-0.11730558598028483,0.011730558598028483,0.5,0.5111391826383,0.01113918263830005,1.113918263830005,0.15225000000000002,0.13636363636363635,improvement
0.75,0.5,6.7,0.21750000000000003,0.0,0.1,-0.11659364731653891,0.011659364731653892,0.5,0.5112171594027402,0.011217159402740151,1.121715940274015,0.15225000000000002,0.13805970149253732,improvement
0.75,0.5,6.8,0.21750000000000003,0.0,0.1,-0.11588170865279303,0.011588170865279303,0.5,0.5112933567167266,0.011293356716726599,1.12933567167266,0.15225000000000002,0.13970588235294118,improvement
0.75,0.5,6.9,0.21750000000000003,0.0,0.1,-0.11516976998904714,0.011516976998904714,0.5,0.5113677747031062,0.011367774703106237,1.1367774703106237,0.15225000000000002,0.14130434782608697,improvement
0.75,0.5,7.0,0.21750000000000003,0.0,0.1,-0.11445783132530125,0.011445783132530127,0.5,0.5114404134841546,0.011440413484154588,1.1440413484154588,0.15225000000000002,0.14285714285714285,improvement
0.75,0.5,7.1,0.21750000000000003,0.0,0.1,-0.11374589266155537,0.011374589266155538,0.5,0.5115112731814493,0.011511273181449289,1.1511273181449289,0.15225000000000002,0.14436619718309857,improvement
0.75,0.5,7.2,0.21750000000000003,0.0,0.1,-0.11303395399780948,0.011303395399780949,0.5,0.5115803539157464,0.01158035391574641,1.158035391574641,0.15225000000000002,0.14583333333333334,improvement
0.75,0.5,7.3,0.21750000000000003,0.0,0.1,-0.1123220153340636,0.01123220153340636,0.5,0.5116476558068599,0.011647655806859891,1.1647655806859891,0.15225000000000002,0.14726027397260272,improvement
0.75,0.5,7.4,0.21750000000000003,0.0,0.1,-0.11161007667031768,0.011161007667031769,0.5,0.5117131789735425,0.011713178973542515,1.1713178973542515,0.15225000000000002,0.14864864864864866,improvement
0.75,0.5,7.5,0.21750000000000003,0.0,0.1,-0.11089813800657179,0.01108981380065718,0.5,0.5117769235333705,0.011776923533370454,1.1776923533370454,0.15225000000000002,0.15,improvement
0.75,0.5,7.6,0.21750000000000003,0.0,0.1,-0.1101861993428259,0.01101861993428259,0.5,0.5118388896026306,0.011838889602630576,1.1838889602630576,0.15225000000000002,0.1513157894736842,improvement
0.75,0.5,7.7,0.21750000000000003,0.0,0.1,-0.10947426067908,0.010947426067908002,0.5,0.5118990772962105,0.011899077296210536,1.1899077296210536,0.15225000000000002,0.1525974025974026,improvement
0.75,0.5,7.8,0.21750000000000003,0.0,0.1,-0.10876232201533412,0.010876232201533413,0.5,0.5119574867274905,0.01195748672749053,1.195748672749053,0.15225000000000002,0.15384615384615385,improvement
0.75,0.5,7.9,0.21750000000000003,0.0,0.1,-0.10805038335158823,0.010805038335158824,0.5,0.5120141180082394,0.012014118008239372,1.2014118008239372,0.15225000000000002,0.1550632911392405,improvement
0.75,0.5,8.0,0.21750000000000003,0.0,0.1,-0.10733844468784233,0.010733844468784233,0.5,0.5120689712485117,0.012068971248511695,1.2068971248511695,0.15225000000000002,0.15625,improvement
0.75,0.5,8.1,0.21750000000000003,0.0,0.1,-0.10662650602409644,0.010662650602409646,0.5,0.5121220465565495,0.01212204655654947,1.212204655654947,0.15225000000000002,0.15740740740740738,improvement
0.75,0.5,8.2,0.21750000000000003,0.0,0.1,-0.10591456736035056,0.010591456736035057,0.5,0.5121733440386845,0.01217334403868453,1.217334403868453,0.15225000000000002,0.15853658536585363,improvement
0.75,0.5,8.3,0.21750000000000003,0.0,0.1,-0.10520262869660466,0.010520262869660466,0.5,0.5122228637992456,0.012222863799245642,1.2222863799245642,0.15225000000000002,0.15963855421686748,improvement
0.75,0.5,8.4,0.21750000000000003,0.0,0.1,-0.10449069003285877,0.010449069003285877,0.5,0.5122706059404665,0.012270605940466472,1.2270605940466472,0.15225000000000002,0.1607142857142857,improvement
0.75,0.5,8.5,0.21750000000000003,0.0,0.1,-0.10377875136911288,0.01037787513691129,0.5,0.5123165705623972,0.012316570562397211,1.231657056239721,0.15225000000000002,0.16176470588235292,improvement
0.75,0.5,8.6,0.21750000000000003,0.0,0.1,-0.103066812705367,0.0103066812705367,0.5,0.5123607577628195,0.01236075776281953,1.236075776281953,0.15225000000000002,0.16279069767441862,improvement
0.75,0.5,8.7,0.21750000000000003,0.0,0.1,-0.10235487404162111,0.010235487404162111,0.5,0.5124031676371625,0.012403167637162538,1.2403167637162538,0.15225000000000002,0.16379310344827586,improvement
0.75,0.5,8.8,0.21750000000000003,0.0,0.1,-0.1016429353778752,0.01016429353778752,0.5,0.5124438002784231,0.012443800278423067,1.2443800278423067,0.15225000000000002,0.1647727272727273,improvement
0.75,0.5,8.9,0.21750000000000003,0.0,0.1,-0.1009309967141293,0.010093099671412932,0.5,0.5124826557770878,0.012482655777087848,1.2482655777087848,0.15225000000000002,0.1657303370786517,improvement
0.75,0.5,9.0,0.21750000000000003,0.0,0.1,-0.10021905805038342,0.010021905805038343,0.5,0.5125197342210586,0.012519734221058565,1.2519734221058565,0.15225000000000002,0.16666666666666669,improvement
0.75,0.5,9.1,0.21750000000000003,0.0,0.1,-0.09950711938663753,0.009950711938663754,0.5,0.5125550356955793,0.012555035695579253,1.2555035695579253,0.15225000000000002,0.1675824175824176,improvement
0.75,0.5,9.2,0.21750000000000003,0.0,0.1,-0.09879518072289165,0.009879518072289165,0.5,0.5125885602831672,0.012588560283167238,1.2588560283167238,0.15225000000000002,0.16847826086956522,improvement
0.75,0.5,9.3,0.21750000000000003,0.0,0.1,-0.09808324205914573,0.009808324205914574,0.5,0.5126203080635459,0.01262030806354586,1.262030806354586,0.15225000000000002,0.16935483870967744,improvement
0.75,0.5,9.4,0.21750000000000003,0.0,0.1,-0.09737130339539984,0.009737130339539985,0.5,0.5126502791135806,0.012650279113580631,1.2650279113580631,0.15225000000000002,0.17021276595744683,improvement
0.75,0.5,9.5,0.21750000000000003,0.0,0.1,-0.09665936473165396,0.009665936473165396,0.5,0.5126784735072176,0.012678473507217625,1.2678473507217625,0.15225000000000002,0.17105263157894737,improvement
0.75,0.5,9.6,0.21750000000000003,0.0,0.1,-0.09594742606790807,0.009594742606790808,0.5,0.5127048913154244,0.012704891315424405,1.2704891315424405,0.15225000000000002,0.171875,improvement
0.75,0.5,9.7,0.21750000000000003,0.0,0.1,-0.09523548740416218,0.00952354874041622,0.5,0.5127295326061347,0.012729532606134741,1.2729532606134741,0.15225000000000002,0.17268041237113402,improvement
0.75,0.5,9.8,0.21750000000000003,0.0,0.1,-0.09452354874041627,0.009452354874041627,0.5,0.5127523974441941,0.012752397444194097,1.2752397444194097,0.15225000000000002,0.17346938775510207,improvement
0.75,0.5,9.9,0.21750000000000003,0.0,0.1,-0.09381161007667038,0.00938116100766704,0.5,0.5127734858913098,0.012773485891309777,1.2773485891309777,0.15225000000000002,0.17424242424242425,improvement
0.75,0.5,10.0,0.21750000000000003,0.0,0.1,-0.0930996714129245,0.00930996714129245,0.5,0.5127927980060025,0.012792798006002526,1.2792798006002526,0.15225000000000002,0.175,improvement
0.75,0.5,10.100000000000001,0.21750000000000003,0.0,0.1,-0.0923877327491786,0.00923877327491786,0.5,0.5128103338435614,0.01281033384356145,1.281033384356145,0.15225000000000002,0.17574257425742576,improvement
0.75,0.5,10.2,0.21750000000000003,0.0,0.1,-0.09167579408543272,0.009167579408543272,0.5,0.512826093456001,0.012826093456001053,1.2826093456001053,0.15225000000000002,0.1764705882352941,improvement
0.75,0.5,10.3,0.21750000000000003,0.0,0.1,-0.0909638554216868,0.009096385542168682,0.5,0.5128400768920217,0.012840076892021712,1.2840076892021712,0.15225000000000002,0.17718446601941748,improvement
0.75,0.5,10.4,0.21750000000000003,0.0,0.1,-0.09025191675794092,0.009025191675794093,0.5,0.5128522841969718,0.01285228419697182,1.285228419697182,0.15225000000000002,0.1778846153846154,improvement
0.75,0.5,10.5,0.21750000000000003,0.0,0.1,-0.08953997809419503,0.008953997809419504,0.5,0.5128627154128138,0.012862715412813808,1.2862715412813808,0.15225000000000002,0.17857142857142858,improvement
0.75,0.5,10.600000000000001,0.21750000000000003,0.0,0.1,-0.08882803943044913,0.008882803943044913,0.5,0.5128713705780921,0.012871370578092067,1.2871370578092067,0.15225000000000002,0.17924528301886794,improvement
0.75,0.5,10.7,0.21750000000000003,0.0,0.1,-0.08811610076670326,0.008811610076670326,0.5,0.5128782497279034,0.012878249727903412,1.2878249727903412,0.15225000000000002,0.17990654205607476,improvement
0.75,0.5,10.8,0.21750000000000003,0.0,0.1,-0.08740416210295734,0.008740416210295735,0.5,0.5128833528938712,0.012883352893871214,1.2883352893871214,0.15225000000000002,0.18055555555555558,improvement
0.75,0.5,10.9,0.21750000000000003,0.0,0.1,-0.08669222343921146,0.008669222343921146,0.5,0.5128866801041206,0.01288668010412064,1.288668010412064,0.15225000000000002,0.1811926605504587,improvement
0.75,0.5,11.0,0.21750000000000003,0.0,0.1,-0.08598028477546557,0.008598028477546557,0.5,0.5128882313832586,0.012888231383258564,1.2888231383258564,0.15225000000000002,0.18181818181818182,improvement
0.75,0.5,11.100000000000001,0.21750000000000003,0.0,0.1,-0.08526834611171967,0.008526834611171968,0.5,0.5128880067523542,0.012888006752354242,1.2888006752354242,0.15225000000000002,0.18243243243243246,improvement
0.75,0.5,11.2,0.21750000000000003,0.0,0.1,-0.0845564074479738,0.00845564074479738,0.5,0.512886006228924,0.012886006228923996,1.2886006228923996,0.15225000000000002,0.1830357142857143,improvement
0.75,0.5,11.3,0.21750000000000003,0.0,0.1,-0.08384446878422788,0.008384446878422788,0.5,0.5128822298269181,0.012882229826918112,1.2882229826918112,0.15225000000000002,0.1836283185840708,improvement
0.75,0.5,11.4,0.21750000000000003,0.0,0.1,-0.083132530120482,0.0083132530120482,0.5,0.5128766775567101,0.01287667755671007,1.287667755671007,0.15225000000000002,0.1842105263157895,improvement
0.75,0.5,11.5,0.21750000000000003,0.0,0.1,-0.08242059145673611,0.008242059145673612,0.5,0.5128693494250889,0.012869349425088883,1.2869349425088883,0.15225000000000002,0.18478260869565216,improvement
0.75,0.5,11.600000000000001,0.21750000000000003,0.0,0.1,-0.08170865279299021,0.00817086527929902,0.5,0.5128602454352548,0.012860245435254769,1.286024543525477,0.15225000000000002,0.1853448275862069,improvement
0.75,0.5,11.7,0.21750000000000003,0.0,0.1,-0.08099671412924433,0.008099671412924433,0.5,0.5128493655868154,0.012849365586815376,1.2849365586815376,0.15225000000000002,0.1858974358974359,improvement
0.75,0.5,11.8,0.21750000000000003,0.0,0.1,-0.08028477546549842,0.008028477546549843,0.5,0.5128367098757878,0.012836709875787777,1.2836709875787777,0.15225000000000002,0.1864406779661017,improvement
0.75,0.5,11.9,0.21750000000000003,0.0,0.1,-0.07957283680175253,0.007957283680175254,0.5,0.5128222782945999,0.01282227829459992,1.282227829459992,0.15225000000000002,0.1869747899159664,improvement
0.75,0.5,12.0,0.21750000000000003,0.0,0.1,-0.07886089813800665,0.007886089813800665,0.5,0.5128060708320972,0.012806070832097172,1.2806070832097172,0.15225000000000002,0.1875,improvement
0.75,0.5,12.100000000000001,0.21750000000000003,0.0,0.1,-0.07814895947426075,0.007814895947426076,0.5,0.5127880874735506,0.012788087473550647,1.2788087473550647,0.15225000000000002,0.18801652892561985,improvement
0.75,0.5,12.2,0.21750000000000003,0.0,0.1,-0.07743702081051487,0.0077437020810514874,0.5,0.5127683282006679,0.012768328200667867,1.2768328200667867,0.15225000000000002,0.1885245901639344,improvement
0.75,0.5,12.3,0.21750000000000003,0.0,0.1,-0.07672508214676896,0.007672508214676896,0.5,0.5127467929916067,0.012746792991606748,1.2746792991606748,0.15225000000000002,0.18902439024390244,improvement
0.75,0.5,12.4,0.21750000000000003,0.0,0.1,-0.07601314348302307,0.007601314348302308,0.5,0.5127234818209918,0.012723481820991811,1.272348182099181,0.15225000000000002,0.18951612903225806,improvement
0.75,0.5,12.5,0.21750000000000003,0.0,0.1,-0.07530120481927718,0.007530120481927719,0.5,0.5126983946599339,0.012698394659933943,1.2698394659933943,0.15225000000000002,0.19,improvement
0.75,0.5,12.600000000000001,0.21750000000000003,0.0,0.1,-0.07458926615553128,0.007458926615553129,0.5,0.512671531476051,0.012671531476051046,1.2671531476051046,0.15225000000000002,0.19047619047619047,improvement
0.75,0.5,12.7,0.21750000000000003,0.0,0.1,-0.07387732749178541,0.007387732749178541,0.5,0.5126428922334931,0.01264289223349313,1.264289223349313,0.15225000000000002,0.19094488188976377,improvement
0.75,0.5,12.8,0.21750000000000003,0.0,0.1,-0.07316538882803951,0.0073165388828039515,0.5,0.5126124768929696,0.012612476892969626,1.2612476892969626,0.15225000000000002,0.19140625,improvement
0.75,0.5,12.9,0.21750000000000003,0.0,0.1,-0.07245345016429362,0.0072453450164293625,0.5,0.5125802854117789,0.012580285411778913,1.2580285411778913,0.15225000000000002,0.19186046511627908,improvement
0.75,0.5,13.0,0.21750000000000003,0.0,0.1,-0.07174151150054772,0.0071741511500547726,0.5,0.5125463177438411,0.012546317743841073,1.2546317743841073,0.15225000000000002,0.1923076923076923,improvement
0.75,0.5,13.100000000000001,0.21750000000000003,0.0,0.1,-0.07102957283680184,0.0071029572836801835,0.5,0.5125105738397325,0.01251057383973253,1.251057383973253,0.15225000000000002,0.19274809160305345,improvement
0.75,0.5,13.2,0.21750000000000003,0.0,0.1,-0.07031763417305595,0.007031763417305595,0.5,0.5124730536467244,0.012473053646724352,1.2473053646724352,0.15225000000000002,0.19318181818181818,improvement
0.75,0.5,13.3,0.21750000000000003,0.0,0.1,-0.06960569550931005,0.0069605695509310055,0.5,0.5124337571088233,0.012433757108823329,1.243375710882333,0.15225000000000002,0.19360902255639098,improvement
0.75,0.5,13.4,0.21750000000000003,0.0,0.1,-0.06889375684556416,0.006889375684556416,0.5,0.512392684166814,0.01239268416681405,1.239268416681405,0.15225000000000002,0.19402985074626866,improvement
0.75,0.5,13.5,0.21750000000000003,0.0,0.1,-0.06818181818181827,0.006818181818181827,0.5,0.5123498347583059,0.012349834758305867,1.2349834758305867,0.15225000000000002,0.19444444444444445,improvement
0.75,0.5,13.600000000000001,0.21750000000000003,0.0,0.1,-0.06746987951807237,0.0067469879518072375,0.5,0.5123052088177809,0.012305208817780855,1.2305208817780855,0.15225000000000002,0.1948529411764706,improvement
0.75,0.5,13.7,0.21750000000000003,0.0,0.1,-0.0667579408543265,0.00667579408543265,0.5,0.5122588062766459,0.012258806276645884,1.2258806276645884,0.15225000000000002,0.19525547445255476,improvement
0.75,0.5,13.8,0.21750000000000003,0.0,0.1,-0.06604600219058059,0.0066046002190580586,0.5,0.5122106270632858,0.012210627063285795,1.2210627063285795,0.15225000000000002,0.1956521739130435,improvement
0.75,0.5,13.9,0.21750000000000003,0.0,0.1,-0.0653340635268347,0.00653340635268347,0.5,0.5121606711031206,0.01216067110312058,1.216067110312058,0.15225000000000002,0.1960431654676259,improvement
0.75,0.5,14.0,0.21750000000000003,0.0,0.1,-0.06462212486308881,0.006462212486308881,0.5,0.5121089383186649,0.012108938318664886,1.2108938318664886,0.15225000000000002,0.19642857142857142,improvement
0.75,0.5,6.0,0.22,0.0,0.1,-0.125,0.0125,0.5,0.5109330875945334,0.010933087594533375,1.0933087594533375,0.154,0.125,improvement
0.75,0.5,6.1,0.22,0.0,0.1,-0.12434210526315786,0.012434210526315787,0.5,0.5110307990218654,0.011030799021865434,1.1030799021865434,0.154,0.12704918032786883,improvement
0.75,0.5,6.2,0.22,0.0,0.1,-0.12368421052631579,0.012368421052631579,0.5,0.5111268647170876,0.01112686471708757,1.112686471708757,0.154,0.12903225806451613,improvement
0.75,0.5,6.3,0.22,0.0,0.1,-0.12302631578947366,0.012302631578947367,0.5,0.5112212848008664,0.011221284800866371,1.1221284800866371,0.154,0.13095238095238093,improvement
0.75,0.5,6.4,0.22,0.0,0.1,-0.12236842105263157,0.012236842105263157,0.5,0.5113140593947594,0.01131405939475938,1.131405939475938,0.154,0.1328125,improvement
0.75,0.5,6.5,0.22,0.0,0.1,-0.12171052631578945,0.012171052631578945,0.5,0.511405188621082,0.011405188621081974,1.1405188621081974,0.154,0.1346153846153846,improvement
0.75,0.5,6.6,0.22,0.0,0.1,-0.12105263157894737,0.012105263157894737,0.5,0.5114946726027763,0.011494672602776257,1.1494672602776257,0.154,0.13636363636363635,improvement
0.75,0.5,6.7,0.22,0.0,0.1,-0.12039473684210526,0.012039473684210527,0.5,0.5115825114632816,0.011582511463281597,1.1582511463281597,0.154,0.13805970149253732,improvement
0.75,0.5,6.8,0.22,0.0,0.1,-0.11973684210526316,0.011973684210526317,0.5,0.5116687053264082,0.01166870532640818,1.166870532640818,0.154,0.13970588235294118,improvement
0.75,0.5,6.9,0.22,0.0,0.1,-0.11907894736842105,0.011907894736842105,0.5,0.5117532543162123,0.011753254316212325,1.1753254316212325,0.154,0.14130434782608697,improvement
0.75,0.5,7.0,0.22,0.0,0.1,-0.11842105263157894,0.011842105263157895,0.5,0.5118361585568736,0.011836158556873588,1.1836158556873588,0.154,0.14285714285714285,improvement
0.75,0.5,7.1,0.22,0.0,0.1,-0.11776315789473683,0.011776315789473683,0.5,0.5119174181725746,0.011917418172574634,1.1917418172574634,0.154,0.14436619718309857,improvement
0.75,0.5,7.2,0.22,0.0,0.1,-0.11710526315789473,0.011710526315789473,0.5,0.5119970332873831,0.011997033287383108,1.1997033287383108,0.154,0.14583333333333334,improvement
0.75,0.5,7.3,0.22,0.0,0.1,-0.11644736842105262,0.011644736842105263,0.5,0.5120750040251353,0.012075004025135283,1.2075004025135283,0.154,0.14726027397260272,improvement
0.75,0.5,7.4,0.22,0.0,0.1,-0.11578947368421053,0.011578947368421053,0.5,0.5121513305093224,0.012151330509322378,1.2151330509322378,0.154,0.14864864864864866,improvement
0.75,0.5,7.5,0.22,0.0,0.1,-0.11513157894736842,0.011513157894736843,0.5,0.5122260128629788,0.012226012862978752,1.2226012862978752,0.154,0.15,improvement
0.75,0.5,7.6,0.22,0.0,0.1,-0.11447368421052631,0.011447368421052631,0.5,0.512299051208572,0.012299051208571998,1.2299051208571998,0.154,0.1513157894736842,improvement
0.75,0.5,7.7,0.22,0.0,0.1,-0.1138157894736842,0.011381578947368421,0.5,0.5123704456678962,0.012370445667896246,1.2370445667896246,0.154,0.1525974025974026,improvement
0.75,0.5,7.8,0.22,0.0,0.1,-0.1131578947368421,0.01131578947368421,0.5,0.512440196361966,0.012440196361966027,1.2440196361966027,0.154,0.15384615384615385,improvement
0.75,0.5,7.9,0.22,0.0,0.1,-0.11249999999999999,0.01125,0.5,0.5125083034109134,0.012508303410913357,1.2508303410913357,0.154,0.1550632911392405,improvement
0.75,0.5,8.0,0.22,0.0,0.1,-0.11184210526315788,0.01118421052631579,0.5,0.5125747669338874,0.012574766933887371,1.2574766933887371,0.154,0.15625,improvement
0.75,0.5,8.1,0.22,0.0,0.1,-0.11118421052631577,0.011118421052631578,0.5,0.5126395870489544,0.012639587048954404,1.2639587048954404,0.154,0.15740740740740738,improvement
0.75,0.5,8.2,0.22,0.0,0.1,-0.11052631578947367,0.011052631578947368,0.5,0.5127027638730022,0.012702763873002176,1.2702763873002176,0.154,0.15853658536585363,improvement
0.75,0.5,8.3,0.22,0.0,0.1,-0.10986842105263157,0.010986842105263158,0.5,0.5127642975216449,0.012764297521644874,1.2764297521644874,0.154,0.15963855421686748,improvement
0.75,0.5,8.4,0.22,0.0,0.1,-0.10921052631578947,0.010921052631578948,0.5,0.5128241881091304,0.012824188109130441,1.282418810913044,0.154,0.1607142857142857,improvement
0.75,0.5,8.5,0.22,0.0,0.1,-0.10855263157894736,0.010855263157894736,0.5,0.5128824357482511,0.012882435748251098,1.2882435748251098,0.154,0.16176470588235292,improvement
0.75,0.5,8.6,0.22,0.0,0.1,-0.10789473684210525,0.010789473684210526,0.5,0.5129390405502541,0.012939040550254077,1.2939040550254077,0.154,0.16279069767441862,improvement
0.75,0.5,8.7,0.22,0.0,0.1,-0.10723684210526316,0.010723684210526316,0.5,0.5129940026247571,0.01299400262475714,1.299400262475714,0.154,0.16379310344827586,improvement
0.75,0.5,8.8,0.22,0.0,0.1,-0.10657894736842104,0.010657894736842104,0.5,0.5130473220796633,0.013047322079663304,1.3047322079663304,0.154,0.1647727272727273,improvement
0.75,0.5,8.9,0.22,0.0,0.1,-0.10592105263157893,0.010592105263157894,0.5,0.5130989990210798,0.013098999021079805,1.3098999021079805,0.154,0.1657303370786517,improvement
0.75,0.5,9.0,0.22,0.0,0.1,-0.10526315789473682,0.010526315789473682,0.5,0.5131490335532385,0.013149033553238487,1.3149033553238487,0.154,0.16666666666666669,improvement
0.75,0.5,9.1,0.22,0.0,0.1,-0.10460526315789473,0.010460526315789474,0.5,0.5131974257784184,0.013197425778418426,1.3197425778418426,0.154,0.1675824175824176,improvement
0.75,0.5,9.2,0.22,0.0,0.1,-0.10394736842105262,0.010394736842105262,0.5,0.5132441757968704,0.013244175796870428,1.3244175796870428,0.154,0.16847826086956522,improvement
0.75,0.5,9.3,0.22,0.0,0.1,-0.10328947368421051,0.010328947368421052,0.5,0.5132892837067439,0.01328928370674387,1.328928370674387,0.154,0.16935483870967744,improvement
0.75,0.5,9.4,0.22,0.0,0.1,-0.10263157894736842,0.010263157894736842,0.5,0.5133327496040161,0.013332749604016092,1.3332749604016092,0.154,0.17021276595744683,improvement
0.75,0.5,9.5,0.22,0.0,0.1,-0.10197368421052631,0.010197368421052632,0.5,0.5133745735824229,0.013374573582422888,1.3374573582422888,0.154,0.17105263157894737,improvement
0.75,0.5,9.6,0.22,0.0,0.1,-0.1013157894736842,0.010131578947368422,0.5,0.5134147557333921,0.013414755733392125,1.3414755733392125,0.154,0.171875,improvement
0.75,0.5,9.7,0.22,0.0,0.1,-0.1006578947368421,0.01006578947368421,0.5,0.5134532961459792,0.013453296145979232,1.3453296145979232,0.154,0.17268041237113402,improvement
0.75,0.5,9.8,0.22,0.0,0.1,-0.09999999999999999,0.01,0.5,0.513490194906804,0.013490194906804032,1.3490194906804032,0.154,0.17346938775510207,improvement
0.75,0.5,9.9,0.22,0.0,0.1,-0.09934210526315788,0.009934210526315788,0.5,0.5135254520999915,0.013525452099991453,1.3525452099991453,0.154,0.17424242424242425,improvement
0.75,0.5,10.0,0.22,0.0,0.1,-0.09868421052631578,0.009868421052631578,0.5,0.513559067807112,0.013559067807112024,1.3559067807112024,0.154,0.175,improvement
0.75,0.5,10.100000000000001,0.22,0.0,0.1,-0.09802631578947367,0.009802631578947368,0.5,0.513591042107127,0.013591042107127027,1.3591042107127027,0.154,0.17574257425742576,improvement
0.75,0.5,10.2,0.22,0.0,0.1,-0.09736842105263158,0.009736842105263158,0.5,0.5136213750763334,0.01362137507633343,1.362137507633343,0.154,0.1764705882352941,improvement
0.75,0.5,10.3,0.22,0.0,0.1,-0.09671052631578947,0.009671052631578948,0.5,0.5136500667883124,0.013650066788312376,1.3650066788312376,0.154,0.17718446601941748,improvement
0.75,0.5,10.4,0.22,0.0,0.1,-0.09605263157894736,0.009605263157894737,0.5,0.51367711731388,0.013677117313879994,1.3677117313879994,0.154,0.1778846153846154,improvement
0.75,0.5,10.5,0.22,0.0,0.1,-0.09539473684210525,0.009539473684210526,0.5,0.5137025267210389,0.013702526721038888,1.3702526721038888,0.154,0.17857142857142858,improvement
0.75,0.5,10.600000000000001,0.22,0.0,0.1,-0.09473684210526315,0.009473684210526315,0.5,0.5137262950749335,0.013726295074933503,1.3726295074933503,0.154,0.17924528301886794,improvement
0.75,0.5,10.7,0.22,0.0,0.1,-0.09407894736842105,0.009407894736842106,0.5,0.5137484224378055,0.013748422437805496,1.3748422437805496,0.154,0.17990654205607476,improvement
0.75,0.5,10.8,0.22,0.0,0.1,-0.09342105263157893,0.009342105263157893,0.5,0.5137689088689543,0.013768908868954322,1.3768908868954322,0.154,0.18055555555555558,improvement
0.75,0.5,10.9,0.22,0.0,0.1,-0.09276315789473683,0.009276315789473683,0.5,0.5137877544246965,0.013787754424696486,1.3787754424696486,0.154,0.1811926605504587,improvement
0.75,0.5,11.0,0.22,0.0,0.1,-0.09210526315789473,0.009210526315789473,0.5,0.5138049591583289,0.013804959158328911,1.380495915832891,0.154,0.18181818181818182,improvement
0.75,0.5,11.100000000000001,0.22,0.0,0.1,-0.09144736842105262,0.009144736842105263,0.5,0.5138205231200947,0.013820523120094741,1.382052312009474,0.154,0.18243243243243246,improvement
0.75,0.5,11.2,0.22,0.0,0.1,-0.09078947368421052,0.009078947368421053,0.5,0.5138344463571498,0.01383444635714981,1.383444635714981,0.154,0.1830357142857143,improvement
0.75,0.5,11.3,0.22,0.0,0.1,-0.09013157894736841,0.009013157894736841,0.5,0.5138467289135323,0.013846728913532336,1.3846728913532336,0.154,0.1836283185840708,improvement
0.75,0.5,11.4,0.22,0.0,0.1,-0.08947368421052632,0.008947368421052633,0.5,0.5138573708301339,0.013857370830133942,1.3857370830133942,0.154,0.1842105263157895,improvement
0.75,0.5,11.5,0.22,0.0,0.1,-0.08881578947368421,0.008881578947368421,0.5,0.5138663721446739,0.0138663721446739,1.38663721446739,0.154,0.18478260869565216,improvement
0.75,0.5,11.600000000000001,0.22,0.0,0.1,-0.08815789473684209,0.00881578947368421,0.5,0.5138737328916746,0.013873732891674595,1.3873732891674595,0.154,0.1853448275862069,improvement
0.75,0.5,11.7,0.22,0.0,0.1,-0.0875,0.008749999999999999,0.5,0.5138794531024387,0.013879453102438655,1.3879453102438655,0.154,0.1858974358974359,improvement
0.75,0.5,11.8,0.22,0.0,0.1,-0.08684210526315789,0.008684210526315789,0.5,0.5138835328050301,0.013883532805030074,1.3883532805030074,0.154,0.1864406779661017,improvement
0.75,0.5,11.9,0.22,0.0,0.1,-0.08618421052631578,0.008618421052631579,0.5,0.5138859720242551,0.013885972024255122,1.3885972024255122,0.154,0.1869747899159664,improvement
0.75,0.5,12.0,0.22,0.0,0.1,-0.08552631578947367,0.008552631578947367,0.5,0.5138867707816471,0.013886770781647129,1.3886770781647129,0.154,0.1875,improvement
0.75,0.5,12.100000000000001,0.22,0.0,0.1,-0.08486842105263157,0.008486842105263157,0.5,0.5138859290954527,0.01388592909545272,1.388592909545272,0.154,0.18801652892561985,improvement
0.75,0.5,12.2,0.22,0.0,0.1,-0.08421052631578947,0.008421052631578947,0.5,0.5138834469806197,0.013883446980619718,1.3883446980619718,0.154,0.1885245901639344,improvement
0.75,0.5,12.3,0.22,0.0,0.1,-0.08355263157894736,0.008355263157894737,0.5,0.5138793244487885,0.013879324448788477,1.3879324448788477,0.154,0.18902439024390244,improvement
0.75,0.5,12.4,0.22,0.0,0.1,-0.08289473684210526,0.008289473684210525,0.5,0.5138735615082834,0.01387356150828345,1.387356150828345,0.154,0.18951612903225806,improvement
0.75,0.5,12.5,0.22,0.0,0.1,-0.08223684210526315,0.008223684210526315,0.5,0.5138661581641089,0.013866158164108855,1.3866158164108855,0.154,0.19,improvement
0.75,0.5,12.600000000000001,0.22,0.0,0.1,-0.08157894736842104,0.008157894736842105,0.5,0.5138571144179449,0.013857114417944905,1.3857114417944905,0.154,0.19047619047619047,improvement
0.75,0.5,12.7,0.22,0.0,0.1,-0.08092105263157895,0.008092105263157895,0.5,0.5138464302681469,0.013846430268146914,1.3846430268146914,0.154,0.19094488188976377,improvement
0.75,0.5,12.8,0.22,0.0,0.1,-0.08026315789473683,0.008026315789473683,0.5,0.5138341057097464,0.013834105709746414,1.3834105709746414,0.154,0.19140625,improvement
0.75,0.5,12.9,0.22,0.0,0.1,-0.07960526315789472,0.007960526315789472,0.5,0.5138201407344544,0.013820140734454367,1.3820140734454367,0.154,0.19186046511627908,improvement
0.75,0.5,13.0,0.22,0.0,0.1,-0.07894736842105261,0.007894736842105262,0.5,0.5138045353306662,0.013804535330666168,1.3804535330666168,0.154,0.1923076923076923,improvement
0.75,0.5,13.100000000000001,0.22,0.0,0.1,-0.07828947368421052,0.007828947368421052,0.5,0.5137872894834694,0.013787289483469412,1.3787289483469412,0.154,0.19274809160305345,improvement
0.75,0.5,13.2,0.22,0.0,0.1,-0.07763157894736843,0.007763157894736843,0.5,0.5137684031746532,0.013768403174653221,1.376840317465322,0.154,0.19318181818181818,improvement
0.75,0.5,13.3,0.22,0.0,0.1,-0.0769736842105263,0.007697368421052631,0.5,0.5137478763827199,0.013747876382719904,1.3747876382719904,0.154,0.19360902255639098,improvement
0.75,0.5,13.4,0.22,0.0,0.1,-0.07631578947368421,0.0076315789473684215,0.5,0.5137257090828986,0.013725709082898607,1.3725709082898607,0.154,0.19402985074626866,improvement
0.75,0.5,13.5,0.22,0.0,0.1,-0.0756578947368421,0.007565789473684211,0.5,0.5137019012471611,0.013701901247161086,1.3701901247161086,0.154,0.19444444444444445,improvement
0.75,0.5,13.600000000000001,0.22,0.0,0.1,-0.07499999999999998,0.007499999999999999,0.5,0.5136764528442399,0.013676452844239906,1.3676452844239906,0.154,0.1948529411764706,improvement
0.75,0.5,13.7,0.22,0.0,0.1,-0.07434210526315789,0.00743421052631579,0.5,0.5136493638396489,0.013649363839648876,1.3649363839648876,0.154,0.19525547445255476,improvement
0.75,0.5,13.8,0.22,0.0,0.1,-0.07368421052631578,0.007368421052631579,0.5,0.5136206341957039,0.013620634195703918,1.3620634195703918,0.154,0.1956521739130435,improvement
0.75,0.5,13.9,0.22,0.0,0.1,-0.07302631578947368,0.007302631578947368,0.5,0.5135902638715493,0.013590263871549269,1.3590263871549269,0.154,0.1960431654676259,improvement
0.75,0.5,14.0,0.22,0.0,0.1,-0.07236842105263157,0.007236842105263157,0.5,0.5135582528231819,0.013558252823181904,1.3558252823181904,0.154,0.19642857142857142,improvement
0.75,0.5,6.0,0.2225,0.0,0.1,-0.12843029637760703,0.012843029637760704,0.5,0.5112328653560629,0.011232865356062938,1.1232865356062938,0.15575,0.125,improvement
0.75,0.5,6.1,0.2225,0.0,0.1,-0.1278265642151482,0.012782656421514821,0.5,0.5113396504712631,0.011339650471263063,1.1339650471263063,0.15575,0.12704918032786883,improvement
0.75,0.5,6.2,0.2225,0.0,0.1,-0.12722283205268936,0.012722283205268936,0.5,0.5114449245177425,0.011444924517742483,1.1444924517742483,0.15575,0.12903225806451613,improvement
0.75,0.5,6.3,0.2225,0.0,0.1,-0.1266190998902305,0.012661909989023052,0.5,0.511548687609795,0.011548687609794994,1.1548687609794994,0.15575,0.13095238095238093,improvement
0.75,0.5,6.4,0.2225,0.0,0.1,-0.1260153677277717,0.01260153677277717,0.5,0.5116509398631963,0.011650939863196319,1.165093986319632,0.15575,0.1328125,improvement
0.75,0.5,6.5,0.2225,0.0,0.1,-0.12541163556531285,0.012541163556531286,0.5,0.511751681395084,0.01175168139508398,1.175168139508398,0.15575,0.1346153846153846,improvement
0.75,0.5,6.6,0.2225,0.0,0.1,-0.12480790340285401,0.012480790340285403,0.5,0.5118509123238355,0.011850912323835505,1.1850912323835505,0.15575,0.13636363636363635,improvement
0.75,0.5,6.7,0.2225,0.0,0.1,-0.12420417124039518,0.012420417124039518,0.5,0.5119486327689511,0.011948632768951084,1.1948632768951084,0.15575,0.13805970149253732,improvement
0.75,0.5,6.8,0.2225,0.0,0.1,-0.12360043907793636,0.012360043907793637,0.5,0.5120448428509359,0.012044842850935877,1.2044842850935877,0.15575,0.13970588235294118,improvement
0.75,0.5,6.9,0.2225,0.0,0.1,-0.12299670691547751,0.012299670691547752,0.5,0.5121395426911852,0.012139542691185223,1.2139542691185223,0.15575,0.14130434782608697,improvement
0.75,0.5,7.0,0.2225,0.0,0.1,-0.12239297475301866,0.012239297475301867,0.5,0.512232732411871,0.01223273241187095,1.223273241187095,0.15575,0.14285714285714285,improvement
0.75,0.5,7.1,0.2225,0.0,0.1,-0.12178924259055984,0.012178924259055986,0.5,0.5123244121358295,0.012324412135829466,1.2324412135829466,0.15575,0.14436619718309857,improvement
0.75,0.5,7.2,0.2225,0.0,0.1,-0.12118551042810101,0.012118551042810101,0.5,0.5124145819864518,0.012414581986451845,1.2414581986451845,0.15575,0.14583333333333334,improvement
0.75,0.5,7.3,0.2225,0.0,0.1,-0.12058177826564216,0.012058177826564216,0.5,0.5125032420875749,0.012503242087574917,1.2503242087574917,0.15575,0.14726027397260272,improvement
0.75,0.5,7.4,0.2225,0.0,0.1,-0.11997804610318331,0.011997804610318331,0.5,0.5125903925633748,0.012590392563374797,1.2590392563374797,0.15575,0.14864864864864866,improvement
0.75,0.5,7.5,0.2225,0.0,0.1,-0.11937431394072448,0.011937431394072448,0.5,0.5126760335382616,0.012676033538261633,1.2676033538261633,0.15575,0.15,improvement
0.75,0.5,7.6,0.2225,0.0,0.1,-0.11877058177826566,0.011877058177826567,0.5,0.5127601651367757,0.012760165136775692,1.2760165136775692,0.15575,0.1513157894736842,improvement
0.75,0.5,7.7,0.2225,0.0,0.1,-0.11816684961580681,0.011816684961580682,0.5,0.5128427874834862,0.012842787483486218,1.2842787483486218,0.15575,0.1525974025974026,improvement
0.75,0.5,7.8,0.2225,0.0,0.1,-0.11756311745334799,0.0117563117453348,0.5,0.5129239007028912,0.012923900702891178,1.2923900702891178,0.15575,0.15384615384615385,improvement
0.75,0.5,7.9,0.2225,0.0,0.1,-0.11695938529088916,0.011695938529088916,0.5,0.5130035049193178,0.013003504919317788,1.3003504919317788,0.15575,0.1550632911392405,improvement
0.75,0.5,8.0,0.2225,0.0,0.1,-0.11635565312843031,0.011635565312843031,0.5,0.5130816002568271,0.013081600256827142,1.3081600256827142,0.15575,0.15625,improvement
0.75,0.5,8.1,0.2225,0.0,0.1,-0.11575192096597146,0.011575192096597147,0.5,0.5131581868391182,0.01315818683911818,1.315818683911818,0.15575,0.15740740740740738,improvement
0.75,0.5,8.2,0.2225,0.0,0.1,-0.11514818880351264,0.011514818880351265,0.5,0.5132332647894347,0.013233264789434651,1.3233264789434651,0.15575,0.15853658536585363,improvement
0.75,0.5,8.3,0.2225,0.0,0.1,-0.11454445664105381,0.011454445664105382,0.5,0.5133068342304725,0.01330683423047252,1.330683423047252,0.15575,0.15963855421686748,improvement
0.75,0.5,8.4,0.2225,0.0,0.1,-0.11394072447859496,0.011394072447859498,0.5,0.5133788952842911,0.013378895284291148,1.3378895284291148,0.15575,0.1607142857142857,improvement
0.75,0.5,8.5,0.2225,0.0,0.1,-0.11333699231613614,0.011333699231613615,0.5,0.5134494480722235,0.01344944807222348,1.344944807222348,0.15575,0.16176470588235292,improvement
0.75,0.5,8.6,0.2225,0.0,0.1,-0.1127332601536773,0.01127332601536773,0.5,0.51351849271479,0.013518492714789998,1.3518492714789998,0.15575,0.16279069767441862,improvement
0.75,0.5,8.7,0.2225,0.0,0.1,-0.11212952799121846,0.011212952799121847,0.5,0.5135860293316132,0.013586029331613236,1.3586029331613236,0.15575,0.16379310344827586,improvement
0.75,0.5,8.8,0.2225,0.0,0.1,-0.11152579582875961,0.011152579582875962,0.5,0.5136520580413348,0.013652058041334847,1.3652058041334847,0.15575,0.1647727272727273,improvement
0.75,0.5,8.9,0.2225,0.0,0.1,-0.11092206366630077,0.011092206366630077,0.5,0.513716578961533,0.013716578961533,1.3716578961533,0.15575,0.1657303370786517,improvement
0.75,0.5,9.0,0.2225,0.0,0.1,-0.11031833150384195,0.011031833150384196,0.5,0.5137795922086428,0.013779592208642777,1.3779592208642777,0.15575,0.16666666666666669,improvement
0.75,0.5,9.1,0.2225,0.0,0.1,-0.10971459934138311,0.010971459934138311,0.5,0.5138410978978769,0.013841097897876908,1.3841097897876908,0.15575,0.1675824175824176,improvement
0.75,0.5,9.2,0.2225,0.0,0.1,-0.10911086717892428,0.010911086717892428,0.5,0.5139010961431502,0.01390109614315016,1.390109614315016,0.15575,0.16847826086956522,improvement
0.75,0.5,9.3,0.2225,0.0,0.1,-0.10850713501646543,0.010850713501646543,0.5,0.5139595870570033,0.013959587057003287,1.3959587057003287,0.15575,0.16935483870967744,improvement
0.75,0.5,9.4,0.2225,0.0,0.1,-0.1079034028540066,0.01079034028540066,0.5,0.5140165707505293,0.014016570750529311,1.4016570750529311,0.15575,0.17021276595744683,improvement
0.75,0.5,9.5,0.2225,0.0,0.1,-0.10729967069154776,0.010729967069154777,0.5,0.5140720473333025,0.014072047333302473,1.4072047333302473,0.15575,0.17105263157894737,improvement
0.75,0.5,9.6,0.2225,0.0,0.1,-0.10669593852908893,0.010669593852908894,0.5,0.5141260169133072,0.014126016913307171,1.4126016913307171,0.15575,0.171875,improvement
0.75,0.5,9.7,0.2225,0.0,0.1,-0.1060922063666301,0.01060922063666301,0.5,0.5141784795968698,0.014178479596869797,1.4178479596869797,0.15575,0.17268041237113402,improvement
0.75,0.5,9.8,0.2225,0.0,0.1,-0.10548847420417126,0.010548847420417127,0.5,0.5142294354885918,0.01422943548859179,1.422943548859179,0.15575,0.17346938775510207,improvement
0.75,0.5,9.9,0.2225,0.0,0.1,-0.10488474204171241,0.010488474204171242,0.5,0.5142788846912842,0.014278884691284244,1.4278884691284244,0.15575,0.17424242424242425,improvement
0.75,0.5,10.0,0.2225,0.0,0.1,-0.10428100987925358,0.010428100987925359,0.5,0.5143268273059047,0.014326827305904732,1.4326827305904732,0.15575,0.175,improvement
0.75,0.5,10.100000000000001,0.2225,0.0,0.1,-0.10367727771679473,0.010367727771679474,0.5,0.5143732634314946,0.014373263431494587,1.4373263431494587,0.15575,0.17574257425742576,improvement
0.75,0.5,10.2,0.2225,0.0,0.1,-0.10307354555433591,0.010307354555433593,0.5,0.5144181931651189,0.014418193165118942,1.4418193165118942,0.15575,0.1764705882352941,improvement
0.75,0.5,10.3,0.2225,0.0,0.1,-0.10246981339187707,0.010246981339187708,0.5,0.5144616166018086,0.014461616601808558,1.4461616601808558,0.15575,0.17718446601941748,improvement
0.75,0.5,10.4,0.2225,0.0,0.1,-0.10186608122941823,0.010186608122941823,0.5,0.5145035338345016,0.014503533834501647,1.4503533834501647,0.15575,0.1778846153846154,improvement
0.75,0.5,10.5,0.2225,0.0,0.1,-0.1012623490669594,0.01012623490669594,0.5,0.5145439449539898,0.014543944953989807,1.4543944953989807,0.15575,0.17857142857142858,improvement
0.75,0.5,10.600000000000001,0.2225,0.0,0.1,-0.10065861690450056,0.010065861690450057,0.5,0.5145828500488634,0.014582850048863394,1.4582850048863394,0.15575,0.17924528301886794,improvement
0.75,0.5,10.7,0.2225,0.0,0.1,-0.10005488474204173,0.010005488474204174,0.5,0.5146202492054597,0.014620249205459679,1.4620249205459679,0.15575,0.17990654205607476,improvement
0.75,0.5,10.8,0.2225,0.0,0.1,-0.09945115257958288,0.00994511525795829,0.5,0.5146561425078126,0.014656142507812553,1.4656142507812553,0.15575,0.18055555555555558,improvement
0.75,0.5,10.9,0.2225,0.0,0.1,-0.09884742041712405,0.009884742041712406,0.5,0.5146905300376035,0.014690530037603455,1.4690530037603455,0.15575,0.1811926605504587,improvement
0.75,0.5,11.0,0.2225,0.0,0.1,-0.09824368825466522,0.009824368825466522,0.5,0.5147234118741144,0.014723411874114412,1.4723411874114412,0.15575,0.18181818181818182,improvement
0.75,0.5,11.100000000000001,0.2225,0.0,0.1,-0.09763995609220637,0.009763995609220637,0.5,0.5147547880941825,0.014754788094182514,1.4754788094182514,0.15575,0.18243243243243246,improvement
0.75,0.5,11.2,0.2225,0.0,0.1,-0.09703622392974755,0.009703622392974755,0.5,0.5147846587721561,0.014784658772156067,1.4784658772156067,0.15575,0.1830357142857143,improvement
0.75,0.5,11.3,0.2225,0.0,0.1,-0.0964324917672887,0.00964324917672887,0.5,0.5148130239798518,0.014813023979851847,1.4813023979851847,0.15575,0.1836283185840708,improvement
0.75,0.5,11.4,0.2225,0.0,0.1,-0.09582875960482988,0.00958287596048299,0.5,0.5148398837865156,0.014839883786515573,1.4839883786515573,0.15575,0.1842105263157895,improvement
0.75,0.5,11.5,0.2225,0.0,0.1,-0.09522502744237103,0.009522502744237105,0.5,0.5148652382587818,0.014865238258781832,1.4865238258781832,0.15575,0.18478260869565216,improvement
0.75,0.5,11.600000000000001,0.2225,0.0,0.1,-0.09462129527991218,0.00946212952799122,0.5,0.5148890874606376,0.014889087460637551,1.4889087460637551,0.15575,0.1853448275862069,improvement
0.75,0.5,11.7,0.2225,0.0,0.1,-0.09401756311745336,0.009401756311745337,0.5,0.5149114314533858,0.014911431453385804,1.4911431453385804,0.15575,0.1858974358974359,improvement
0.75,0.5,11.8,0.2225,0.0,0.1,-0.09341383095499453,0.009341383095499454,0.5,0.5149322702956118,0.014932270295611838,1.4932270295611838,0.15575,0.1864406779661017,improvement
0.75,0.5,11.9,0.2225,0.0,0.1,-0.09281009879253568,0.009281009879253569,0.5,0.5149516040431512,0.014951604043151212,1.4951604043151212,0.15575,0.1869747899159664,improvement
0.75,0.5,12.0,0.2225,0.0,0.1,-0.09220636663007685,0.009220636663007686,0.5,0.514969432749058,0.014969432749058043,1.4969432749058043,0.15575,0.1875,improvement
0.75,0.5,12.100000000000001,0.2225,0.0,0.1,-0.09160263446761802,0.009160263446761801,0.5,0.5149857564635769,0.014985756463576916,1.4985756463576916,0.15575,0.18801652892561985,improvement
0.75,0.5,12.2,0.2225,0.0,0.1,-0.09099890230515918,0.009099890230515918,0.5,0.5150005752341145,0.015000575234114466,1.5000575234114466,0.15575,0.1885245901639344,improvement
0.75,0.5,12.3,0.2225,0.0,0.1,-0.09039517014270033,0.009039517014270033,0.5,0.5150138891052142,0.015013889105214173,1.5013889105214173,0.15575,0.18902439024390244,improvement
0.75,0.5,12.4,0.2225,0.0,0.1,-0.0897914379802415,0.00897914379802415,0.5,0.5150256981185317,0.015025698118531716,1.5025698118531716,0.15575,0.18951612903225806,improvement
0.75,0.5,12.5,0.2225,0.0,0.1,-0.08918770581778268,0.008918770581778269,0.5,0.5150360023128128,0.015036002312812768,1.5036002312812768,0.15575,0.19,improvement
0.75,0.5,12.600000000000001,0.2225,0.0,0.1,-0.08858397365532383,0.008858397365532384,0.5,0.5150448017238712,0.015044801723871237,1.5044801723871237,0.15575,0.19047619047619047,improvement
0.75,0.5,12.7,0.2225,0.0,0.1,-0.087980241492865,0.0087980241492865,0.5,0.5150520963845711,0.015052096384571056,1.5052096384571056,0.15575,0.19094488188976377,improvement
0.75,0.5,12.8,0.2225,0.0,0.1,-0.08737650933040615,0.008737650933040615,0.5,0.5150578863248073,0.015057886324807312,1.5057886324807312,0.15575,0.19140625,improvement
0.75,0.5,12.9,0.2225,0.0,0.1,-0.08677277716794733,0.008677277716794734,0.5,0.5150621715714911,0.015062171571491145,1.5062171571491145,0.15575,0.19186046511627908,improvement
0.75,0.5,13.0,0.2225,0.0,0.1,-0.0861690450054885,0.00861690450054885,0.5,0.5150649521485346,0.01506495214853465,1.506495214853465,0.15575,0.1923076923076923,improvement
0.75,0.5,13.100000000000001,0.2225,0.0,0.1,-0.08556531284302964,0.008556531284302964,0.5,0.5150662280768382,0.015066228076838217,1.5066228076838217,0.15575,0.19274809160305345,improvement
0.75,0.5,13.2,0.2225,0.0,0.1,-0.08496158068057082,0.008496158068057083,0.5,0.5150659993742797,0.01506599937427966,1.506599937427966,0.15575,0.19318181818181818,improvement
0.75,0.5,13.3,0.2225,0.0,0.1,-0.08435784851811198,0.008435784851811198,0.5,0.5150642660557042,0.015064266055704212,1.5064266055704212,0.15575,0.19360902255639098,improvement
0.75,0.5,13.4,0.2225,0.0,0.1,-0.08375411635565315,0.008375411635565315,0.5,0.5150610281329169,0.015061028132916876,1.5061028132916876,0.15575,0.19402985074626866,improvement
0.75,0.5,13.5,0.2225,0.0,0.1,-0.0831503841931943,0.00831503841931943,0.5,0.5150562856146759,0.015056285614675868,1.5056285614675868,0.15575,0.19444444444444445,improvement
0.75,0.5,13.600000000000001,0.2225,0.0,0.1,-0.08254665203073545,0.008254665203073545,0.5,0.5150500385066885,0.015050038506688512,1.5050038506688512,0.15575,0.1948529411764706,improvement
0.75,0.5,13.7,0.2225,0.0,0.1,-0.08194291986827665,0.008194291986827666,0.5,0.5150422868116074,0.015042286811607353,1.5042286811607353,0.15575,0.19525547445255476,improvement
0.75,0.5,13.8,0.2225,0.0,0.1,-0.0813391877058178,0.008133918770581781,0.5,0.5150330305290296,0.0150330305290296,1.50330305290296,0.15575,0.1956521739130435,improvement
0.75,0.5,13.9,0.2225,0.0,0.1,-0.08073545554335895,0.008073545554335896,0.5,0.5150222696554966,0.015022269655496578,1.5022269655496578,0.15575,0.1960431654676259,improvement
0.75,0.5,14.0,0.2225,0.0,0.1,-0.08013172338090012,0.008013172338090012,0.5,0.5150100041844964,0.015010004184496384,1.5010004184496384,0.15575,0.19642857142857142,improvement
0.75,0.5,6.0,0.225,0.0,0.1,-0.1318681318681319,0.01318681318681319,0.5,0.5115332814462132,0.01153328144621324,1.153328144621324,0.1575,0.125,improvement
0.75,0.5,6.1,0.225,0.0,0.1,-0.13131868131868132,0.013131868131868132,0.5,0.5116491585722274,0.01164915857222737,1.164915857222737,0.1575,0.12704918032786883,improvement
0.75,0.5,6.2,0.225,0.0,0.1,-0.13076923076923078,0.013076923076923078,0.5,0.511763659492107,0.011763659492107004,1.1763659492107004,0.1575,0.12903225806451613,improvement
0.75,0.5,6.3,0.225,0.0,0.1,-0.13021978021978023,0.013021978021978024,0.5,0.5118767843098762,0.011876784309876154,1.1876784309876154,0.1575,0.13095238095238093,improvement
0.75,0.5,6.4,0.225,0.0,0.1,-0.12967032967032968,0.01296703296703297,0.5,0.5119885331315643,0.011988533131564338,1.1988533131564338,0.1575,0.1328125,improvement
0.75,0.5,6.5,0.225,0.0,0.1,-0.12912087912087913,0.012912087912087915,0.5,0.5120989060650978,0.012098906065097781,1.209890606509778,0.1575,0.1346153846153846,improvement
0.75,0.5,6.6,0.225,0.0,0.1,-0.1285714285714286,0.012857142857142859,0.5,0.5122079032201914,0.012207903220191385,1.2207903220191385,0.1575,0.13636363636363635,improvement
0.75,0.5,6.7,0.225,0.0,0.1,-0.12802197802197804,0.012802197802197804,0.5,0.5123155247082432,0.012315524708243153,1.2315524708243153,0.1575,0.13805970149253732,improvement
0.75,0.5,6.8,0.225,0.0,0.1,-0.1274725274725275,0.01274725274725275,0.5,0.5124217706422274,0.012421770642227381,1.242177064222738,0.1575,0.13970588235294118,improvement
0.75,0.5,6.9,0.225,0.0,0.1,-0.12692307692307694,0.012692307692307695,0.5,0.5125266411365921,0.012526641136592076,1.2526641136592076,0.1575,0.14130434782608697,improvement
0.75,0.5,7.0,0.225,0.0,0.1,-0.1263736263736264,0.012637362637362641,0.5,0.5126301363071557,0.012630136307155704,1.2630136307155704,0.1575,0.14285714285714285,improvement
0.75,0.5,7.1,0.225,0.0,0.1,-0.12582417582417582,0.012582417582417583,0.5,0.5127322562710062,0.01273225627100616,1.273225627100616,0.1575,0.14436619718309857,improvement
0.75,0.5,7.2,0.225,0.0,0.1,-0.1252747252747253,0.01252747252747253,0.5,0.5128330011464,0.012833001146399958,1.2833001146399958,0.1575,0.14583333333333334,improvement
0.75,0.5,7.3,0.225,0.0,0.1,-0.12472527472527473,0.012472527472527473,0.5,0.5129323710526639,0.012932371052663871,1.2932371052663871,0.1575,0.14726027397260272,improvement
0.75,0.5,7.4,0.225,0.0,0.1,-0.12417582417582419,0.01241758241758242,0.5,0.5130303661100974,0.013030366110097447,1.3030366110097447,0.1575,0.14864864864864866,improvement
0.75,0.5,7.5,0.225,0.0,0.1,-0.12362637362637363,0.012362637362637364,0.5,0.5131269864398761,0.013126986439876087,1.3126986439876087,0.1575,0.15,improvement
0.75,0.5,7.6,0.225,0.0,0.1,-0.1230769230769231,0.012307692307692311,0.5,0.5132222321639566,0.013222232163956571,1.322223216395657,0.1575,0.1513157894736842,improvement
0.75,0.5,7.7,0.225,0.0,0.1,-0.12252747252747255,0.012252747252747255,0.5,0.5133161034049829,0.013316103404982904,1.3316103404982904,0.1575,0.1525974025974026,improvement
0.75,0.5,7.8,0.225,0.0,0.1,-0.12197802197802199,0.012197802197802199,0.5,0.5134086002861938,0.01340860028619384,1.340860028619384,0.1575,0.15384615384615385,improvement
0.75,0.5,7.9,0.225,0.0,0.1,-0.12142857142857143,0.012142857142857143,0.5,0.5134997229313318,0.013499722931331837,1.3499722931331837,0.1575,0.1550632911392405,improvement
0.75,0.5,8.0,0.225,0.0,0.1,-0.1208791208791209,0.01208791208791209,0.5,0.5135894714645528,0.013589471464552805,1.3589471464552805,0.1575,0.15625,improvement
0.75,0.5,8.1,0.225,0.0,0.1,-0.12032967032967036,0.012032967032967037,0.5,0.5136778460103373,0.01367784601033728,1.367784601033728,0.1575,0.15740740740740738,improvement
0.75,0.5,8.2,0.225,0.0,0.1,-0.1197802197802198,0.011978021978021981,0.5,0.5137648466934033,0.013764846693403276,1.3764846693403276,0.1575,0.15853658536585363,improvement
0.75,0.5,8.3,0.225,0.0,0.1,-0.11923076923076924,0.011923076923076925,0.5,0.51385047363862,0.01385047363862002,1.385047363862002,0.1575,0.15963855421686748,improvement
0.75,0.5,8.4,0.225,0.0,0.1,-0.11868131868131869,0.011868131868131869,0.5,0.5139347269709227,0.013934726970922684,1.3934726970922684,0.1575,0.1607142857142857,improvement
0.75,0.5,8.5,0.225,0.0,0.1,-0.11813186813186816,0.011813186813186816,0.5,0.5140176068152291,0.014017606815229122,1.4017606815229122,0.1575,0.16176470588235292,improvement
0.75,0.5,8.6,0.225,0.0,0.1,-0.1175824175824176,0.01175824175824176,0.5,0.5140991132963568,0.014099113296356824,1.4099113296356824,0.1575,0.16279069767441862,improvement
0.75,0.5,8.7,0.225,0.0,0.1,-0.11703296703296706,0.011703296703296708,0.5,0.5141792465389428,0.014179246538942758,1.4179246538942758,0.1575,0.16379310344827586,improvement
0.75,0.5,8.8,0.225,0.0,0.1,-0.1164835164835165,0.011648351648351651,0.5,0.5142580066673623,0.014258006667362322,1.4258006667362322,0.1575,0.1647727272727273,improvement
0.75,0.5,8.9,0.225,0.0,0.1,-0.11593406593406595,0.011593406593406595,0.5,0.5143353938056519,0.014335393805651853,1.4335393805651853,0.1575,0.1657303370786517,improvement
0.75,0.5,9.0,0.225,0.0,0.1,-0.11538461538461539,0.011538461538461539,0.5,0.5144114080774302,0.014411408077430243,1.4411408077430243,0.1575,0.16666666666666669,improvement
0.75,0.5,9.1,0.225,0.0,0.1,-0.11483516483516486,0.011483516483516486,0.5,0.5144860496058232,0.014486049605823226,1.4486049605823226,0.1575,0.1675824175824176,improvement
0.75,0.5,9.2,0.225,0.0,0.1,-0.1142857142857143,0.01142857142857143,0.5,0.5145593185133889,0.014559318513388875,1.4559318513388875,0.1575,0.16847826086956522,improvement
0.75,0.5,9.3,0.225,0.0,0.1,-0.11373626373626376,0.011373626373626378,0.5,0.5146312149220433,0.014631214922043334,1.4631214922043334,0.1575,0.16935483870967744,improvement
0.75,0.5,9.4,0.225,0.0,0.1,-0.1131868131868132,0.011318681318681321,0.5,0.5147017389529889,0.014701738952988874,1.4701738952988874,0.1575,0.17021276595744683,improvement
0.75,0.5,9.5,0.225,0.0,0.1,-0.11263736263736265,0.011263736263736265,0.5,0.514770890726643,0.014770890726642949,1.477089072664295,0.1575,0.17105263157894737,improvement
0.75,0.5,9.6,0.225,0.0,0.1,-0.11208791208791209,0.01120879120879121,0.5,0.5148386703625677,0.014838670362567696,1.4838670362567696,0.1575,0.171875,improvement
0.75,0.5,9.7,0.225,0.0,0.1,-0.11153846153846156,0.011153846153846157,0.5,0.5149050779794022,0.014905077979402215,1.4905077979402215,0.1575,0.17268041237113402,improvement
0.75,0.5,9.8,0.225,0.0,0.1,-0.110989010989011,0.0110989010989011,0.5,0.5149701136947945,0.014970113694794507,1.4970113694794507,0.1575,0.17346938775510207,improvement
0.75,0.5,9.9,0.225,0.0,0.1,-0.11043956043956045,0.011043956043956046,0.5,0.5150337776253358,0.015033777625335754,1.5033777625335754,0.1575,0.17424242424242425,improvement
0.75,0.5,10.0,0.225,0.0,0.1,-0.10989010989010989,0.01098901098901099,0.5,0.5150960698864955,0.015096069886495478,1.5096069886495478,0.1575,0.175,improvement
0.75,0.5,10.100000000000001,0.225,0.0,0.1,-0.10934065934065934,0.010934065934065935,0.5,0.5151569905925582,0.01515699059255815,1.515699059255815,0.1575,0.17574257425742576,improvement
0.75,0.5,10.2,0.225,0.0,0.1,-0.10879120879120881,0.010879120879120881,0.5,0.5152165398565601,0.01521653985656013,1.521653985656013,0.1575,0.1764705882352941,improvement
0.75,0.5,10.3,0.225,0.0,0.1,-0.10824175824175826,0.010824175824175827,0.5,0.5152747177902297,0.015274717790229708,1.5274717790229708,0.1575,0.17718446601941748,improvement
0.75,0.5,10.4,0.225,0.0,0.1,-0.10769230769230771,0.010769230769230772,0.5,0.515331524503926,0.015331524503926053,1.5331524503926053,0.1575,0.1778846153846154,improvement
0.75,0.5,10.5,0.225,0.0,0.1,-0.10714285714285715,0.010714285714285716,0.5,0.5153869601065819,0.015386960106581915,1.5386960106581915,0.1575,0.17857142857142858,improvement
0.75,0.5,10.600000000000001,0.225,0.0,0.1,-0.1065934065934066,0.010659340659340662,0.5,0.515441024705645,0.015441024705645012,1.5441024705645012,0.1575,0.17924528301886794,improvement
0.75,0.5,10.7,0.225,0.0,0.1,-0.10604395604395607,0.010604395604395607,0.5,0.5154937184070232,0.015493718407023183,1.5493718407023183,0.1575,0.17990654205607476,improvement
0.75,0.5,10.8,0.225,0.0,0.1,-0.10549450549450551,0.010549450549450551,0.5,0.5155450413150284,0.01554504131502843,1.554504131502843,0.1575,0.18055555555555558,improvement
0.75,0.5,10.9,0.225,0.0,0.1,-0.10494505494505496,0.010494505494505497,0.5,0.5155949935323241,0.015594993532324075,1.5594993532324075,0.1575,0.1811926605504587,improvement
0.75,0.5,11.0,0.225,0.0,0.1,-0.10439560439560441,0.010439560439560442,0.5,0.5156435751598722,0.015643575159872247,1.5643575159872247,0.1575,0.18181818181818182,improvement
0.75,0.5,11.100000000000001,0.225,0.0,0.1,-0.10384615384615385,0.010384615384615386,0.5,0.5156907862968827,0.015690786296882697,1.5690786296882697,0.1575,0.18243243243243246,improvement
0.75,0.5,11.2,0.225,0.0,0.1,-0.10329670329670332,0.010329670329670332,0.5,0.5157366270407628,0.01573662704076284,1.573662704076284,0.1575,0.1830357142857143,improvement
0.75,0.5,11.3,0.225,0.0,0.1,-0.10274725274725276,0.010274725274725276,0.5,0.5157810974870691,0.01578109748706913,1.578109748706913,0.1575,0.1836283185840708,improvement
0.75,0.5,11.4,0.225,0.0,0.1,-0.10219780219780222,0.010219780219780223,0.5,0.51582419772946,0.015824197729459977,1.5824197729459977,0.1575,0.1842105263157895,improvement
0.75,0.5,11.5,0.225,0.0,0.1,-0.10164835164835168,0.010164835164835169,0.5,0.5158659278596496,0.015865927859649576,1.5865927859649576,0.1575,0.18478260869565216,improvement
0.75,0.5,11.600000000000001,0.225,0.0,0.1,-0.1010989010989011,0.01010989010989011,0.5,0.5159062879673626,0.015906287967362598,1.5906287967362598,0.1575,0.1853448275862069,improvement
0.75,0.5,11.7,0.225,0.0,0.1,-0.10054945054945057,0.010054945054945058,0.5,0.515945278140291,0.015945278140291008,1.5945278140291008,0.1575,0.1858974358974359,improvement
0.75,0.5,11.8,0.225,0.0,0.1,-0.10000000000000002,0.010000000000000002,0.5,0.515982898464051,0.015982898464050987,1.5982898464050987,0.1575,0.1864406779661017,improvement
0.75,0.5,11.9,0.225,0.0,0.1,-0.09945054945054947,0.009945054945054948,0.5,0.5160191490221429,0.016019149022142853,1.6019149022142853,0.1575,0.1869747899159664,improvement
0.75,0.5,12.0,0.225,0.0,0.1,-0.09890109890109892,0.009890109890109893,0.5,0.51605402989591,0.016054029895909983,1.6054029895909983,0.1575,0.1875,improvement
0.75,0.5,12.100000000000001,0.225,0.0,0.1,-0.09835164835164836,0.009835164835164837,0.5,0.5160875411645005,0.016087541164500507,1.6087541164500507,0.1575,0.18801652892561985,improvement
0.75,0.5,12.2,0.225,0.0,0.1,-0.09780219780219782,0.009780219780219783,0.5,0.5161196829048302,0.016119682904830235,1.6119682904830235,0.1575,0.1885245901639344,improvement
0.75,0.5,12.3,0.225,0.0,0.1,-0.09725274725274727,0.009725274725274728,0.5,0.5161504551915461,0.01615045519154612,1.615045519154612,0.1575,0.18902439024390244,improvement
0.75,0.5,12.4,0.225,0.0,0.1,-0.09670329670329672,0.009670329670329672,0.5,0.5161798580969907,0.01617985809699074,1.617985809699074,0.1575,0.18951612903225806,improvement
0.75,0.5,12.5,0.225,0.0,0.1,-0.09615384615384617,0.009615384615384618,0.5,0.5162078916911694,0.01620789169116943,1.620789169116943,0.1575,0.19,improvement
0.75,0.5,12.600000000000001,0.225,0.0,0.1,-0.09560439560439563,0.009560439560439563,0.5,0.516234556041717,0.016234556041716974,1.6234556041716974,0.1575,0.19047619047619047,improvement
0.75,0.5,12.7,0.225,0.0,0.1,-0.09505494505494508,0.009505494505494509,0.5,0.5162598512138672,0.016259851213867194,1.6259851213867194,0.1575,0.19094488188976377,improvement
0.75,0.5,12.8,0.225,0.0,0.1,-0.09450549450549452,0.009450549450549453,0.5,0.5162837772704219,0.01628377727042185,1.628377727042185,0.1575,0.19140625,improvement
0.75,0.5,12.9,0.225,0.0,0.1,-0.09395604395604397,0.009395604395604398,0.5,0.5163063342717221,0.016306334271722123,1.6306334271722123,0.1575,0.19186046511627908,improvement
0.75,0.5,13.0,0.225,0.0,0.1,-0.09340659340659342,0.009340659340659342,0.5,0.5163275222756218,0.016327522275621842,1.6327522275621842,0.1575,0.1923076923076923,improvement
0.75,0.5,13.100000000000001,0.225,0.0,0.1,-0.09285714285714287,0.009285714285714288,0.5,0.5163473413374597,0.016347341337459742,1.6347341337459742,0.1575,0.19274809160305345,improvement
0.75,0.5,13.2,0.225,0.0,0.1,-0.09230769230769233,0.009230769230769233,0.5,0.5163657915100353,0.016365791510035255,1.6365791510035255,0.1575,0.19318181818181818,improvement
0.75,0.5,13.3,0.225,0.0,0.1,-0.09175824175824177,0.009175824175824177,0.5,0.5163828728435845,0.01638287284358453,1.6382872843584528,0.1575,0.19360902255639098,improvement
0.75,0.5,13.4,0.225,0.0,0.1,-0.09120879120879123,0.009120879120879123,0.5,0.5163985853857571,0.016398585385757114,1.6398585385757114,0.1575,0.19402985074626866,improvement
0.75,0.5,13.5,0.225,0.0,0.1,-0.09065934065934068,0.009065934065934068,0.5,0.5164129291815953,0.016412929181595315,1.6412929181595315,0.1575,0.19444444444444445,improvement
0.75,0.5,13.600000000000001,0.225,0.0,0.1,-0.09010989010989012,0.009010989010989012,0.5,0.5164259042735134,0.016425904273513425,1.6425904273513425,0.1575,0.1948529411764706,improvement
0.75,0.5,13.7,0.225,0.0,0.1,-0.08956043956043959,0.00895604395604396,0.5,0.5164375107012787,0.016437510701278746,1.6437510701278746,0.1575,0.19525547445255476,improvement
0.75,0.5,13.8,0.225,0.0,0.1,-0.08901098901098903,0.008901098901098903,0.5,0.516447748501994,0.01644774850199404,1.6447748501994042,0.1575,0.1956521739130435,improvement
0.75,0.5,13.9,0.225,0.0,0.1,-0.08846153846153848,0.008846153846153849,0.5,0.5164566177100809,0.01645661771008089,1.645661771008089,0.1575,0.1960431654676259,improvement
0.75,0.5,14.0,0.225,0.0,0.1,-0.08791208791208793,0.008791208791208793,0.5,0.5164641183572642,0.016464118357264246,1.6464118357264246,0.1575,0.19642857142857142,improvement
0.75,0.5,6.0,0.2275,0.0,0.1,-0.1353135313531353,0.013531353135313532,0.5,0.5118343373543434,0.01183433735434336,1.183433735434336,0.15925,0.125,improvement
0.75,0.5,6.1,0.2275,0.0,0.1,-0.13481848184818482,0.013481848184818483,0.5,0.5119593248137412,0.011959324813741179,1.195932481374118,0.15925,0.12704918032786883,improvement
0.75,0.5,6.2,0.2275,0.0,0.1,-0.13432343234323432,0.013432343234323433,0.5,0.5120830711245296,0.012083071124529554,1.2083071124529554,0.15925,0.12903225806451613,improvement
0.75,0.5,6.3,0.2275,0.0,0.1,-0.13382838283828385,0.013382838283828385,0.5,0.5122055763762419,0.012205576376241867,1.2205576376241867,0.15925,0.13095238095238093,improvement
0.75,0.5,6.4,0.2275,0.0,0.1,-0.13333333333333336,0.013333333333333336,0.5,0.5123268406608559,0.012326840660855876,1.2326840660855876,0.15925,0.1328125,improvement
0.75,0.5,6.5,0.2275,0.0,0.1,-0.13283828382838284,0.013283828382838285,0.5,0.5124468640726993,0.012446864072699348,1.2446864072699348,0.15925,0.1346153846153846,improvement
0.75,0.5,6.6,0.2275,0.0,0.1,-0.13234323432343234,0.013234323432343235,0.5,0.5125656467083552,0.01256564670835525,1.256564670835525,0.15925,0.13636363636363635,improvement
0.75,0.5,6.7,0.2275,0.0,0.1,-0.13184818481848187,0.013184818481848187,0.5,0.5126831886665685,0.012683188666568479,1.268318866656848,0.15925,0.13805970149253732,improvement
0.75,0.5,6.8,0.2275,0.0,0.1,-0.13135313531353138,0.013135313531353138,0.5,0.5127994900481541,0.01279949004815406,1.279949004815406,0.15925,0.13970588235294118,improvement
0.75,0.5,6.9,0.2275,0.0,0.1,-0.13085808580858088,0.013085808580858088,0.5,0.5129145509559052,0.012914550955905213,1.2914550955905213,0.15925,0.14130434782608697,improvement
0.75,0.5,7.0,0.2275,0.0,0.1,-0.13036303630363036,0.013036303630363037,0.5,0.5130283714945032,0.0130283714945032,1.30283714945032,0.15925,0.14285714285714285,improvement
0.75,0.5,7.1,0.2275,0.0,0.1,-0.1298679867986799,0.012986798679867989,0.5,0.5131409517704278,0.013140951770427844,1.3140951770427844,0.15925,0.14436619718309857,improvement
0.75,0.5,7.2,0.2275,0.0,0.1,-0.1293729372937294,0.01293729372937294,0.5,0.5132522918918687,0.013252291891868717,1.3252291891868717,0.15925,0.14583333333333334,improvement
0.75,0.5,7.3,0.2275,0.0,0.1,-0.12887788778877887,0.012887788778877888,0.5,0.5133623919686378,0.013362391968637755,1.3362391968637755,0.15925,0.14726027397260272,improvement
0.75,0.5,7.4,0.2275,0.0,0.1,-0.12838283828382838,0.012838283828382839,0.5,0.5134712521120823,0.013471252112082333,1.3471252112082333,0.15925,0.14864864864864866,improvement
0.75,0.5,7.5,0.2275,0.0,0.1,-0.1278877887788779,0.012788778877887791,0.5,0.5135788724349994,0.013578872434999445,1.3578872434999445,0.15925,0.15,improvement
0.75,0.5,7.6,0.2275,0.0,0.1,-0.1273927392739274,0.012739273927392741,0.5,0.5136852530515514,0.013685253051551438,1.3685253051551438,0.15925,0.1513157894736842,improvement
0.75,0.5,7.7,0.2275,0.0,0.1,-0.12689768976897692,0.012689768976897692,0.5,0.5137903940771811,0.013790394077181078,1.3790394077181078,0.15925,0.1525974025974026,improvement
0.75,0.5,7.8,0.2275,0.0,0.1,-0.1264026402640264,0.01264026402640264,0.5,0.5138942956285295,0.013894295628529507,1.3894295628529507,0.15925,0.15384615384615385,improvement
0.75,0.5,7.9,0.2275,0.0,0.1,-0.12590759075907593,0.012590759075907593,0.5,0.5139969578233534,0.013996957823353418,1.3996957823353418,0.15925,0.1550632911392405,improvement
0.75,0.5,8.0,0.2275,0.0,0.1,-0.12541254125412543,0.012541254125412543,0.5,0.5140983807804449,0.014098380780444897,1.4098380780444897,0.15925,0.15625,improvement
0.75,0.5,8.1,0.2275,0.0,0.1,-0.12491749174917494,0.012491749174917494,0.5,0.5141985646195499,0.014198564619549936,1.4198564619549936,0.15925,0.15740740740740738,improvement
0.75,0.5,8.2,0.2275,0.0,0.1,-0.12442244224422445,0.012442244224422446,0.5,0.5142975094612906,0.014297509461290603,1.4297509461290603,0.15925,0.15853658536585363,improvement
0.75,0.5,8.3,0.2275,0.0,0.1,-0.12392739273927393,0.012392739273927394,0.5,0.5143952154270854,0.01439521542708544,1.439521542708544,0.15925,0.15963855421686748,improvement
0.75,0.5,8.4,0.2275,0.0,0.1,-0.12343234323432345,0.012343234323432345,0.5,0.514491682639073,0.014491682639072967,1.4491682639072967,0.15925,0.1607142857142857,improvement
0.75,0.5,8.5,0.2275,0.0,0.1,-0.12293729372937295,0.012293729372937295,0.5,0.5145869112200346,0.014586911220034637,1.4586911220034637,0.15925,0.16176470588235292,improvement
0.75,0.5,8.6,0.2275,0.0,0.1,-0.12244224422442247,0.012244224422442248,0.5,0.51468090129332,0.014680901293320003,1.4680901293320003,0.15925,0.16279069767441862,improvement
0.75,0.5,8.7,0.2275,0.0,0.1,-0.12194719471947198,0.012194719471947198,0.5,0.5147736529827711,0.014773652982771113,1.4773652982771113,0.15925,0.16379310344827586,improvement
0.75,0.5,8.8,0.2275,0.0,0.1,-0.12145214521452147,0.012145214521452147,0.5,0.5148651664126498,0.014865166412649788,1.4865166412649788,0.15925,0.1647727272727273,improvement
0.75,0.5,8.9,0.2275,0.0,0.1,-0.12095709570957097,0.012095709570957097,0.5,0.5149554417075641,0.014955441707564132,1.4955441707564132,0.15925,0.1657303370786517,improvement
0.75,0.5,9.0,0.2275,0.0,0.1,-0.12046204620462049,0.01204620462046205,0.5,0.5150444789923974,0.015044478992397359,1.5044478992397359,0.15925,0.16666666666666669,improvement
0.75,0.5,9.1,0.2275,0.0,0.1,-0.11996699669966997,0.011996699669966998,0.5,0.5151322783922365,0.01513227839223652,1.513227839223652,0.15925,0.1675824175824176,improvement
0.75,0.5,9.2,0.2275,0.0,0.1,-0.11947194719471951,0.011947194719471952,0.5,0.5152188400323026,0.01521884003230256,1.521884003230256,0.15925,0.16847826086956522,improvement
0.75,0.5,9.3,0.2275,0.0,0.1,-0.11897689768976899,0.011897689768976899,0.5,0.5153041640378814,0.015304164037881374,1.5304164037881374,0.15925,0.16935483870967744,improvement
0.75,0.5,9.4,0.2275,0.0,0.1,-0.11848184818481851,0.011848184818481851,0.5,0.5153882505342557,0.015388250534255743,1.5388250534255743,0.15925,0.17021276595744683,improvement
0.75,0.5,9.5,0.2275,0.0,0.1,-0.11798679867986801,0.011798679867986802,0.5,0.5154710996466381,0.015471099646638065,1.5471099646638065,0.15925,0.17105263157894737,improvement
0.75,0.5,9.6,0.2275,0.0,0.1,-0.1174917491749175,0.01174917491749175,0.5,0.5155527115001042,0.015552711500104177,1.5552711500104177,0.15925,0.171875,improvement
0.75,0.5,9.7,0.2275,0.0,0.1,-0.11699669966996701,0.0116996699669967,0.5,0.5156330862195277,0.015633086219527748,1.5633086219527748,0.15925,0.17268041237113402,improvement
0.75,0.5,9.8,0.2275,0.0,0.1,-0.11650165016501653,0.011650165016501653,0.5,0.5157122239295165,0.015712223929516544,1.5712223929516544,0.15925,0.17346938775510207,improvement
0.75,0.5,9.9,0.2275,0.0,0.1,-0.11600660066006603,0.011600660066006603,0.5,0.515790124754348,0.015790124754348045,1.5790124754348045,0.15925,0.17424242424242425,improvement
0.75,0.5,10.0,0.2275,0.0,0.1,-0.11551155115511555,0.011551155115511556,0.5,0.5158667888179077,0.015866788817907707,1.5866788817907707,0.15925,0.175,improvement
0.75,0.5,10.100000000000001,0.2275,0.0,0.1,-0.11501650165016503,0.011501650165016503,0.5,0.5159422162436267,0.015942216243626683,1.5942216243626683,0.15925,0.17574257425742576,improvement
0.75,0.5,10.2,0.2275,0.0,0.1,-0.11452145214521454,0.011452145214521455,0.5,0.5160164071544218,0.016016407154421763,1.6016407154421763,0.15925,0.1764705882352941,improvement
0.75,0.5,10.3,0.2275,0.0,0.1,-0.11402640264026405,0.011402640264026405,0.5,0.516089361672635,0.016089361672634972,1.6089361672634972,0.15925,0.17718446601941748,improvement
0.75,0.5,10.4,0.2275,0.0,0.1,-0.11353135313531354,0.011353135313531354,0.5,0.516161079919975,0.016161079919974952,1.6161079919974952,0.15925,0.1778846153846154,improvement
0.75,0.5,10.5,0.2275,0.0,0.1,-0.11303630363036307,0.011303630363036308,0.5,0.5162315620174593,0.016231562017459344,1.6231562017459344,0.15925,0.17857142857142858,improvement
0.75,0.5,10.600000000000001,0.2275,0.0,0.1,-0.11254125412541256,0.011254125412541257,0.5,0.516300808085357,0.016300808085357055,1.6300808085357055,0.15925,0.17924528301886794,improvement
0.75,0.5,10.7,0.2275,0.0,0.1,-0.11204620462046207,0.011204620462046207,0.5,0.5163688182431327,0.016368818243132743,1.6368818243132743,0.15925,0.17990654205607476,improvement
0.75,0.5,10.8,0.2275,0.0,0.1,-0.11155115511551159,0.01115511551155116,0.5,0.5164355926093914,0.016435592609391425,1.6435592609391425,0.15925,0.18055555555555558,improvement
0.75,0.5,10.9,0.2275,0.0,0.1,-0.11105610561056106,0.011105610561056106,0.5,0.5165011313018243,0.01650113130182429,1.650113130182429,0.15925,0.1811926605504587,improvement
0.75,0.5,11.0,0.2275,0.0,0.1,-0.11056105610561058,0.011056105610561058,0.5,0.5165654344371552,0.01656543443715519,1.656543443715519,0.15925,0.18181818181818182,improvement
0.75,0.5,11.100000000000001,0.2275,0.0,0.1,-0.11006600660066009,0.011006600660066009,0.5,0.5166285021310882,0.01662850213108824,1.662850213108824,0.15925,0.18243243243243246,improvement
0.75,0.5,11.2,0.2275,0.0,0.1,-0.1095709570957096,0.010957095709570961,0.5,0.5166903344982563,0.0166903344982563,1.6690334498256298,0.15925,0.1830357142857143,improvement
0.75,0.5,11.3,0.2275,0.0,0.1,-0.1090759075907591,0.01090759075907591,0.5,0.5167509316521709,0.016750931652170897,1.6750931652170897,0.15925,0.1836283185840708,improvement
0.75,0.5,11.4,0.2275,0.0,0.1,-0.10858085808580861,0.010858085808580862,0.5,0.5168102937051713,0.016810293705171286,1.6810293705171286,0.15925,0.1842105263157895,improvement
0.75,0.5,11.5,0.2275,0.0,0.1,-0.1080858085808581,0.01080858085808581,0.5,0.5168684207683771,0.016868420768377135,1.6868420768377135,0.15925,0.18478260869565216,improvement
0.75,0.5,11.600000000000001,0.2275,0.0,0.1,-0.10759075907590761,0.010759075907590761,0.5,0.5169253129516396,0.01692531295163957,1.692531295163957,0.15925,0.1853448275862069,improvement
0.75,0.5,11.7,0.2275,0.0,0.1,-0.10709570957095713,0.010709570957095713,0.5,0.5169809703634948,0.016980970363494774,1.6980970363494774,0.15925,0.1858974358974359,improvement
0.75,0.5,11.8,0.2275,0.0,0.1,-0.10660066006600663,0.010660066006600664,0.5,0.5170353931111178,0.01703539311111779,1.7035393111117791,0.15925,0.1864406779661017,improvement
0.75,0.5,11.9,0.2275,0.0,0.1,-0.10610561056105612,0.010610561056105612,0.5,0.5170885813002778,0.017088581300277794,1.7088581300277794,0.15925,0.1869747899159664,improvement
0.75,0.5,12.0,0.2275,0.0,0.1,-0.10561056105610564,0.010561056105610565,0.5,0.5171405350352929,0.017140535035292892,1.7140535035292892,0.15925,0.1875,improvement
0.75,0.5,12.100000000000001,0.2275,0.0,0.1,-0.10511551155115513,0.010511551155115513,0.5,0.5171912544189878,0.017191254418987834,1.7191254418987834,0.15925,0.18801652892561985,improvement
0.75,0.5,12.2,0.2275,0.0,0.1,-0.10462046204620465,0.010462046204620466,0.5,0.517240739552651,0.01724073955265104,1.724073955265104,0.15925,0.1885245901639344,improvement
0.75,0.5,12.3,0.2275,0.0,0.1,-0.10412541254125414,0.010412541254125414,0.5,0.5172889905359936,0.017288990535993642,1.7288990535993642,0.15925,0.18902439024390244,improvement
0.75,0.5,12.4,0.2275,0.0,0.1,-0.10363036303630366,0.010363036303630366,0.5,0.5173360074671083,0.017336007467108283,1.7336007467108283,0.15925,0.18951612903225806,improvement
0.75,0.5,12.5,0.2275,0.0,0.1,-0.10313531353135316,0.010313531353135317,0.5,0.5173817904424298,0.017381790442429823,1.7381790442429823,0.15925,0.19,improvement
0.75,0.5,12.600000000000001,0.2275,0.0,0.1,-0.10264026402640267,0.010264026402640267,0.5,0.5174263395566967,0.0174263395566967,1.7426339556696702,0.15925,0.19047619047619047,improvement
0.75,0.5,12.7,0.2275,0.0,0.1,-0.10214521452145217,0.010214521452145218,0.5,0.5174696549029125,0.017469654902912524,1.7469654902912524,0.15925,0.19094488188976377,improvement
0.75,0.5,12.8,0.2275,0.0,0.1,-0.10165016501650168,0.010165016501650168,0.5,0.5175117365723099,0.017511736572309866,1.7511736572309866,0.15925,0.19140625,improvement
0.75,0.5,12.9,0.2275,0.0,0.1,-0.10115511551155118,0.010115511551155119,0.5,0.5175525846543135,0.01755258465431353,1.755258465431353,0.15925,0.19186046511627908,improvement
0.75,0.5,13.0,0.2275,0.0,0.1,-0.10066006600660068,0.01006600660066007,0.5,0.5175921992365062,0.017592199236506234,1.7592199236506234,0.15925,0.1923076923076923,improvement
0.75,0.5,13.100000000000001,0.2275,0.0,0.1,-0.10016501650165018,0.010016501650165018,0.5,0.5176305804045933,0.01763058040459331,1.763058040459331,0.15925,0.19274809160305345,improvement
0.75,0.5,13.2,0.2275,0.0,0.1,-0.0996699669966997,0.00996699669966997,0.5,0.5176677282423703,0.017667728242370284,1.7667728242370284,0.15925,0.19318181818181818,improvement
0.75,0.5,13.3,0.2275,0.0,0.1,-0.0991749174917492,0.00991749174917492,0.5,0.5177036428316903,0.017703642831690347,1.7703642831690347,0.15925,0.19360902255639098,improvement
0.75,0.5,13.4,0.2275,0.0,0.1,-0.0986798679867987,0.009867986798679871,0.5,0.5177383242524322,0.01773832425243216,1.7738324252432158,0.15925,0.19402985074626866,improvement
0.75,0.5,13.5,0.2275,0.0,0.1,-0.09818481848184821,0.009818481848184821,0.5,0.51777177258247,0.01777177258246998,1.777177258246998,0.15925,0.19444444444444445,improvement
0.75,0.5,13.600000000000001,0.2275,0.0,0.1,-0.0976897689768977,0.00976897689768977,0.5,0.5178039878976437,0.017803987897643703,1.7803987897643703,0.15925,0.1948529411764706,improvement
0.75,0.5,13.7,0.2275,0.0,0.1,-0.09719471947194723,0.009719471947194724,0.5,0.5178349702717298,0.017834970271729755,1.7834970271729755,0.15925,0.19525547445255476,improvement
0.75,0.5,13.8,0.2275,0.0,0.1,-0.09669966996699672,0.009669966996699673,0.5,0.517864719776414,0.017864719776414018,1.7864719776414018,0.15925,0.1956521739130435,improvement
0.75,0.5,13.9,0.2275,0.0,0.1,-0.09620462046204623,0.009620462046204623,0.5,0.5178932364812636,0.01789323648126362,1.789323648126362,0.15925,0.1960431654676259,improvement
0.75,0.5,14.0,0.2275,0.0,0.1,-0.09570957095709573,0.009570957095709574,0.5,0.5179205204537016,0.017920520453701627,1.7920520453701627,0.15925,0.19642857142857142,improvement
0.75,0.5,6.0,0.23,0.0,0.1,-0.13876651982378857,0.013876651982378857,0.5,0.5121360345714056,0.012136034571405552,1.2136034571405552,0.161,0.125,improvement
0.75,0.5,6.1,0.23,0.0,0.1,-0.13832599118942734,0.013832599118942735,0.5,0.5122701506858922,0.012270150685892212,1.2270150685892212,0.161,0.12704918032786883,improvement
0.75,0.5,6.2,0.23,0.0,0.1,-0.1378854625550661,0.01378854625550661,0.5,0.5124031608999186,0.012403160899918553,1.2403160899918553,0.161,0.12903225806451613,improvement
0.75,0.5,6.3,0.23,0.0,0.1,-0.13744493392070486,0.013744493392070487,0.5,0.5125350652839777,0.012535065283977742,1.2535065283977742,0.161,0.13095238095238093,improvement
0.75,0.5,6.4,0.23,0.0,0.1,-0.13700440528634364,0.013700440528634365,0.5,0.5126658639113473,0.012665863911347275,1.2665863911347275,0.161,0.1328125,improvement
0.75,0.5,6.5,0.23,0.0,0.1,-0.1365638766519824,0.013656387665198243,0.5,0.5127955568580094,0.012795556858009371,1.2795556858009371,0.161,0.1346153846153846,improvement
0.75,0.5,6.6,0.23,0.0,0.1,-0.13612334801762116,0.013612334801762117,0.5,0.51292414420257,0.012924144202570043,1.2924144202570043,0.161,0.13636363636363635,improvement
0.75,0.5,6.7,0.23,0.0,0.1,-0.13568281938325993,0.013568281938325995,0.5,0.5130516260261806,0.013051626026180596,1.3051626026180596,0.161,0.13805970149253732,improvement
0.75,0.5,6.8,0.23,0.0,0.1,-0.1352422907488987,0.01352422907488987,0.5,0.5131780024124586,0.01317800241245859,1.317800241245859,0.161,0.13970588235294118,improvement
0.75,0.5,6.9,0.23,0.0,0.1,-0.13480176211453745,0.013480176211453747,0.5,0.5133032734474097,0.01330327344740967,1.330327344740967,0.161,0.14130434782608697,improvement
0.75,0.5,7.0,0.23,0.0,0.1,-0.13436123348017623,0.013436123348017623,0.5,0.5134274392193509,0.013427439219350856,1.3427439219350856,0.161,0.14285714285714285,improvement
0.75,0.5,7.1,0.23,0.0,0.1,-0.133920704845815,0.0133920704845815,0.5,0.5135504998188333,0.013550499818833273,1.3550499818833273,0.161,0.14436619718309857,improvement
0.75,0.5,7.2,0.23,0.0,0.1,-0.13348017621145378,0.013348017621145378,0.5,0.5136724553385664,0.013672455338566425,1.3672455338566425,0.161,0.14583333333333334,improvement
0.75,0.5,7.3,0.23,0.0,0.1,-0.13303964757709252,0.013303964757709253,0.5,0.5137933058733429,0.013793305873342931,1.3793305873342931,0.161,0.14726027397260272,improvement
0.75,0.5,7.4,0.23,0.0,0.1,-0.1325991189427313,0.01325991189427313,0.5,0.5139130515199637,0.013913051519963693,1.3913051519963693,0.161,0.14864864864864866,improvement
0.75,0.5,7.5,0.23,0.0,0.1,-0.13215859030837007,0.013215859030837008,0.5,0.5140316923771638,0.01403169237716384,1.403169237716384,0.161,0.15,improvement
0.75,0.5,7.6,0.23,0.0,0.1,-0.13171806167400882,0.013171806167400883,0.5,0.5141492285455395,0.01414922854553946,1.414922854553946,0.161,0.1513157894736842,improvement
0.75,0.5,7.7,0.23,0.0,0.1,-0.1312775330396476,0.01312775330396476,0.5,0.5142656601274751,0.0142656601274751,1.42656601274751,0.161,0.1525974025974026,improvement
0.75,0.5,7.8,0.23,0.0,0.1,-0.13083700440528637,0.013083700440528638,0.5,0.5143809872270714,0.014380987227071373,1.4380987227071373,0.161,0.15384615384615385,improvement
0.75,0.5,7.9,0.23,0.0,0.1,-0.13039647577092514,0.013039647577092514,0.5,0.5144952099500737,0.014495209950073695,1.4495209950073695,0.161,0.1550632911392405,improvement
0.75,0.5,8.0,0.23,0.0,0.1,-0.1299559471365639,0.01299559471365639,0.5,0.5146083284038017,0.014608328403801663,1.4608328403801663,0.161,0.15625,improvement
0.75,0.5,8.1,0.23,0.0,0.1,-0.12951541850220266,0.012951541850220266,0.5,0.5147203426970788,0.014720342697078781,1.472034269707878,0.161,0.15740740740740738,improvement
0.75,0.5,8.2,0.23,0.0,0.1,-0.12907488986784144,0.012907488986784144,0.5,0.5148312529401637,0.014831252940163742,1.4831252940163742,0.161,0.15853658536585363,improvement
0.75,0.5,8.3,0.23,0.0,0.1,-0.12863436123348018,0.012863436123348018,0.5,0.5149410592446807,0.014941059244680699,1.49410592446807,0.161,0.15963855421686748,improvement
0.75,0.5,8.4,0.23,0.0,0.1,-0.12819383259911896,0.012819383259911896,0.5,0.5150497617235521,0.015049761723552102,1.5049761723552102,0.161,0.1607142857142857,improvement
0.75,0.5,8.5,0.23,0.0,0.1,-0.12775330396475773,0.012775330396475774,0.5,0.5151573604909305,0.015157360490930527,1.5157360490930527,0.161,0.16176470588235292,improvement
0.75,0.5,8.6,0.23,0.0,0.1,-0.12731277533039648,0.012731277533039648,0.5,0.5152638556621325,0.015263855662132508,1.5263855662132508,0.161,0.16279069767441862,improvement
0.75,0.5,8.7,0.23,0.0,0.1,-0.12687224669603525,0.012687224669603526,0.5,0.5153692473535723,0.015369247353572257,1.5369247353572257,0.161,0.16379310344827586,improvement
0.75,0.5,8.8,0.23,0.0,0.1,-0.12643171806167403,0.012643171806167404,0.5,0.5154735356826963,0.015473535682696271,1.547353568269627,0.161,0.1647727272727273,improvement
0.75,0.5,8.9,0.23,0.0,0.1,-0.1259911894273128,0.012599118942731281,0.5,0.5155767207679186,0.015576720767918606,1.5576720767918606,0.161,0.1657303370786517,improvement
0.75,0.5,9.0,0.23,0.0,0.1,-0.12555066079295155,0.012555066079295156,0.5,0.5156788027285565,0.015678802728556485,1.5678802728556485,0.161,0.16666666666666669,improvement
0.75,0.5,9.1,0.23,0.0,0.1,-0.12511013215859032,0.012511013215859033,0.5,0.5157797816847672,0.015779781684767236,1.5779781684767236,0.161,0.1675824175824176,improvement
0.75,0.5,9.2,0.23,0.0,0.1,-0.12466960352422908,0.01246696035242291,0.5,0.5158796577574853,0.015879657757485344,1.5879657757485344,0.161,0.16847826086956522,improvement
0.75,0.5,9.3,0.23,0.0,0.1,-0.12422907488986785,0.012422907488986785,0.5,0.5159784310683606,0.01597843106836061,1.597843106836061,0.161,0.16935483870967744,improvement
0.75,0.5,9.4,0.23,0.0,0.1,-0.12378854625550662,0.012378854625550662,0.5,0.516076101739696,0.01607610173969598,1.607610173969598,0.161,0.17021276595744683,improvement
0.75,0.5,9.5,0.23,0.0,0.1,-0.12334801762114539,0.01233480176211454,0.5,0.5161726698943876,0.016172669894387592,1.6172669894387592,0.161,0.17105263157894737,improvement
0.75,0.5,9.6,0.23,0.0,0.1,-0.12290748898678415,0.012290748898678415,0.5,0.5162681356558643,0.01626813565586427,1.6268135655864269,0.161,0.171875,improvement
0.75,0.5,9.7,0.23,0.0,0.1,-0.12246696035242292,0.012246696035242293,0.5,0.5163624991480278,0.016362499148027787,1.6362499148027787,0.161,0.17268041237113402,improvement
0.75,0.5,9.8,0.23,0.0,0.1,-0.12202643171806168,0.012202643171806169,0.5,0.5164557604951946,0.016455760495194593,1.6455760495194593,0.161,0.17346938775510207,improvement
0.75,0.5,9.9,0.23,0.0,0.1,-0.12158590308370044,0.012158590308370045,0.5,0.5165479198220371,0.01654791982203707,1.6547919822037072,0.161,0.17424242424242425,improvement
0.75,0.5,10.0,0.23,0.0,0.1,-0.12114537444933922,0.012114537444933923,0.5,0.5166389772535267,0.0166389772535267,1.6638977253526699,0.161,0.175,improvement
0.75,0.5,10.100000000000001,0.23,0.0,0.1,-0.12070484581497798,0.012070484581497799,0.5,0.5167289329148766,0.01672893291487665,1.6728932914876649,0.161,0.17574257425742576,improvement
0.75,0.5,10.2,0.23,0.0,0.1,-0.12026431718061677,0.012026431718061677,0.5,0.5168177869314857,0.016817786931485723,1.6817786931485723,0.161,0.1764705882352941,improvement
0.75,0.5,10.3,0.23,0.0,0.1,-0.11982378854625551,0.011982378854625553,0.5,0.5169055394288828,0.016905539428882843,1.6905539428882843,0.161,0.17718446601941748,improvement
0.75,0.5,10.4,0.23,0.0,0.1,-0.11938325991189427,0.011938325991189429,0.5,0.5169921905326726,0.016992190532672646,1.6992190532672646,0.161,0.1778846153846154,improvement
0.75,0.5,10.5,0.23,0.0,0.1,-0.11894273127753305,0.011894273127753305,0.5,0.5170777403684804,0.01707774036848042,1.707774036848042,0.161,0.17857142857142858,improvement
0.75,0.5,10.600000000000001,0.23,0.0,0.1,-0.11850220264317181,0.01185022026431718,0.5,0.5171621890618991,0.017162189061899147,1.7162189061899147,0.161,0.17924528301886794,improvement
0.75,0.5,10.7,0.23,0.0,0.1,-0.1180616740088106,0.01180616740088106,0.5,0.5172455367384365,0.01724553673843654,1.724553673843654,0.161,0.17990654205607476,improvement
0.75,0.5,10.8,0.23,0.0,0.1,-0.11762114537444934,0.011762114537444935,0.5,0.5173277835234624,0.017327783523462426,1.7327783523462426,0.161,0.18055555555555558,improvement
0.75,0.5,10.9,0.23,0.0,0.1,-0.11718061674008813,0.011718061674008814,0.5,0.5174089295421576,0.01740892954215756,1.7408929542157559,0.161,0.1811926605504587,improvement
0.75,0.5,11.0,0.23,0.0,0.1,-0.1167400881057269,0.011674008810572692,0.5,0.5174889749194629,0.017488974919462885,1.7488974919462885,0.161,0.18181818181818182,improvement
0.75,0.5,11.100000000000001,0.23,0.0,0.1,-0.11629955947136564,0.011629955947136564,0.5,0.5175679197800283,0.01756791978002825,1.7567919780028252,0.161,0.18243243243243246,improvement
0.75,0.5,11.2,0.23,0.0,0.1,-0.11585903083700444,0.011585903083700444,0.5,0.517645764248164,0.017645764248163998,1.7645764248163998,0.161,0.1830357142857143,improvement
0.75,0.5,11.3,0.23,0.0,0.1,-0.1154185022026432,0.01154185022026432,0.5,0.517722508447791,0.017722508447790997,1.7722508447790997,0.161,0.1836283185840708,improvement
0.75,0.5,11.4,0.23,0.0,0.1,-0.11497797356828196,0.011497797356828196,0.5,0.5177981525023931,0.01779815250239314,1.7798152502393139,0.161,0.1842105263157895,improvement
0.75,0.5,11.5,0.23,0.0,0.1,-0.11453744493392073,0.011453744493392074,0.5,0.5178726965349689,0.017872696534968924,1.7872696534968924,0.161,0.18478260869565216,improvement
0.75,0.5,11.600000000000001,0.23,0.0,0.1,-0.1140969162995595,0.01140969162995595,0.5,0.517946140667985,0.017946140667985055,1.7946140667985055,0.161,0.1853448275862069,improvement
0.75,0.5,11.7,0.23,0.0,0.1,-0.11365638766519827,0.011365638766519828,0.5,0.5180184850233298,0.01801848502332981,1.801848502332981,0.161,0.1858974358974359,improvement
0.75,0.5,11.8,0.23,0.0,0.1,-0.11321585903083703,0.011321585903083704,0.5,0.518089729722267,0.018089729722266967,1.8089729722266967,0.161,0.1864406779661017,improvement
0.75,0.5,11.9,0.23,0.0,0.1,-0.1127753303964758,0.011277533039647581,0.5,0.5181598748853915,0.018159874885391503,1.8159874885391503,0.161,0.1869747899159664,improvement
0.75,0.5,12.0,0.23,0.0,0.1,-0.11233480176211456,0.011233480176211457,0.5,0.5182289206325843,0.0182289206325843,1.82289206325843,0.161,0.1875,improvement
0.75,0.5,12.100000000000001,0.23,0.0,0.1,-0.11189427312775332,0.011189427312775333,0.5,0.5182968670829693,0.018296867082969293,1.8296867082969293,0.161,0.18801652892561985,improvement
0.75,0.5,12.2,0.23,0.0,0.1,-0.1114537444933921,0.011145374449339211,0.5,0.5183637143548697,0.01836371435486972,1.836371435486972,0.161,0.1885245901639344,improvement
0.75,0.5,12.3,0.23,0.0,0.1,-0.11101321585903086,0.011101321585903087,0.5,0.5184294625657656,0.01842946256576561,1.8429462565765609,0.161,0.18902439024390244,improvement
0.75,0.5,12.4,0.23,0.0,0.1,-0.11057268722466963,0.011057268722466963,0.5,0.5184941118322524,0.018494111832252358,1.8494111832252358,0.161,0.18951612903225806,improvement
0.75,0.5,12.5,0.23,0.0,0.1,-0.1101321585903084,0.01101321585903084,0.5,0.5185576622699992,0.01855766226999922,1.855766226999922,0.161,0.19,improvement
0.75,0.5,12.600000000000001,0.23,0.0,0.1,-0.10969162995594715,0.010969162995594715,0.5,0.5186201139937091,0.01862011399370911,1.8620113993709109,0.161,0.19047619047619047,improvement
0.75,0.5,12.7,0.23,0.0,0.1,-0.10925110132158594,0.010925110132158595,0.5,0.5186814671170781,0.018681467117078077,1.8681467117078077,0.161,0.19094488188976377,improvement
0.75,0.5,12.8,0.23,0.0,0.1,-0.10881057268722469,0.01088105726872247,0.5,0.5187417217527572,0.018741721752757234,1.8741721752757234,0.161,0.19140625,improvement
0.75,0.5,12.9,0.23,0.0,0.1,-0.10837004405286346,0.010837004405286347,0.5,0.5188008780123126,0.01880087801231256,1.880087801231256,0.161,0.19186046511627908,improvement
0.75,0.5,13.0,0.23,0.0,0.1,-0.10792951541850222,0.010792951541850223,0.5,0.5188589360061882,0.018858936006188154,1.8858936006188154,0.161,0.1923076923076923,improvement
0.75,0.5,13.100000000000001,0.23,0.0,0.1,-0.107488986784141,0.0107488986784141,0.5,0.518915895843669,0.01891589584366904,1.891589584366904,0.161,0.19274809160305345,improvement
0.75,0.5,13.2,0.23,0.0,0.1,-0.10704845814977977,0.010704845814977978,0.5,0.5189717576328434,0.018971757632843422,1.8971757632843422,0.161,0.19318181818181818,improvement
0.75,0.5,13.3,0.23,0.0,0.1,-0.10660792951541852,0.010660792951541853,0.5,0.5190265214805674,0.019026521480567382,1.9026521480567382,0.161,0.19360902255639098,improvement
0.75,0.5,13.4,0.23,0.0,0.1,-0.1061674008810573,0.01061674008810573,0.5,0.5190801874924298,0.01908018749242979,1.908018749242979,0.161,0.19402985074626866,improvement
0.75,0.5,13.5,0.23,0.0,0.1,-0.10572687224669607,0.010572687224669607,0.5,0.5191327557727169,0.019132755772716892,1.9132755772716892,0.161,0.19444444444444445,improvement
0.75,0.5,13.600000000000001,0.23,0.0,0.1,-0.10528634361233483,0.010528634361233483,0.5,0.5191842264243784,0.019184226424378448,1.9184226424378448,0.161,0.1948529411764706,improvement
0.75,0.5,13.7,0.23,0.0,0.1,-0.1048458149779736,0.01048458149779736,0.5,0.5192345995489946,0.019234599548994646,1.9234599548994646,0.161,0.19525547445255476,improvement
0.75,0.5,13.8,0.23,0.0,0.1,-0.10440528634361236,0.010440528634361236,0.5,0.5192838752467426,0.019283875246742577,1.9283875246742577,0.161,0.1956521739130435,improvement
0.75,0.5,13.9,0.23,0.0,0.1,-0.10396475770925113,0.010396475770925114,0.5,0.5193320536163648,0.019332053616364808,1.9332053616364808,0.161,0.1960431654676259,improvement
0.75,0.5,14.0,0.23,0.0,0.1,-0.1035242290748899,0.01035242290748899,0.5,0.5193791347551375,0.019379134755137528,1.9379134755137528,0.161,0.19642857142857142,improvement
0.75,0.5,6.0,0.2325,0.0,0.1,-0.1422271223814774,0.01422271223814774,0.5,0.512438374589919,0.012438374589919032,1.2438374589919032,0.16275,0.125,improvement
0.75,0.5,6.1,0.2325,0.0,0.1,-0.14184123484013234,0.014184123484013234,0.5,0.5125816376798416,0.01258163767984155,1.258163767984155,0.16275,0.12704918032786883,improvement
0.75,0.5,6.2,0.2325,0.0,0.1,-0.14145534729878723,0.014145534729878723,0.5,0.5127239303037054,0.012723930303705444,1.2723930303705444,0.16275,0.12903225806451613,improvement
0.75,0.5,6.3,0.2325,0.0,0.1,-0.14106945975744212,0.014106945975744212,0.5,0.5128652525080806,0.012865252508080571,1.2865252508080571,0.16275,0.13095238095238093,improvement
0.75,0.5,6.4,0.2325,0.0,0.1,-0.14068357221609704,0.014068357221609705,0.5,0.513005604342548,0.01300560434254805,1.300560434254805,0.16275,0.1328125,improvement
0.75,0.5,6.5,0.2325,0.0,0.1,-0.14029768467475195,0.014029768467475195,0.5,0.5131449858596344,0.013144985859634417,1.3144985859634417,0.16275,0.1346153846153846,improvement
0.75,0.5,6.6,0.2325,0.0,0.1,-0.13991179713340685,0.013991179713340685,0.5,0.513283397114745,0.013283397114745021,1.3283397114745021,0.16275,0.13636363636363635,improvement
0.75,0.5,6.7,0.2325,0.0,0.1,-0.13952590959206174,0.013952590959206174,0.5,0.5134208381661001,0.013420838166100069,1.3420838166100069,0.16275,0.13805970149253732,improvement
0.75,0.5,6.8,0.2325,0.0,0.1,-0.13914002205071668,0.01391400220507167,0.5,0.5135573090746693,0.013557309074669344,1.3557309074669344,0.16275,0.13970588235294118,improvement
0.75,0.5,6.9,0.2325,0.0,0.1,-0.13875413450937157,0.013875413450937159,0.5,0.5136928099041083,0.01369280990410826,1.369280990410826,0.16275,0.14130434782608697,improvement
0.75,0.5,7.0,0.2325,0.0,0.1,-0.13836824696802646,0.013836824696802648,0.5,0.5138273407206937,0.013827340720693693,1.3827340720693693,0.16275,0.14285714285714285,improvement
0.75,0.5,7.1,0.2325,0.0,0.1,-0.13798235942668138,0.013798235942668139,0.5,0.5139609015932611,0.013960901593261132,1.3960901593261132,0.16275,0.14436619718309857,improvement
0.75,0.5,7.2,0.2325,0.0,0.1,-0.1375964718853363,0.013759647188533631,0.5,0.5140934925931412,0.014093492593141188,1.4093492593141188,0.16275,0.14583333333333334,improvement
0.75,0.5,7.3,0.2325,0.0,0.1,-0.1372105843439912,0.01372105843439912,0.5,0.5142251137940979,0.014225113794097854,1.4225113794097854,0.16275,0.14726027397260272,improvement
0.75,0.5,7.4,0.2325,0.0,0.1,-0.13682469680264608,0.01368246968026461,0.5,0.5143557652722661,0.014355765272266119,1.4355765272266119,0.16275,0.14864864864864866,improvement
0.75,0.5,7.5,0.2325,0.0,0.1,-0.13643880926130103,0.013643880926130104,0.5,0.5144854471060899,0.0144854471060899,1.44854471060899,0.16275,0.15,improvement
0.75,0.5,7.6,0.2325,0.0,0.1,-0.13605292171995592,0.013605292171995593,0.5,0.5146141593762623,0.014614159376262315,1.4614159376262315,0.16275,0.1513157894736842,improvement
0.75,0.5,7.7,0.2325,0.0,0.1,-0.1356670341786108,0.013566703417861082,0.5,0.5147419021656634,0.0147419021656634,1.47419021656634,0.16275,0.1525974025974026,improvement
0.75,0.5,7.8,0.2325,0.0,0.1,-0.13528114663726573,0.013528114663726575,0.5,0.514868675559301,0.014868675559301048,1.4868675559301048,0.16275,0.15384615384615385,improvement
0.75,0.5,7.9,0.2325,0.0,0.1,-0.13489525909592065,0.013489525909592065,0.5,0.5149944796442507,0.014994479644250713,1.4994479644250713,0.16275,0.1550632911392405,improvement
0.75,0.5,8.0,0.2325,0.0,0.1,-0.13450937155457554,0.013450937155457554,0.5,0.5151193145095962,0.015119314509596249,1.511931450959625,0.16275,0.15625,improvement
0.75,0.5,8.1,0.2325,0.0,0.1,-0.13412348401323043,0.013412348401323044,0.5,0.5152431802463708,0.015243180246370835,1.5243180246370835,0.16275,0.15740740740740738,improvement
0.75,0.5,8.2,0.2325,0.0,0.1,-0.13373759647188538,0.013373759647188538,0.5,0.515366076947499,0.01536607694749903,1.536607694749903,0.16275,0.15853658536585363,improvement
0.75,0.5,8.3,0.2325,0.0,0.1,-0.13335170893054027,0.013335170893054027,0.5,0.5154880047077381,0.015488004707738146,1.5488004707738146,0.16275,0.15963855421686748,improvement
0.75,0.5,8.4,0.2325,0.0,0.1,-0.13296582138919516,0.013296582138919516,0.5,0.5156089636236214,0.015608963623621408,1.5608963623621408,0.16275,0.1607142857142857,improvement
0.75,0.5,8.5,0.2325,0.0,0.1,-0.13257993384785005,0.013257993384785005,0.5,0.5157289537933998,0.01572895379339978,1.572895379339978,0.16275,0.16176470588235292,improvement
0.75,0.5,8.6,0.2325,0.0,0.1,-0.132194046306505,0.013219404630650501,0.5,0.5158479753169869,0.015847975316986895,1.5847975316986895,0.16275,0.16279069767441862,improvement
0.75,0.5,8.7,0.2325,0.0,0.1,-0.1318081587651599,0.01318081587651599,0.5,0.5159660282959015,0.015966028295901546,1.5966028295901546,0.16275,0.16379310344827586,improvement
0.75,0.5,8.8,0.2325,0.0,0.1,-0.13142227122381478,0.01314222712238148,0.5,0.5160831128332123,0.016083112833212287,1.6083112833212287,0.16275,0.1647727272727273,improvement
0.75,0.5,8.9,0.2325,0.0,0.1,-0.13103638368246973,0.013103638368246974,0.5,0.5161992290334827,0.0161992290334827,1.6199229033482698,0.16275,0.1657303370786517,improvement
0.75,0.5,9.0,0.2325,0.0,0.1,-0.13065049614112462,0.013065049614112463,0.5,0.5163143770027159,0.016314377002715874,1.6314377002715874,0.16275,0.16666666666666669,improvement
0.75,0.5,9.1,0.2325,0.0,0.1,-0.1302646085997795,0.013026460859977952,0.5,0.5164285568483001,0.016428556848300135,1.6428556848300135,0.16275,0.1675824175824176,improvement
0.75,0.5,9.2,0.2325,0.0,0.1,-0.12987872105843443,0.012987872105843443,0.5,0.5165417686789555,0.016541768678955515,1.6541768678955515,0.16275,0.16847826086956522,improvement
0.75,0.5,9.3,0.2325,0.0,0.1,-0.12949283351708932,0.012949283351708932,0.5,0.5166540126046798,0.016654012604679802,1.6654012604679802,0.16275,0.16935483870967744,improvement
0.75,0.5,9.4,0.2325,0.0,0.1,-0.12910694597574424,0.012910694597574424,0.5,0.5167652887366957,0.016765288736695694,1.6765288736695694,0.16275,0.17021276595744683,improvement
0.75,0.5,9.5,0.2325,0.0,0.1,-0.12872105843439913,0.012872105843439913,0.5,0.5168755971873982,0.016875597187398172,1.6875597187398172,0.16275,0.17105263157894737,improvement
0.75,0.5,9.6,0.2325,0.0,0.1,-0.12833517089305405,0.012833517089305406,0.5,0.5169849380703024,0.016984938070302436,1.6984938070302436,0.16275,0.171875,improvement
0.75,0.5,9.7,0.2325,0.0,0.1,-0.12794928335170896,0.012794928335170897,0.5,0.5170933114999923,0.01709331149999227,1.709331149999227,0.16275,0.17268041237113402,improvement
0.75,0.5,9.8,0.2325,0.0,0.1,-0.12756339581036386,0.012756339581036386,0.5,0.5172007175920679,0.01720071759206787,1.7200717592067871,0.16275,0.17346938775510207,improvement
0.75,0.5,9.9,0.2325,0.0,0.1,-0.12717750826901877,0.012717750826901878,0.5,0.5173071564630969,0.017307156463096884,1.7307156463096884,0.16275,0.17424242424242425,improvement
0.75,0.5,10.0,0.2325,0.0,0.1,-0.1267916207276737,0.01267916207276737,0.5,0.5174126282305623,0.017412628230562333,1.7412628230562333,0.16275,0.175,improvement
0.75,0.5,10.100000000000001,0.2325,0.0,0.1,-0.12640573318632856,0.012640573318632857,0.5,0.5175171330128134,0.017517133012813435,1.7517133012813435,0.16275,0.17574257425742576,improvement
0.75,0.5,10.2,0.2325,0.0,0.1,-0.12601984564498347,0.012601984564498347,0.5,0.5176206709290165,0.017620670929016535,1.7620670929016535,0.16275,0.1764705882352941,improvement
0.75,0.5,10.3,0.2325,0.0,0.1,-0.1256339581036384,0.01256339581036384,0.5,0.5177232420991048,0.017723242099104808,1.7723242099104808,0.16275,0.17718446601941748,improvement
0.75,0.5,10.4,0.2325,0.0,0.1,-0.12524807056229328,0.01252480705622933,0.5,0.5178248466437314,0.017824846643731407,1.7824846643731407,0.16275,0.1778846153846154,improvement
0.75,0.5,10.5,0.2325,0.0,0.1,-0.1248621830209482,0.012486218302094822,0.5,0.51792548468422,0.01792548468421995,1.792548468421995,0.16275,0.17857142857142858,improvement
0.75,0.5,10.600000000000001,0.2325,0.0,0.1,-0.12447629547960311,0.01244762954796031,0.5,0.5180251563425176,0.018025156342517556,1.8025156342517556,0.16275,0.17924528301886794,improvement
0.75,0.5,10.7,0.2325,0.0,0.1,-0.12409040793825801,0.012409040793825802,0.5,0.5181238617411477,0.018123861741147662,1.8123861741147662,0.16275,0.17990654205607476,improvement
0.75,0.5,10.8,0.2325,0.0,0.1,-0.12370452039691293,0.012370452039691294,0.5,0.5182216010031626,0.018221601003162613,1.8221601003162613,0.16275,0.18055555555555558,improvement
0.75,0.5,10.9,0.2325,0.0,0.1,-0.12331863285556784,0.012331863285556785,0.5,0.518318374252098,0.018318374252098035,1.8318374252098035,0.16275,0.1811926605504587,improvement
0.75,0.5,11.0,0.2325,0.0,0.1,-0.12293274531422273,0.012293274531422274,0.5,0.5184141816119268,0.01841418161192676,1.841418161192676,0.16275,0.18181818181818182,improvement
0.75,0.5,11.100000000000001,0.2325,0.0,0.1,-0.12254685777287763,0.012254685777287763,0.5,0.5185090232070133,0.01850902320701331,1.8509023207013309,0.16275,0.18243243243243246,improvement
0.75,0.5,11.2,0.2325,0.0,0.1,-0.12216097023153255,0.012216097023153256,0.5,0.5186028991620688,0.01860289916206881,1.860289916206881,0.16275,0.1830357142857143,improvement
0.75,0.5,11.3,0.2325,0.0,0.1,-0.12177508269018746,0.012177508269018747,0.5,0.5186958096021069,0.018695809602106928,1.8695809602106928,0.16275,0.1836283185840708,improvement
0.75,0.5,11.4,0.2325,0.0,0.1,-0.12138919514884236,0.012138919514884237,0.5,0.5187877546523991,0.018787754652399125,1.8787754652399125,0.16275,0.1842105263157895,improvement
0.75,0.5,11.5,0.2325,0.0,0.1,-0.12100330760749725,0.012100330760749727,0.5,0.5188787344384314,0.018878734438431355,1.8878734438431355,0.16275,0.18478260869565216,improvement
0.75,0.5,11.600000000000001,0.2325,0.0,0.1,-0.12061742006615218,0.012061742006615219,0.5,0.5189687490858612,0.018968749085861214,1.8968749085861214,0.16275,0.1853448275862069,improvement
0.75,0.5,11.7,0.2325,0.0,0.1,-0.12023153252480707,0.012023153252480708,0.5,0.5190577987204743,0.019057798720474306,1.9057798720474306,0.16275,0.1858974358974359,improvement
0.75,0.5,11.8,0.2325,0.0,0.1,-0.11984564498346198,0.011984564498346199,0.5,0.5191458834681429,0.019145883468142944,1.9145883468142944,0.16275,0.1864406779661017,improvement
0.75,0.5,11.9,0.2325,0.0,0.1,-0.1194597574421169,0.01194597574421169,0.5,0.5192330034547834,0.019233003454783404,1.9233003454783404,0.16275,0.1869747899159664,improvement
0.75,0.5,12.0,0.2325,0.0,0.1,-0.1190738699007718,0.01190738699007718,0.5,0.5193191588063153,0.019319158806315295,1.9319158806315295,0.16275,0.1875,improvement
0.75,0.5,12.100000000000001,0.2325,0.0,0.1,-0.11868798235942671,0.011868798235942671,0.5,0.5194043496486197,0.0194043496486197,1.94043496486197,0.16275,0.18801652892561985,improvement
0.75,0.5,12.2,0.2325,0.0,0.1,-0.11830209481808163,0.011830209481808164,0.5,0.5194885761074995,0.019488576107499544,1.9488576107499544,0.16275,0.1885245901639344,improvement
0.75,0.5,12.3,0.2325,0.0,0.1,-0.11791620727673653,0.011791620727673653,0.5,0.519571838308639,0.019571838308638956,1.9571838308638956,0.16275,0.18902439024390244,improvement
0.75,0.5,12.4,0.2325,0.0,0.1,-0.11753031973539142,0.011753031973539142,0.5,0.519654136377564,0.01965413637756397,1.9654136377563969,0.16275,0.18951612903225806,improvement
0.75,0.5,12.5,0.2325,0.0,0.1,-0.11714443219404636,0.011714443219404637,0.5,0.5197354704396026,0.019735470439602554,1.9735470439602554,0.16275,0.19,improvement
0.75,0.5,12.600000000000001,0.2325,0.0,0.1,-0.11675854465270123,0.011675854465270124,0.5,0.519815840619847,0.01981584061984698,1.981584061984698,0.16275,0.19047619047619047,improvement
0.75,0.5,12.7,0.2325,0.0,0.1,-0.11637265711135615,0.011637265711135616,0.5,0.5198952470431148,0.01989524704311485,1.989524704311485,0.16275,0.19094488188976377,improvement
0.75,0.5,12.8,0.2325,0.0,0.1,-0.11598676957001106,0.011598676957001106,0.5,0.5199736898339109,0.0199736898339109,1.9973689833910901,0.16275,0.19140625,improvement
0.75,0.5,12.9,0.2325,0.0,0.1,-0.11560088202866595,0.011560088202866595,0.5,0.5200511691163907,0.02005116911639071,2.005116911639071,0.16275,0.19186046511627908,improvement
0.75,0.5,13.0,0.2325,0.0,0.1,-0.11521499448732088,0.011521499448732089,0.5,0.5201276850143222,0.02012768501432216,2.012768501432216,0.16275,0.1923076923076923,improvement
0.75,0.5,13.100000000000001,0.2325,0.0,0.1,-0.11482910694597577,0.011482910694597578,0.5,0.5202032376510504,0.020203237651050365,2.0203237651050365,0.16275,0.19274809160305345,improvement
0.75,0.5,13.2,0.2325,0.0,0.1,-0.11444321940463067,0.011444321940463069,0.5,0.5202778271494604,0.02027782714946036,2.027782714946036,0.16275,0.19318181818181818,improvement
0.75,0.5,13.3,0.2325,0.0,0.1,-0.1140573318632856,0.01140573318632856,0.5,0.5203514536319425,0.020351453631942462,2.035145363194246,0.16275,0.19360902255639098,improvement
0.75,0.5,13.4,0.2325,0.0,0.1,-0.1136714443219405,0.01136714443219405,0.5,0.5204241172203561,0.020424117220356086,2.0424117220356086,0.16275,0.19402985074626866,improvement
0.75,0.5,13.5,0.2325,0.0,0.1,-0.1132855567805954,0.011328555678059541,0.5,0.5204958180359955,0.02049581803599554,2.049581803599554,0.16275,0.19444444444444445,improvement
0.75,0.5,13.600000000000001,0.2325,0.0,0.1,-0.1128996692392503,0.01128996692392503,0.5,0.5205665561995556,0.020566556199555608,2.056655619955561,0.16275,0.1948529411764706,improvement
0.75,0.5,13.7,0.2325,0.0,0.1,-0.11251378169790523,0.011251378169790523,0.5,0.5206363318310976,0.020636331831097587,2.0636331831097587,0.16275,0.19525547445255476,improvement
0.75,0.5,13.8,0.2325,0.0,0.1,-0.11212789415656012,0.011212789415656012,0.5,0.5207051450500155,0.020705145050015528,2.0705145050015528,0.16275,0.1956521739130435,improvement
0.75,0.5,13.9,0.2325,0.0,0.1,-0.11174200661521502,0.011174200661521503,0.5,0.5207729959750036,0.020772995975003594,2.0772995975003594,0.16275,0.1960431654676259,improvement
0.75,0.5,14.0,0.2325,0.0,0.1,-0.11135611907386993,0.011135611907386994,0.5,0.5208398847240234,0.020839884724023428,2.0839884724023428,0.16275,0.19642857142857142,improvement
0.75,0.5,6.0,0.23500000000000001,0.0,0.1,-0.14569536423841062,0.014569536423841062,0.5,0.5127413589039445,0.012741358903944455,1.2741358903944455,0.1645,0.125,improvement
0.75,0.5,6.1,0.23500000000000001,0.0,0.1,-0.14536423841059604,0.014536423841059604,0.5,0.5128937872877934,0.012893787287793446,1.2893787287793446,0.1645,0.12704918032786883,improvement
0.75,0.5,6.2,0.23500000000000001,0.0,0.1,-0.14503311258278145,0.014503311258278147,0.5,0.5130453808218067,0.013045380821806729,1.304538082180673,0.1645,0.12903225806451613,improvement
0.75,0.5,6.3,0.23500000000000001,0.0,0.1,-0.1447019867549669,0.01447019867549669,0.5,0.5131961395234133,0.013196139523413253,1.3196139523413253,0.1645,0.13095238095238093,improvement
0.75,0.5,6.4,0.23500000000000001,0.0,0.1,-0.14437086092715234,0.014437086092715235,0.5,0.5133460634131495,0.013346063413149478,1.3346063413149478,0.1645,0.1328125,improvement
0.75,0.5,6.5,0.23500000000000001,0.0,0.1,-0.14403973509933776,0.014403973509933776,0.5,0.5134951525146083,0.01349515251460831,1.349515251460831,0.1645,0.1346153846153846,improvement
0.75,0.5,6.6,0.23500000000000001,0.0,0.1,-0.1437086092715232,0.014370860927152321,0.5,0.5136434068543874,0.013643406854387363,1.3643406854387363,0.1645,0.13636363636363635,improvement
0.75,0.5,6.7,0.23500000000000001,0.0,0.1,-0.14337748344370863,0.014337748344370863,0.5,0.5137908264620386,0.013790826462038552,1.3790826462038552,0.1645,0.13805970149253732,improvement
0.75,0.5,6.8,0.23500000000000001,0.0,0.1,-0.14304635761589407,0.014304635761589407,0.5,0.5139374113700161,0.01393741137001614,1.393741137001614,0.1645,0.13970588235294118,improvement
0.75,0.5,6.9,0.23500000000000001,0.0,0.1,-0.1427152317880795,0.014271523178807949,0.5,0.5140831616136267,0.01408316161362666,1.408316161362666,0.1645,0.14130434782608697,improvement
0.75,0.5,7.0,0.23500000000000001,0.0,0.1,-0.14238410596026493,0.014238410596026494,0.5,0.5142280772309789,0.014228077230978853,1.4228077230978853,0.1645,0.14285714285714285,improvement
0.75,0.5,7.1,0.23500000000000001,0.0,0.1,-0.14205298013245035,0.014205298013245035,0.5,0.5143721582629331,0.014372158262933143,1.4372158262933143,0.1645,0.14436619718309857,improvement
0.75,0.5,7.2,0.23500000000000001,0.0,0.1,-0.14172185430463577,0.014172185430463578,0.5,0.5145154047530522,0.014515404753052241,1.4515404753052241,0.1645,0.14583333333333334,improvement
0.75,0.5,7.3,0.23500000000000001,0.0,0.1,-0.1413907284768212,0.01413907284768212,0.5,0.5146578167475515,0.014657816747551511,1.465781674755151,0.1645,0.14726027397260272,improvement
0.75,0.5,7.4,0.23500000000000001,0.0,0.1,-0.14105960264900663,0.014105960264900665,0.5,0.5147993942952498,0.01479939429524979,1.479939429524979,0.1645,0.14864864864864866,improvement
0.75,0.5,7.5,0.23500000000000001,0.0,0.1,-0.14072847682119205,0.014072847682119206,0.5,0.51494013744752,0.014940137447519986,1.4940137447519986,0.1645,0.15,improvement
0.75,0.5,7.6,0.23500000000000001,0.0,0.1,-0.1403973509933775,0.014039735099337751,0.5,0.5150800462582419,0.015080046258241886,1.5080046258241886,0.1645,0.1513157894736842,improvement
0.75,0.5,7.7,0.23500000000000001,0.0,0.1,-0.1400662251655629,0.014006622516556292,0.5,0.5152191207837518,0.01521912078375176,1.521912078375176,0.1645,0.1525974025974026,improvement
0.75,0.5,7.8,0.23500000000000001,0.0,0.1,-0.13973509933774836,0.013973509933774837,0.5,0.5153573610827962,0.015357361082796173,1.5357361082796173,0.1645,0.15384615384615385,improvement
0.75,0.5,7.9,0.23500000000000001,0.0,0.1,-0.13940397350993378,0.013940397350993379,0.5,0.5154947672164827,0.015494767216482686,1.5494767216482686,0.1645,0.1550632911392405,improvement
0.75,0.5,8.0,0.23500000000000001,0.0,0.1,-0.13907284768211922,0.013907284768211924,0.5,0.5156313392482337,0.015631339248233678,1.5631339248233678,0.1645,0.15625,improvement
0.75,0.5,8.1,0.23500000000000001,0.0,0.1,-0.13874172185430467,0.013874172185430467,0.5,0.5157670772437378,0.015767077243737826,1.5767077243737826,0.1645,0.15740740740740738,improvement
0.75,0.5,8.2,0.23500000000000001,0.0,0.1,-0.13841059602649008,0.01384105960264901,0.5,0.5159019812709044,0.015901981270904364,1.5901981270904364,0.1645,0.15853658536585363,improvement
0.75,0.5,8.3,0.23500000000000001,0.0,0.1,-0.13807947019867553,0.013807947019867553,0.5,0.5160360513998155,0.016036051399815454,1.6036051399815454,0.1645,0.15963855421686748,improvement
0.75,0.5,8.4,0.23500000000000001,0.0,0.1,-0.13774834437086095,0.013774834437086096,0.5,0.5161692877026804,0.016169287702680446,1.6169287702680446,0.1645,0.1607142857142857,improvement
0.75,0.5,8.5,0.23500000000000001,0.0,0.1,-0.13741721854304637,0.013741721854304638,0.5,0.5163016902537892,0.016301690253789247,1.6301690253789247,0.1645,0.16176470588235292,improvement
0.75,0.5,8.6,0.23500000000000001,0.0,0.1,-0.1370860927152318,0.013708609271523182,0.5,0.5164332591294672,0.016433259129467248,1.6433259129467248,0.1645,0.16279069767441862,improvement
0.75,0.5,8.7,0.23500000000000001,0.0,0.1,-0.13675496688741726,0.013675496688741726,0.5,0.5165639944080291,0.016563994408029137,1.6563994408029137,0.1645,0.16379310344827586,improvement
0.75,0.5,8.8,0.23500000000000001,0.0,0.1,-0.13642384105960267,0.013642384105960269,0.5,0.5166938961697338,0.016693896169733824,1.6693896169733824,0.1645,0.1647727272727273,improvement
0.75,0.5,8.9,0.23500000000000001,0.0,0.1,-0.13609271523178812,0.013609271523178812,0.5,0.5168229644967397,0.0168229644967397,1.68229644967397,0.1645,0.1657303370786517,improvement
0.75,0.5,9.0,0.23500000000000001,0.0,0.1,-0.13576158940397354,0.013576158940397355,0.5,0.5169511994730598,0.016951199473059786,1.6951199473059786,0.1645,0.16666666666666669,improvement
0.75,0.5,9.1,0.23500000000000001,0.0,0.1,-0.13543046357615895,0.013543046357615897,0.5,0.5170786011845172,0.017078601184517206,1.7078601184517206,0.1645,0.1675824175824176,improvement
0.75,0.5,9.2,0.23500000000000001,0.0,0.1,-0.13509933774834437,0.013509933774834438,0.5,0.5172051697187019,0.017205169718701896,1.7205169718701896,0.1645,0.16847826086956522,improvement
0.75,0.5,9.3,0.23500000000000001,0.0,0.1,-0.13476821192052982,0.013476821192052983,0.5,0.5173309051649256,0.017330905164925636,1.7330905164925636,0.1645,0.16935483870967744,improvement
0.75,0.5,9.4,0.23500000000000001,0.0,0.1,-0.13443708609271524,0.013443708609271524,0.5,0.5174558076141792,0.017455807614179197,1.7455807614179197,0.1645,0.17021276595744683,improvement
0.75,0.5,9.5,0.23500000000000001,0.0,0.1,-0.13410596026490068,0.01341059602649007,0.5,0.517579877159089,0.01757987715908904,1.7579877159089041,0.1645,0.17105263157894737,improvement
0.75,0.5,9.6,0.23500000000000001,0.0,0.1,-0.1337748344370861,0.01337748344370861,0.5,0.5177031138938744,0.017703113893874356,1.7703113893874356,0.1645,0.171875,improvement
0.75,0.5,9.7,0.23500000000000001,0.0,0.1,-0.13344370860927154,0.013344370860927155,0.5,0.5178255179143045,0.017825517914304534,1.7825517914304534,0.1645,0.17268041237113402,improvement
0.75,0.5,9.8,0.23500000000000001,0.0,0.1,-0.13311258278145696,0.013311258278145697,0.5,0.5179470893176563,0.017947089317656317,1.7947089317656317,0.1645,0.17346938775510207,improvement
0.75,0.5,9.9,0.23500000000000001,0.0,0.1,-0.1327814569536424,0.013278145695364242,0.5,0.5180678282026723,0.018067828202672276,1.8067828202672276,0.1645,0.17424242424242425,improvement
0.75,0.5,10.0,0.23500000000000001,0.0,0.1,-0.13245033112582782,0.013245033112582783,0.5,0.5181877346695187,0.01818773466951873,1.818773466951873,0.1645,0.175,improvement
0.75,0.5,10.100000000000001,0.23500000000000001,0.0,0.1,-0.13211920529801327,0.013211920529801328,0.5,0.5183068088197442,0.018306808819744225,1.8306808819744225,0.1645,0.17574257425742576,improvement
0.75,0.5,10.2,0.23500000000000001,0.0,0.1,-0.13178807947019872,0.013178807947019873,0.5,0.5184250507562387,0.01842505075623868,1.8425050756238681,0.1645,0.1764705882352941,improvement
0.75,0.5,10.3,0.23500000000000001,0.0,0.1,-0.13145695364238413,0.013145695364238414,0.5,0.5185424605831914,0.018542460583191422,1.8542460583191422,0.1645,0.17718446601941748,improvement
0.75,0.5,10.4,0.23500000000000001,0.0,0.1,-0.13112582781456955,0.013112582781456956,0.5,0.518659038406052,0.018659038406051986,1.8659038406051986,0.1645,0.1778846153846154,improvement
0.75,0.5,10.5,0.23500000000000001,0.0,0.1,-0.130794701986755,0.0130794701986755,0.5,0.5187747843314889,0.018774784331488936,1.8774784331488936,0.1645,0.17857142857142858,improvement
0.75,0.5,10.600000000000001,0.23500000000000001,0.0,0.1,-0.13046357615894044,0.013046357615894046,0.5,0.5188896984673494,0.018889698467349447,1.8889698467349447,0.1645,0.17924528301886794,improvement
0.75,0.5,10.7,0.23500000000000001,0.0,0.1,-0.13013245033112586,0.013013245033112587,0.5,0.5190037809226206,0.01900378092262056,1.9003780922620561,0.1645,0.17990654205607476,improvement
0.75,0.5,10.8,0.23500000000000001,0.0,0.1,-0.12980132450331128,0.012980132450331128,0.5,0.5191170318073886,0.01911703180738855,1.9117031807388551,0.1645,0.18055555555555558,improvement
0.75,0.5,10.9,0.23500000000000001,0.0,0.1,-0.12947019867549672,0.012947019867549673,0.5,0.5192294512328007,0.01922945123280073,1.9229451232800732,0.1645,0.1811926605504587,improvement
0.75,0.5,11.0,0.23500000000000001,0.0,0.1,-0.12913907284768214,0.012913907284768215,0.5,0.5193410393110258,0.01934103931102582,1.934103931102582,0.1645,0.18181818181818182,improvement
0.75,0.5,11.100000000000001,0.23500000000000001,0.0,0.1,-0.12880794701986756,0.012880794701986756,0.5,0.5194517961552156,0.01945179615521564,1.945179615521564,0.1645,0.18243243243243246,improvement
0.75,0.5,11.2,0.23500000000000001,0.0,0.1,-0.128476821192053,0.012847682119205301,0.5,0.5195617218794666,0.019561721879466587,1.9561721879466587,0.1645,0.1830357142857143,improvement
0.75,0.5,11.3,0.23500000000000001,0.0,0.1,-0.12814569536423842,0.012814569536423842,0.5,0.5196708165987819,0.019670816598781893,1.9670816598781893,0.1645,0.1836283185840708,improvement
0.75,0.5,11.4,0.23500000000000001,0.0,0.1,-0.12781456953642387,0.012781456953642387,0.5,0.5197790804290334,0.019779080429033424,1.9779080429033424,0.1645,0.1842105263157895,improvement
0.75,0.5,11.5,0.23500000000000001,0.0,0.1,-0.12748344370860928,0.012748344370860929,0.5,0.5198865134869246,0.019886513486924606,1.9886513486924606,0.1645,0.18478260869565216,improvement
0.75,0.5,11.600000000000001,0.23500000000000001,0.0,0.1,-0.12715231788079473,0.012715231788079474,0.5,0.5199931158899529,0.019993115889952895,1.9993115889952895,0.1645,0.1853448275862069,improvement
0.75,0.5,11.7,0.23500000000000001,0.0,0.1,-0.12682119205298018,0.012682119205298019,0.5,0.5200988877563733,0.02009888775637325,2.009888775637325,0.1645,0.1858974358974359,improvement
0.75,0.5,11.8,0.23500000000000001,0.0,0.1,-0.1264900662251656,0.01264900662251656,0.5,0.520203829205161,0.02020382920516095,2.020382920516095,0.1645,0.1864406779661017,improvement
0.75,0.5,11.9,0.23500000000000001,0.0,0.1,-0.126158940397351,0.012615894039735101,0.5,0.5203079403559758,0.02030794035597583,2.030794035597583,0.1645,0.1869747899159664,improvement
0.75,0.5,12.0,0.23500000000000001,0.0,0.1,-0.12582781456953646,0.012582781456953646,0.5,0.5204112213291263,0.020411221329126317,2.0411221329126317,0.1645,0.1875,improvement
0.75,0.5,12.100000000000001,0.23500000000000001,0.0,0.1,-0.12549668874172187,0.012549668874172188,0.5,0.5205136722455328,0.0205136722455328,2.05136722455328,0.1645,0.18801652892561985,improvement
0.75,0.5,12.2,0.23500000000000001,0.0,0.1,-0.12516556291390732,0.012516556291390733,0.5,0.5206152932266929,0.020615293226692866,2.0615293226692866,0.1645,0.1885245901639344,improvement
0.75,0.5,12.3,0.23500000000000001,0.0,0.1,-0.12483443708609274,0.012483443708609274,0.5,0.5207160843946463,0.02071608439464634,2.071608439464634,0.1645,0.18902439024390244,improvement
0.75,0.5,12.4,0.23500000000000001,0.0,0.1,-0.12450331125827818,0.012450331125827819,0.5,0.5208160458719395,0.020816045871939526,2.0816045871939526,0.1645,0.18951612903225806,improvement
0.75,0.5,12.5,0.23500000000000001,0.0,0.1,-0.12417218543046361,0.012417218543046362,0.5,0.5209151777815915,0.020915177781591465,2.0915177781591465,0.1645,0.19,improvement
0.75,0.5,12.600000000000001,0.23500000000000001,0.0,0.1,-0.12384105960264903,0.012384105960264903,0.5,0.5210134802470594,0.021013480247059402,2.10134802470594,0.1645,0.19047619047619047,improvement
0.75,0.5,12.7,0.23500000000000001,0.0,0.1,-0.12350993377483448,0.012350993377483448,0.5,0.5211109533922039,0.021110953392203924,2.1110953392203924,0.1645,0.19094488188976377,improvement
0.75,0.5,12.8,0.23500000000000001,0.0,0.1,-0.1231788079470199,0.01231788079470199,0.5,0.5212075973412564,0.021207597341256434,2.1207597341256434,0.1645,0.19140625,improvement
0.75,0.5,12.9,0.23500000000000001,0.0,0.1,-0.12284768211920534,0.012284768211920535,0.5,0.521303412218785,0.021303412218784956,2.1303412218784956,0.1645,0.19186046511627908,improvement
0.75,0.5,13.0,0.23500000000000001,0.0,0.1,-0.12251655629139076,0.012251655629139076,0.5,0.5213983981496613,0.02139839814966127,2.139839814966127,0.1645,0.1923076923076923,improvement
0.75,0.5,13.100000000000001,0.23500000000000001,0.0,0.1,-0.12218543046357618,0.012218543046357618,0.5,0.5214925552590277,0.021492555259027712,2.1492555259027712,0.1645,0.19274809160305345,improvement
0.75,0.5,13.2,0.23500000000000001,0.0,0.1,-0.12185430463576165,0.012185430463576166,0.5,0.5215858836722647,0.02158588367226466,2.158588367226466,0.1645,0.19318181818181818,improvement
0.75,0.5,13.3,0.23500000000000001,0.0,0.1,-0.12152317880794707,0.012152317880794707,0.5,0.5216783835149585,0.021678383514958544,2.1678383514958544,0.1645,0.19360902255639098,improvement
0.75,0.5,13.4,0.23500000000000001,0.0,0.1,-0.12119205298013248,0.012119205298013249,0.5,0.5217700549128692,0.021770054912869208,2.177005491286921,0.1645,0.19402985074626866,improvement
0.75,0.5,13.5,0.23500000000000001,0.0,0.1,-0.12086092715231792,0.012086092715231792,0.5,0.5218608979918988,0.02186089799189883,2.186089799189883,0.1645,0.19444444444444445,improvement
0.75,0.5,13.600000000000001,0.23500000000000001,0.0,0.1,-0.12052980132450333,0.012052980132450333,0.5,0.52195091287806,0.021950912878059947,2.1950912878059947,0.1645,0.1948529411764706,improvement
0.75,0.5,13.7,0.23500000000000001,0.0,0.1,-0.12019867549668878,0.012019867549668878,0.5,0.5220400996974446,0.022040099697444582,2.204009969744458,0.1645,0.19525547445255476,improvement
0.75,0.5,13.8,0.23500000000000001,0.0,0.1,-0.1198675496688742,0.01198675496688742,0.5,0.5221284585761927,0.022128458576192722,2.212845857619272,0.1645,0.1956521739130435,improvement
0.75,0.5,13.9,0.23500000000000001,0.0,0.1,-0.11953642384105964,0.011953642384105964,0.5,0.5222159896404626,0.022215989640462563,2.2215989640462563,0.1645,0.1960431654676259,improvement
0.75,0.5,14.0,0.23500000000000001,0.0,0.1,-0.11920529801324509,0.01192052980132451,0.5,0.5223026930164001,0.022302693016400088,2.230269301640009,0.1645,0.19642857142857142,improvement
0.75,0.5,6.0,0.23750000000000002,0.0,0.1,-0.14917127071823205,0.014917127071823206,0.5,0.513044989009058,0.013044989009058039,1.304498900905804,0.16625,0.125,improvement
0.75,0.5,6.1,0.23750000000000002,0.0,0.1,-0.1488950276243094,0.01488950276243094,0.5,0.5132066010029623,0.013206601002962337,1.3206601002962337,0.16625,0.12704918032786883,improvement
0.75,0.5,6.2,0.23750000000000002,0.0,0.1,-0.14861878453038674,0.014861878453038675,0.5,0.5133675139405873,0.013367513940587328,1.3367513940587328,0.16625,0.12903225806451613,improvement
0.75,0.5,6.3,0.23750000000000002,0.0,0.1,-0.1483425414364641,0.014834254143646412,0.5,0.513527727804661,0.01352772780466105,1.352772780466105,0.16625,0.13095238095238093,improvement
0.75,0.5,6.4,0.23750000000000002,0.0,0.1,-0.14806629834254145,0.014806629834254147,0.5,0.5136872425809726,0.013687242580972647,1.3687242580972647,0.16625,0.1328125,improvement
0.75,0.5,6.5,0.23750000000000002,0.0,0.1,-0.1477900552486188,0.014779005524861881,0.5,0.5138460582583326,0.013846058258332627,1.3846058258332627,0.16625,0.1346153846153846,improvement
0.75,0.5,6.6,0.23750000000000002,0.0,0.1,-0.14751381215469614,0.014751381215469615,0.5,0.5140041748285356,0.014004174828535554,1.4004174828535554,0.16625,0.13636363636363635,improvement
0.75,0.5,6.7,0.23750000000000002,0.0,0.1,-0.14723756906077348,0.01472375690607735,0.5,0.5141615922863227,0.014161592286322744,1.4161592286322744,0.16625,0.13805970149253732,improvement
0.75,0.5,6.8,0.23750000000000002,0.0,0.1,-0.14696132596685085,0.014696132596685086,0.5,0.5143183106293432,0.01431831062934319,1.431831062934319,0.16625,0.13970588235294118,improvement
0.75,0.5,6.9,0.23750000000000002,0.0,0.1,-0.14668508287292817,0.014668508287292818,0.5,0.5144743298581171,0.014474329858117141,1.447432985811714,0.16625,0.14130434782608697,improvement
0.75,0.5,7.0,0.23750000000000002,0.0,0.1,-0.14640883977900554,0.014640883977900554,0.5,0.5146296499759984,0.01462964997599836,1.462964997599836,0.16625,0.14285714285714285,improvement
0.75,0.5,7.1,0.23750000000000002,0.0,0.1,-0.14613259668508288,0.014613259668508289,0.5,0.5147842709891366,0.014784270989136594,1.4784270989136594,0.16625,0.14436619718309857,improvement
0.75,0.5,7.2,0.23750000000000002,0.0,0.1,-0.14585635359116025,0.014585635359116026,0.5,0.5149381929064407,0.014938192906440717,1.4938192906440717,0.16625,0.14583333333333334,improvement
0.75,0.5,7.3,0.23750000000000002,0.0,0.1,-0.1455801104972376,0.01455801104972376,0.5,0.5150914157395418,0.015091415739541758,1.5091415739541758,0.16625,0.14726027397260272,improvement
0.75,0.5,7.4,0.23750000000000002,0.0,0.1,-0.1453038674033149,0.014530386740331492,0.5,0.5152439395027564,0.015243939502756376,1.5243939502756376,0.16625,0.14864864864864866,improvement
0.75,0.5,7.5,0.23750000000000002,0.0,0.1,-0.14502762430939228,0.01450276243093923,0.5,0.5153957642130493,0.015395764213049334,1.5395764213049334,0.16625,0.15,improvement
0.75,0.5,7.6,0.23750000000000002,0.0,0.1,-0.14475138121546963,0.014475138121546964,0.5,0.5155468898899984,0.015546889889998416,1.5546889889998416,0.16625,0.1513157894736842,improvement
0.75,0.5,7.7,0.23750000000000002,0.0,0.1,-0.144475138121547,0.0144475138121547,0.5,0.5156973165557571,0.015697316555757124,1.5697316555757124,0.16625,0.1525974025974026,improvement
0.75,0.5,7.8,0.23750000000000002,0.0,0.1,-0.1441988950276243,0.014419889502762432,0.5,0.5158470442350185,0.01584704423501848,1.5847044235018481,0.16625,0.15384615384615385,improvement
0.75,0.5,7.9,0.23750000000000002,0.0,0.1,-0.14392265193370166,0.014392265193370167,0.5,0.5159960729549797,0.015996072954979734,1.5996072954979734,0.16625,0.1550632911392405,improvement
0.75,0.5,8.0,0.23750000000000002,0.0,0.1,-0.14364640883977903,0.014364640883977903,0.5,0.5161444027453059,0.01614440274530593,1.614440274530593,0.16625,0.15625,improvement
0.75,0.5,8.1,0.23750000000000002,0.0,0.1,-0.14337016574585637,0.014337016574585637,0.5,0.5162920336380947,0.016292033638094727,1.6292033638094727,0.16625,0.15740740740740738,improvement
0.75,0.5,8.2,0.23750000000000002,0.0,0.1,-0.14309392265193374,0.014309392265193375,0.5,0.5164389656678405,0.016438965667840533,1.6438965667840533,0.16625,0.15853658536585363,improvement
0.75,0.5,8.3,0.23750000000000002,0.0,0.1,-0.14281767955801106,0.014281767955801106,0.5,0.5165851988713994,0.01658519887139942,1.658519887139942,0.16625,0.15963855421686748,improvement
0.75,0.5,8.4,0.23750000000000002,0.0,0.1,-0.14254143646408843,0.014254143646408843,0.5,0.5167307332879536,0.016730733287953603,1.6730733287953603,0.16625,0.1607142857142857,improvement
0.75,0.5,8.5,0.23750000000000002,0.0,0.1,-0.14226519337016577,0.014226519337016578,0.5,0.5168755689589768,0.016875568958976794,1.6875568958976794,0.16625,0.16176470588235292,improvement
0.75,0.5,8.6,0.23750000000000002,0.0,0.1,-0.14198895027624311,0.014198895027624312,0.5,0.5170197059281993,0.017019705928199347,1.7019705928199347,0.16625,0.16279069767441862,improvement
0.75,0.5,8.7,0.23750000000000002,0.0,0.1,-0.14171270718232046,0.014171270718232046,0.5,0.5171631442415734,0.01716314424157339,1.7163144241573391,0.16625,0.16379310344827586,improvement
0.75,0.5,8.8,0.23750000000000002,0.0,0.1,-0.1414364640883978,0.01414364640883978,0.5,0.5173058839472383,0.01730588394723831,1.730588394723831,0.16625,0.1647727272727273,improvement
0.75,0.5,8.9,0.23750000000000002,0.0,0.1,-0.14116022099447517,0.014116022099447519,0.5,0.5174479250954865,0.01744792509548654,1.7447925095486538,0.16625,0.1657303370786517,improvement
0.75,0.5,9.0,0.23750000000000002,0.0,0.1,-0.14088397790055252,0.014088397790055253,0.5,0.5175892677387293,0.017589267738729264,1.7589267738729264,0.16625,0.16666666666666669,improvement
0.75,0.5,9.1,0.23750000000000002,0.0,0.1,-0.14060773480662986,0.014060773480662987,0.5,0.5177299119314627,0.017729911931462672,1.7729911931462672,0.16625,0.1675824175824176,improvement
0.75,0.5,9.2,0.23750000000000002,0.0,0.1,-0.1403314917127072,0.014033149171270722,0.5,0.5178698577302336,0.01786985773023364,1.786985773023364,0.16625,0.16847826086956522,improvement
0.75,0.5,9.3,0.23750000000000002,0.0,0.1,-0.14005524861878454,0.014005524861878456,0.5,0.5180091051936064,0.018009105193606434,1.8009105193606434,0.16625,0.16935483870967744,improvement
0.75,0.5,9.4,0.23750000000000002,0.0,0.1,-0.13977900552486192,0.013977900552486192,0.5,0.5181476543821288,0.01814765438212884,1.8147654382128842,0.16625,0.17021276595744683,improvement
0.75,0.5,9.5,0.23750000000000002,0.0,0.1,-0.13950276243093926,0.013950276243093926,0.5,0.5182855053582995,0.018285505358299536,1.8285505358299536,0.16625,0.17105263157894737,improvement
0.75,0.5,9.6,0.23750000000000002,0.0,0.1,-0.1392265193370166,0.01392265193370166,0.5,0.5184226581865337,0.018422658186533658,1.8422658186533658,0.16625,0.171875,improvement
0.75,0.5,9.7,0.23750000000000002,0.0,0.1,-0.13895027624309395,0.013895027624309395,0.5,0.5185591129331313,0.018559112933131283,1.8559112933131283,0.16625,0.17268041237113402,improvement
0.75,0.5,9.8,0.23750000000000002,0.0,0.1,-0.1386740331491713,0.01386740331491713,0.5,0.518694869666243,0.018694869666243008,1.8694869666243008,0.16625,0.17346938775510207,improvement
0.75,0.5,9.9,0.23750000000000002,0.0,0.1,-0.13839779005524866,0.013839779005524867,0.5,0.5188299284558391,0.018829928455839084,1.8829928455839084,0.16625,0.17424242424242425,improvement
0.75,0.5,10.0,0.23750000000000002,0.0,0.1,-0.138121546961326,0.013812154696132601,0.5,0.5189642893736748,0.01896428937367478,1.896428937367478,0.16625,0.175,improvement
0.75,0.5,10.100000000000001,0.23750000000000002,0.0,0.1,-0.13784530386740335,0.013784530386740336,0.5,0.51909795249326,0.019097952493259962,1.9097952493259962,0.16625,0.17574257425742576,improvement
0.75,0.5,10.2,0.23750000000000002,0.0,0.1,-0.1375690607734807,0.01375690607734807,0.5,0.5192309178898259,0.019230917889825894,1.9230917889825894,0.16625,0.1764705882352941,improvement
0.75,0.5,10.3,0.23750000000000002,0.0,0.1,-0.13729281767955803,0.013729281767955804,0.5,0.5193631856402932,0.019363185640293157,1.9363185640293157,0.16625,0.17718446601941748,improvement
0.75,0.5,10.4,0.23750000000000002,0.0,0.1,-0.13701657458563538,0.013701657458563539,0.5,0.5194947558232406,0.01949475582324056,1.9494755823240562,0.16625,0.1778846153846154,improvement
0.75,0.5,10.5,0.23750000000000002,0.0,0.1,-0.13674033149171272,0.013674033149171273,0.5,0.5196256285188725,0.019625628518872507,1.9625628518872507,0.16625,0.17857142857142858,improvement
0.75,0.5,10.600000000000001,0.23750000000000002,0.0,0.1,-0.1364640883977901,0.013646408839779009,0.5,0.5197558038089884,0.019755803808988448,1.9755803808988448,0.16625,0.17924528301886794,improvement
0.75,0.5,10.7,0.23750000000000002,0.0,0.1,-0.13618784530386743,0.013618784530386743,0.5,0.5198852817769508,0.019885281776950814,1.9885281776950814,0.16625,0.17990654205607476,improvement
0.75,0.5,10.8,0.23750000000000002,0.0,0.1,-0.13591160220994478,0.013591160220994478,0.5,0.5200140625076541,0.02001406250765414,2.001406250765414,0.16625,0.18055555555555558,improvement
0.75,0.5,10.9,0.23750000000000002,0.0,0.1,-0.13563535911602215,0.013563535911602215,0.5,0.5201421460874942,0.020142146087494206,2.0142146087494206,0.16625,0.1811926605504587,improvement
0.75,0.5,11.0,0.23750000000000002,0.0,0.1,-0.13535911602209946,0.013535911602209946,0.5,0.5202695326043367,0.020269532604336726,2.0269532604336726,0.16625,0.18181818181818182,improvement
0.75,0.5,11.100000000000001,0.23750000000000002,0.0,0.1,-0.13508287292817683,0.013508287292817684,0.5,0.5203962221474876,0.020396222147487597,2.0396222147487597,0.16625,0.18243243243243246,improvement
0.75,0.5,11.2,0.23750000000000002,0.0,0.1,-0.13480662983425418,0.013480662983425418,0.5,0.5205222148076616,0.020522214807661587,2.0522214807661587,0.16625,0.1830357142857143,improvement
0.75,0.5,11.3,0.23750000000000002,0.0,0.1,-0.13453038674033152,0.013453038674033153,0.5,0.5206475106769519,0.02064751067695192,2.064751067695192,0.16625,0.1836283185840708,improvement
0.75,0.5,11.4,0.23750000000000002,0.0,0.1,-0.13425414364640886,0.013425414364640887,0.5,0.5207721098488012,0.02077210984880118,2.077210984880118,0.16625,0.1842105263157895,improvement
0.75,0.5,11.5,0.23750000000000002,0.0,0.1,-0.1339779005524862,0.013397790055248621,0.5,0.5208960124179702,0.020896012417970233,2.0896012417970233,0.16625,0.18478260869565216,improvement
0.75,0.5,11.600000000000001,0.23750000000000002,0.0,0.1,-0.13370165745856358,0.01337016574585636,0.5,0.5210192184805088,0.021019218480508806,2.1019218480508806,0.16625,0.1853448275862069,improvement
0.75,0.5,11.7,0.23750000000000002,0.0,0.1,-0.13342541436464092,0.013342541436464093,0.5,0.5211417281337263,0.02114172813372628,2.114172813372628,0.16625,0.1858974358974359,improvement
0.75,0.5,11.8,0.23750000000000002,0.0,0.1,-0.13314917127071826,0.013314917127071828,0.5,0.5212635414761615,0.021263541476161496,2.1263541476161496,0.16625,0.1864406779661017,improvement
0.75,0.5,11.9,0.23750000000000002,0.0,0.1,-0.1328729281767956,0.013287292817679562,0.5,0.5213846586075541,0.02138465860755412,2.138465860755412,0.16625,0.1869747899159664,improvement
0.75,0.5,12.0,0.23750000000000002,0.0,0.1,-0.13259668508287295,0.013259668508287296,0.5,0.521505079628815,0.021505079628814983,2.1505079628814983,0.16625,0.1875,improvement
0.75,0.5,12.100000000000001,0.23750000000000002,0.0,0.1,-0.1323204419889503,0.01323204419889503,0.5,0.5216248046419976,0.021624804641997564,2.1624804641997564,0.16625,0.18801652892561985,improvement
0.75,0.5,12.2,0.23750000000000002,0.0,0.1,-0.13204419889502766,0.013204419889502767,0.5,0.5217438337502691,0.021743833750269115,2.1743833750269115,0.16625,0.1885245901639344,improvement
0.75,0.5,12.3,0.23750000000000002,0.0,0.1,-0.131767955801105,0.013176795580110501,0.5,0.5218621670578816,0.021862167057881576,2.1862167057881576,0.16625,0.18902439024390244,improvement
0.75,0.5,12.4,0.23750000000000002,0.0,0.1,-0.13149171270718235,0.013149171270718235,0.5,0.5219798046701442,0.021979804670144154,2.1979804670144154,0.16625,0.18951612903225806,improvement
0.75,0.5,12.5,0.23750000000000002,0.0,0.1,-0.1312154696132597,0.01312154696132597,0.5,0.5220967466933939,0.0220967466933939,2.20967466933939,0.16625,0.19,improvement
0.75,0.5,12.600000000000001,0.23750000000000002,0.0,0.1,-0.13093922651933707,0.013093922651933708,0.5,0.5222129932349683,0.02221299323496828,2.221299323496828,0.16625,0.19047619047619047,improvement
0.75,0.5,12.7,0.23750000000000002,0.0,0.1,-0.1306629834254144,0.013066298342541442,0.5,0.5223285444031774,0.02232854440317744,2.232854440317744,0.16625,0.19094488188976377,improvement
0.75,0.5,12.8,0.23750000000000002,0.0,0.1,-0.13038674033149175,0.013038674033149176,0.5,0.522443400307276,0.022443400307275985,2.2443400307275985,0.16625,0.19140625,improvement
0.75,0.5,12.9,0.23750000000000002,0.0,0.1,-0.1301104972375691,0.01301104972375691,0.5,0.5225575610574353,0.022557561057435338,2.255756105743534,0.16625,0.19186046511627908,improvement
0.75,0.5,13.0,0.23750000000000002,0.0,0.1,-0.12983425414364647,0.012983425414364647,0.5,0.522671026764717,0.022671026764716995,2.2671026764716995,0.16625,0.1923076923076923,improvement
0.75,0.5,13.100000000000001,0.23750000000000002,0.0,0.1,-0.12955801104972378,0.01295580110497238,0.5,0.5227837975410445,0.022783797541044537,2.2783797541044537,0.16625,0.19274809160305345,improvement
0.75,0.5,13.2,0.23750000000000002,0.0,0.1,-0.12928176795580112,0.012928176795580113,0.5,0.5228958734991771,0.0228958734991771,2.28958734991771,0.16625,0.19318181818181818,improvement
0.75,0.5,13.3,0.23750000000000002,0.0,0.1,-0.1290055248618785,0.01290055248618785,0.5,0.5230072547526821,0.02300725475268206,2.300725475268206,0.16625,0.19360902255639098,improvement
0.75,0.5,13.4,0.23750000000000002,0.0,0.1,-0.12872928176795584,0.012872928176795584,0.5,0.5231179414159086,0.023117941415908616,2.3117941415908616,0.16625,0.19402985074626866,improvement
0.75,0.5,13.5,0.23750000000000002,0.0,0.1,-0.1284530386740332,0.012845303867403322,0.5,0.5232279336039611,0.023227933603961137,2.3227933603961137,0.16625,0.19444444444444445,improvement
0.75,0.5,13.600000000000001,0.23750000000000002,0.0,0.1,-0.12817679558011053,0.012817679558011053,0.5,0.523337231432673,0.023337231432672967,2.3337231432672967,0.16625,0.1948529411764706,improvement
0.75,0.5,13.7,0.23750000000000002,0.0,0.1,-0.12790055248618787,0.012790055248618787,0.5,0.5234458350185798,0.023445835018579775,2.3445835018579775,0.16625,0.19525547445255476,improvement
0.75,0.5,13.8,0.23750000000000002,0.0,0.1,-0.12762430939226524,0.012762430939226525,0.5,0.5235537444788938,0.0235537444788938,2.35537444788938,0.16625,0.1956521739130435,improvement
0.75,0.5,13.9,0.23750000000000002,0.0,0.1,-0.12734806629834258,0.012734806629834259,0.5,0.5236609599314781,0.0236609599314781,2.36609599314781,0.16625,0.1960431654676259,improvement
0.75,0.5,14.0,0.23750000000000002,0.0,0.1,-0.12707182320441993,0.012707182320441993,0.5,0.5237674814948206,0.023767481494820553,2.3767481494820553,0.16625,0.19642857142857142,improvement
0.75,0.5,6.0,0.24000000000000002,0.0,0.1,-0.1526548672566372,0.015265486725663722,0.5,0.5133492664023254,0.013349266402325366,1.3349266402325366,0.168,0.125,improvement
0.75,0.5,6.1,0.24000000000000002,0.0,0.1,-0.15243362831858412,0.015243362831858412,0.5,0.5135200803195419,0.013520080319541883,1.3520080319541883,0.168,0.12704918032786883,improvement
0.75,0.5,6.2,0.24000000000000002,0.0,0.1,-0.15221238938053103,0.015221238938053104,0.5,0.5136903311468201,0.013690331146820056,1.3690331146820056,0.168,0.12903225806451613,improvement
0.75,0.5,6.3,0.24000000000000002,0.0,0.1,-0.15199115044247793,0.015199115044247794,0.5,0.5138600188262856,0.013860018826285625,1.3860018826285625,0.168,0.13095238095238093,improvement
0.75,0.5,6.4,0.24000000000000002,0.0,0.1,-0.15176991150442484,0.015176991150442486,0.5,0.5140291433029165,0.014029143302916491,1.4029143302916491,0.168,0.1328125,improvement
0.75,0.5,6.5,0.24000000000000002,0.0,0.1,-0.15154867256637172,0.015154867256637172,0.5,0.5141977045245163,0.014197704524516297,1.4197704524516297,0.168,0.1346153846153846,improvement
0.75,0.5,6.6,0.24000000000000002,0.0,0.1,-0.15132743362831863,0.015132743362831864,0.5,0.5143657024416899,0.014365702441689887,1.4365702441689887,0.168,0.13636363636363635,improvement
0.75,0.5,6.7,0.24000000000000002,0.0,0.1,-0.15110619469026554,0.015110619469026554,0.5,0.5145331370078161,0.01453313700781611,1.453313700781611,0.168,0.13805970149253732,improvement
0.75,0.5,6.8,0.24000000000000002,0.0,0.1,-0.15088495575221245,0.015088495575221246,0.5,0.5147000081790232,0.014700008179023172,1.4700008179023172,0.168,0.13970588235294118,improvement
0.75,0.5,6.9,0.24000000000000002,0.0,0.1,-0.15066371681415935,0.015066371681415936,0.5,0.5148663159141621,0.014866315914162098,1.4866315914162098,0.168,0.14130434782608697,improvement
0.75,0.5,7.0,0.24000000000000002,0.0,0.1,-0.15044247787610623,0.015044247787610624,0.5,0.5150320601747822,0.015032060174782202,1.5032060174782202,0.168,0.14285714285714285,improvement
0.75,0.5,7.1,0.24000000000000002,0.0,0.1,-0.15022123893805314,0.015022123893805315,0.5,0.5151972409251049,0.015197240925104882,1.5197240925104882,0.168,0.14436619718309857,improvement
0.75,0.5,7.2,0.24000000000000002,0.0,0.1,-0.15000000000000005,0.015000000000000006,0.5,0.5153618581319983,0.015361858131998307,1.5361858131998307,0.168,0.14583333333333334,improvement
0.75,0.5,7.3,0.24000000000000002,0.0,0.1,-0.14977876106194696,0.014977876106194696,0.5,0.515525911764952,0.015525911764951994,1.5525911764951994,0.168,0.14726027397260272,improvement
0.75,0.5,7.4,0.24000000000000002,0.0,0.1,-0.14955752212389387,0.014955752212389387,0.5,0.5156894017960523,0.01568940179605227,1.5689401796052271,0.168,0.14864864864864866,improvement
0.75,0.5,7.5,0.24000000000000002,0.0,0.1,-0.14933628318584075,0.014933628318584075,0.5,0.5158523281999561,0.01585232819995608,1.5852328199956078,0.168,0.15,improvement
0.75,0.5,7.6,0.24000000000000002,0.0,0.1,-0.14911504424778765,0.014911504424778767,0.5,0.5160146909538667,0.01601469095386665,1.601469095386665,0.168,0.1513157894736842,improvement
0.75,0.5,7.7,0.24000000000000002,0.0,0.1,-0.14889380530973456,0.014889380530973457,0.5,0.5161764900375079,0.016176490037507874,1.6176490037507874,0.168,0.1525974025974026,improvement
0.75,0.5,7.8,0.24000000000000002,0.0,0.1,-0.14867256637168147,0.014867256637168147,0.5,0.5163377254330996,0.016337725433099637,1.6337725433099637,0.168,0.15384615384615385,improvement
0.75,0.5,7.9,0.24000000000000002,0.0,0.1,-0.14845132743362838,0.014845132743362839,0.5,0.5164983971253332,0.016498397125333186,1.6498397125333186,0.168,0.1550632911392405,improvement
0.75,0.5,8.0,0.24000000000000002,0.0,0.1,-0.14823008849557526,0.014823008849557527,0.5,0.5166585051013461,0.016658505101346144,1.6658505101346144,0.168,0.15625,improvement
0.75,0.5,8.1,0.24000000000000002,0.0,0.1,-0.14800884955752217,0.014800884955752217,0.5,0.5168180493506973,0.016818049350697306,1.6818049350697306,0.168,0.15740740740740738,improvement
0.75,0.5,8.2,0.24000000000000002,0.0,0.1,-0.14778761061946907,0.014778761061946907,0.5,0.5169770298653424,0.01697702986534244,1.6977029865342441,0.168,0.15853658536585363,improvement
0.75,0.5,8.3,0.24000000000000002,0.0,0.1,-0.14756637168141598,0.0147566371681416,0.5,0.51713544663961,0.017135446639609975,1.7135446639609975,0.168,0.15963855421686748,improvement
0.75,0.5,8.4,0.24000000000000002,0.0,0.1,-0.1473451327433629,0.01473451327433629,0.5,0.5172932996701761,0.01729329967017612,1.729329967017612,0.168,0.1607142857142857,improvement
0.75,0.5,8.5,0.24000000000000002,0.0,0.1,-0.14712389380530977,0.014712389380530978,0.5,0.5174505889560405,0.017450588956040458,1.7450588956040458,0.168,0.16176470588235292,improvement
0.75,0.5,8.6,0.24000000000000002,0.0,0.1,-0.14690265486725668,0.014690265486725668,0.5,0.5176073144985016,0.017607314498501614,1.7607314498501614,0.168,0.16279069767441862,improvement
0.75,0.5,8.7,0.24000000000000002,0.0,0.1,-0.14668141592920358,0.01466814159292036,0.5,0.5177634763011335,0.017763476301133507,1.7763476301133507,0.168,0.16379310344827586,improvement
0.75,0.5,8.8,0.24000000000000002,0.0,0.1,-0.1464601769911505,0.01464601769911505,0.5,0.5179190743697601,0.017919074369760146,1.7919074369760146,0.168,0.1647727272727273,improvement
0.75,0.5,8.9,0.24000000000000002,0.0,0.1,-0.1462389380530974,0.014623893805309741,0.5,0.5180741087124325,0.018074108712432535,1.8074108712432535,0.168,0.1657303370786517,improvement
0.75,0.5,9.0,0.24000000000000002,0.0,0.1,-0.14601769911504428,0.014601769911504428,0.5,0.5182285793394044,0.01822857933940436,1.822857933940436,0.168,0.16666666666666669,improvement
0.75,0.5,9.1,0.24000000000000002,0.0,0.1,-0.1457964601769912,0.01457964601769912,0.5,0.5183824862631077,0.018382486263107678,1.8382486263107678,0.168,0.1675824175824176,improvement
0.75,0.5,9.2,0.24000000000000002,0.0,0.1,-0.1455752212389381,0.01455752212389381,0.5,0.5185358294981297,0.018535829498129708,1.8535829498129708,0.168,0.16847826086956522,improvement
0.75,0.5,9.3,0.24000000000000002,0.0,0.1,-0.145353982300885,0.014535398230088502,0.5,0.5186886090611884,0.01868860906118841,1.868860906118841,0.168,0.16935483870967744,improvement
0.75,0.5,9.4,0.24000000000000002,0.0,0.1,-0.1451327433628319,0.014513274336283192,0.5,0.5188408249711094,0.018840824971109393,1.8840824971109393,0.168,0.17021276595744683,improvement
0.75,0.5,9.5,0.24000000000000002,0.0,0.1,-0.1449115044247788,0.01449115044247788,0.5,0.5189924772488018,0.01899247724880182,1.899247724880182,0.168,0.17105263157894737,improvement
0.75,0.5,9.6,0.24000000000000002,0.0,0.1,-0.1446902654867257,0.01446902654867257,0.5,0.5191435659172354,0.019143565917235428,1.9143565917235428,0.168,0.171875,improvement
0.75,0.5,9.7,0.24000000000000002,0.0,0.1,-0.14446902654867264,0.014446902654867264,0.5,0.5192940910014167,0.019294091001416658,1.9294091001416658,0.168,0.17268041237113402,improvement
0.75,0.5,9.8,0.24000000000000002,0.0,0.1,-0.14424778761061952,0.014424778761061952,0.5,0.5194440525283652,0.01944405252836523,1.944405252836523,0.168,0.17346938775510207,improvement
0.75,0.5,9.9,0.24000000000000002,0.0,0.1,-0.14402654867256645,0.014402654867256646,0.5,0.5195934505270913,0.019593450527091272,1.9593450527091272,0.168,0.17424242424242425,improvement
0.75,0.5,10.0,0.24000000000000002,0.0,0.1,-0.1438053097345133,0.01438053097345133,0.5,0.519742285028572,0.019742285028572004,1.9742285028572004,0.168,0.175,improvement
0.75,0.5,10.100000000000001,0.24000000000000002,0.0,0.1,-0.1435840707964602,0.014358407079646023,0.5,0.5198905560657286,0.01989055606572865,1.9890556065728648,0.168,0.17574257425742576,improvement
0.75,0.5,10.2,0.24000000000000002,0.0,0.1,-0.14336283185840715,0.014336283185840716,0.5,0.5200382636734031,0.02003826367340311,2.003826367340311,0.168,0.1764705882352941,improvement
0.75,0.5,10.3,0.24000000000000002,0.0,0.1,-0.14314159292035405,0.014314159292035406,0.5,0.5201854078883354,0.02018540788833545,2.018540788833545,0.168,0.17718446601941748,improvement
0.75,0.5,10.4,0.24000000000000002,0.0,0.1,-0.14292035398230096,0.014292035398230096,0.5,0.5203319887491409,0.020331988749140883,2.0331988749140883,0.168,0.1778846153846154,improvement
0.75,0.5,10.5,0.24000000000000002,0.0,0.1,-0.14269911504424784,0.014269911504424785,0.5,0.520478006296287,0.020478006296287043,2.0478006296287043,0.168,0.17857142857142858,improvement
0.75,0.5,10.600000000000001,0.24000000000000002,0.0,0.1,-0.14247787610619472,0.014247787610619473,0.5,0.5206234605720714,0.020623460572071428,2.062346057207143,0.168,0.17924528301886794,improvement
0.75,0.5,10.7,0.24000000000000002,0.0,0.1,-0.14225663716814166,0.014225663716814167,0.5,0.5207683516205984,0.020768351620598424,2.0768351620598424,0.168,0.17990654205607476,improvement
0.75,0.5,10.8,0.24000000000000002,0.0,0.1,-0.14203539823008857,0.014203539823008857,0.5,0.5209126794877572,0.020912679487757213,2.0912679487757213,0.168,0.18055555555555558,improvement
0.75,0.5,10.9,0.24000000000000002,0.0,0.1,-0.14181415929203547,0.014181415929203548,0.5,0.5210564442211993,0.021056444221199344,2.1056444221199344,0.168,0.1811926605504587,improvement
0.75,0.5,11.0,0.24000000000000002,0.0,0.1,-0.14159292035398235,0.014159292035398237,0.5,0.5211996458703161,0.021199645870316086,2.1199645870316086,0.168,0.18181818181818182,improvement
0.75,0.5,11.100000000000001,0.24000000000000002,0.0,0.1,-0.14137168141592926,0.014137168141592927,0.5,0.5213422844862166,0.021342284486216556,2.1342284486216556,0.168,0.18243243243243246,improvement
0.75,0.5,11.2,0.24000000000000002,0.0,0.1,-0.14115044247787617,0.014115044247787617,0.5,0.5214843601217052,0.02148436012170518,2.148436012170518,0.168,0.1830357142857143,improvement
0.75,0.5,11.3,0.24000000000000002,0.0,0.1,-0.14092920353982308,0.014092920353982309,0.5,0.5216258728312602,0.021625872831260162,2.1625872831260162,0.168,0.1836283185840708,improvement
0.75,0.5,11.4,0.24000000000000002,0.0,0.1,-0.14070796460176999,0.014070796460176999,0.5,0.5217668226710108,0.02176682267101082,2.176682267101082,0.168,0.1842105263157895,improvement
0.75,0.5,11.5,0.24000000000000002,0.0,0.1,-0.14048672566371687,0.014048672566371687,0.5,0.5219072096987167,0.021907209698716734,2.1907209698716734,0.168,0.18478260869565216,improvement
0.75,0.5,11.600000000000001,0.24000000000000002,0.0,0.1,-0.14026548672566377,0.014026548672566377,0.5,0.5220470339737444,0.022047033973744412,2.204703397374441,0.168,0.1853448275862069,improvement
0.75,0.5,11.7,0.24000000000000002,0.0,0.1,-0.14004424778761068,0.01400442477876107,0.5,0.5221862955570471,0.022186295557047098,2.2186295557047098,0.168,0.1858974358974359,improvement
0.75,0.5,11.8,0.24000000000000002,0.0,0.1,-0.1398230088495576,0.01398230088495576,0.5,0.5223249945111424,0.02232499451114245,2.232499451114245,0.168,0.1864406779661017,improvement
0.75,0.5,11.9,0.24000000000000002,0.0,0.1,-0.1396017699115045,0.013960176991150451,0.5,0.5224631309000907,0.022463130900090666,2.2463130900090666,0.168,0.1869747899159664,improvement
0.75,0.5,12.0,0.24000000000000002,0.0,0.1,-0.13938053097345138,0.013938053097345138,0.5,0.522600704789474,0.022600704789473958,2.2600704789473958,0.168,0.1875,improvement
0.75,0.5,12.100000000000001,0.24000000000000002,0.0,0.1,-0.13915929203539829,0.01391592920353983,0.5,0.5227377162463742,0.022737716246374218,2.2737716246374218,0.168,0.18801652892561985,improvement
0.75,0.5,12.2,0.24000000000000002,0.0,0.1,-0.1389380530973452,0.01389380530973452,0.5,0.5228741653393525,0.022874165339352492,2.2874165339352492,0.168,0.1885245901639344,improvement
0.75,0.5,12.3,0.24000000000000002,0.0,0.1,-0.1387168141592921,0.013871681415929212,0.5,0.5230100521384273,0.023010052138427328,2.301005213842733,0.168,0.18902439024390244,improvement
0.75,0.5,12.4,0.24000000000000002,0.0,0.1,-0.138495575221239,0.013849557522123902,0.5,0.523145376715054,0.02314537671505401,2.314537671505401,0.168,0.18951612903225806,improvement
0.75,0.5,12.5,0.24000000000000002,0.0,0.1,-0.1382743362831859,0.01382743362831859,0.5,0.5232801391421036,0.023280139142103584,2.3280139142103584,0.168,0.19,improvement
0.75,0.5,12.600000000000001,0.24000000000000002,0.0,0.1,-0.1380530973451328,0.01380530973451328,0.5,0.5234143394938412,0.023414339493841196,2.3414339493841196,0.168,0.19047619047619047,improvement
0.75,0.5,12.7,0.24000000000000002,0.0,0.1,-0.1378318584070797,0.013783185840707972,0.5,0.5235479778459065,0.023547977845906454,2.3547977845906454,0.168,0.19094488188976377,improvement
0.75,0.5,12.8,0.24000000000000002,0.0,0.1,-0.1376106194690266,0.013761061946902662,0.5,0.5236810542752917,0.023681054275291658,2.3681054275291658,0.168,0.19140625,improvement
0.75,0.5,12.9,0.24000000000000002,0.0,0.1,-0.13738938053097352,0.013738938053097352,0.5,0.523813568860322,0.023813568860322043,2.3813568860322043,0.168,0.19186046511627908,improvement
0.75,0.5,13.0,0.24000000000000002,0.0,0.1,-0.13716814159292043,0.013716814159292044,0.5,0.5239455216806344,0.023945521680634352,2.394552168063435,0.168,0.1923076923076923,improvement
0.75,0.5,13.100000000000001,0.24000000000000002,0.0,0.1,-0.1369469026548673,0.013694690265486732,0.5,0.524076912817157,0.02407691281715696,2.407691281715696,0.168,0.19274809160305345,improvement
0.75,0.5,13.2,0.24000000000000002,0.0,0.1,-0.13672566371681422,0.013672566371681422,0.5,0.5242077423520892,0.024207742352089223,2.4207742352089223,0.168,0.19318181818181818,improvement
0.75,0.5,13.3,0.24000000000000002,0.0,0.1,-0.13650442477876112,0.013650442477876112,0.5,0.524338010368882,0.024338010368881946,2.4338010368881946,0.168,0.19360902255639098,improvement
0.75,0.5,13.4,0.24000000000000002,0.0,0.1,-0.13628318584070803,0.013628318584070804,0.5,0.5244677169522156,0.024467716952215612,2.4467716952215612,0.168,0.19402985074626866,improvement
0.75,0.5,13.5,0.24000000000000002,0.0,0.1,-0.13606194690265494,0.013606194690265494,0.5,0.524596862187982,0.02459686218798196,2.459686218798196,0.168,0.19444444444444445,improvement
0.75,0.5,13.600000000000001,0.24000000000000002,0.0,0.1,-0.13584070796460182,0.013584070796460183,0.5,0.5247254461632629,0.024725446163262887,2.4725446163262887,0.168,0.1948529411764706,improvement
0.75,0.5,13.7,0.24000000000000002,0.0,0.1,-0.13561946902654873,0.013561946902654873,0.5,0.5248534689663109,0.02485346896631091,2.485346896631091,0.168,0.19525547445255476,improvement
0.75,0.5,13.8,0.24000000000000002,0.0,0.1,-0.13539823008849566,0.013539823008849566,0.5,0.5249809306865295,0.024980930686529512,2.498093068652951,0.168,0.1956521739130435,improvement
0.75,0.5,13.9,0.24000000000000002,0.0,0.1,-0.13517699115044254,0.013517699115044255,0.5,0.525107831414453,0.025107831414453052,2.5107831414453052,0.168,0.1960431654676259,improvement
0.75,0.5,14.0,0.24000000000000002,0.0,0.1,-0.13495575221238945,0.013495575221238947,0.5,0.5252341712417272,0.02523417124172722,2.523417124172722,0.168,0.19642857142857142,improvement
0.75,0.5,6.0,0.24250000000000002,0.0,0.1,-0.15614617940199338,0.01561461794019934,0.5,0.5136541925822735,0.013654192582273517,1.3654192582273517,0.16975,0.125,improvement
0.75,0.5,6.1,0.24250000000000002,0.0,0.1,-0.15598006644518278,0.015598006644518278,0.5,0.513834226732671,0.013834226732670984,1.3834226732670984,0.16975,0.12704918032786883,improvement
0.75,0.5,6.2,0.24250000000000002,0.0,0.1,-0.15581395348837213,0.015581395348837214,0.5,0.5140138339276489,0.014013833927648878,1.4013833927648878,0.16975,0.12903225806451613,improvement
0.75,0.5,6.3,0.24250000000000002,0.0,0.1,-0.1556478405315615,0.015564784053156151,0.5,0.5141930140624797,0.014193014062479747,1.4193014062479747,0.16975,0.13095238095238093,improvement
0.75,0.5,6.4,0.24250000000000002,0.0,0.1,-0.15548172757475087,0.015548172757475089,0.5,0.5143717670349043,0.014371767034904281,1.4371767034904281,0.16975,0.1328125,improvement
0.75,0.5,6.5,0.24250000000000002,0.0,0.1,-0.15531561461794025,0.015531561461794026,0.5,0.5145500927451154,0.014550092745115428,1.4550092745115428,0.16975,0.1346153846153846,improvement
0.75,0.5,6.6,0.24250000000000002,0.0,0.1,-0.15514950166112962,0.015514950166112963,0.5,0.5147279910957437,0.014727991095743742,1.4727991095743742,0.16975,0.13636363636363635,improvement
0.75,0.5,6.7,0.24250000000000002,0.0,0.1,-0.15498338870431896,0.015498338870431897,0.5,0.514905461991842,0.01490546199184195,1.490546199184195,0.16975,0.13805970149253732,improvement
0.75,0.5,6.8,0.24250000000000002,0.0,0.1,-0.15481727574750836,0.015481727574750838,0.5,0.5150825053408691,0.015082505340869079,1.508250534086908,0.16975,0.13970588235294118,improvement
0.75,0.5,6.9,0.24250000000000002,0.0,0.1,-0.1546511627906977,0.015465116279069772,0.5,0.5152591210526762,0.015259121052676239,1.5259121052676239,0.16975,0.14130434782608697,improvement
0.75,0.5,7.0,0.24250000000000002,0.0,0.1,-0.15448504983388708,0.015448504983388709,0.5,0.5154353090394901,0.015435309039490086,1.5435309039490086,0.16975,0.14285714285714285,improvement
0.75,0.5,7.1,0.24250000000000002,0.0,0.1,-0.15431893687707646,0.015431893687707646,0.5,0.5156110692158988,0.015611069215898832,1.5611069215898832,0.16975,0.14436619718309857,improvement
0.75,0.5,7.2,0.24250000000000002,0.0,0.1,-0.15415282392026583,0.015415282392026584,0.5,0.5157864014988365,0.015786401498836478,1.5786401498836478,0.16975,0.14583333333333334,improvement
0.75,0.5,7.3,0.24250000000000002,0.0,0.1,-0.1539867109634552,0.015398671096345521,0.5,0.5159613058075676,0.015961305807567605,1.5961305807567605,0.16975,0.14726027397260272,improvement
0.75,0.5,7.4,0.24250000000000002,0.0,0.1,-0.15382059800664455,0.015382059800664455,0.5,0.5161357820636723,0.016135782063672277,1.6135782063672277,0.16975,0.14864864864864866,improvement
0.75,0.5,7.5,0.24250000000000002,0.0,0.1,-0.15365448504983395,0.015365448504983396,0.5,0.5163098301910312,0.01630983019103116,1.630983019103116,0.16975,0.15,improvement
0.75,0.5,7.6,0.24250000000000002,0.0,0.1,-0.1534883720930233,0.01534883720930233,0.5,0.51648345011581,0.016483450115809983,1.6483450115809983,0.16975,0.1513157894736842,improvement
0.75,0.5,7.7,0.24250000000000002,0.0,0.1,-0.15332225913621267,0.015332225913621267,0.5,0.5166566417664445,0.016656641766444547,1.6656641766444547,0.16975,0.1525974025974026,improvement
0.75,0.5,7.8,0.24250000000000002,0.0,0.1,-0.15315614617940204,0.015315614617940204,0.5,0.5168294050736264,0.016829405073626402,1.6829405073626402,0.16975,0.15384615384615385,improvement
0.75,0.5,7.9,0.24250000000000002,0.0,0.1,-0.15299003322259142,0.015299003322259142,0.5,0.5170017399702866,0.017001739970286645,1.7001739970286645,0.16975,0.1550632911392405,improvement
0.75,0.5,8.0,0.24250000000000002,0.0,0.1,-0.1528239202657808,0.015282392026578079,0.5,0.5171736463915817,0.0171736463915817,1.7173646391581698,0.16975,0.15625,improvement
0.75,0.5,8.1,0.24250000000000002,0.0,0.1,-0.15265780730897013,0.015265780730897014,0.5,0.5173451242748781,0.01734512427487811,1.734512427487811,0.16975,0.15740740740740738,improvement
0.75,0.5,8.2,0.24250000000000002,0.0,0.1,-0.15249169435215953,0.015249169435215953,0.5,0.5175161735597376,0.017516173559737558,1.7516173559737558,0.16975,0.15853658536585363,improvement
0.75,0.5,8.3,0.24250000000000002,0.0,0.1,-0.15232558139534888,0.015232558139534889,0.5,0.517686794187902,0.017686794187901977,1.7686794187901977,0.16975,0.15963855421686748,improvement
0.75,0.5,8.4,0.24250000000000002,0.0,0.1,-0.15215946843853825,0.015215946843853826,0.5,0.5178569861032787,0.017856986103278683,1.7856986103278683,0.16975,0.1607142857142857,improvement
0.75,0.5,8.5,0.24250000000000002,0.0,0.1,-0.15199335548172763,0.015199335548172764,0.5,0.5180267492519253,0.018026749251925267,1.8026749251925267,0.16975,0.16176470588235292,improvement
0.75,0.5,8.6,0.24250000000000002,0.0,0.1,-0.151827242524917,0.015182724252491701,0.5,0.518196083582035,0.01819608358203495,1.819608358203495,0.16975,0.16279069767441862,improvement
0.75,0.5,8.7,0.24250000000000002,0.0,0.1,-0.15166112956810637,0.015166112956810638,0.5,0.5183649890439218,0.01836498904392181,1.8364989043921809,0.16975,0.16379310344827586,improvement
0.75,0.5,8.8,0.24250000000000002,0.0,0.1,-0.15149501661129572,0.015149501661129572,0.5,0.5185334655900058,0.018533465590005793,1.8533465590005793,0.16975,0.1647727272727273,improvement
0.75,0.5,8.9,0.24250000000000002,0.0,0.1,-0.1513289036544851,0.01513289036544851,0.5,0.5187015131747978,0.018701513174797846,1.8701513174797846,0.16975,0.1657303370786517,improvement
0.75,0.5,9.0,0.24250000000000002,0.0,0.1,-0.15116279069767447,0.015116279069767447,0.5,0.5188691317548855,0.01886913175488547,1.886913175488547,0.16975,0.16666666666666669,improvement
0.75,0.5,9.1,0.24250000000000002,0.0,0.1,-0.15099667774086384,0.015099667774086384,0.5,0.5190363212889181,0.01903632128891808,1.9036321288918079,0.16975,0.1675824175824176,improvement
0.75,0.5,9.2,0.24250000000000002,0.0,0.1,-0.1508305647840532,0.015083056478405322,0.5,0.5192030817375916,0.019203081737591554,1.9203081737591554,0.16975,0.16847826086956522,improvement
0.75,0.5,9.3,0.24250000000000002,0.0,0.1,-0.15066445182724258,0.015066445182724259,0.5,0.5193694130636346,0.0193694130636346,1.93694130636346,0.16975,0.16935483870967744,improvement
0.75,0.5,9.4,0.24250000000000002,0.0,0.1,-0.15049833887043196,0.015049833887043196,0.5,0.5195353152317932,0.019535315231793193,1.9535315231793193,0.16975,0.17021276595744683,improvement
0.75,0.5,9.5,0.24250000000000002,0.0,0.1,-0.1503322259136213,0.015033222591362132,0.5,0.5197007882088168,0.019700788208816822,1.9700788208816822,0.16975,0.17105263157894737,improvement
0.75,0.5,9.6,0.24250000000000002,0.0,0.1,-0.15016611295681068,0.015016611295681069,0.5,0.5198658319634433,0.01986583196344327,1.986583196344327,0.16975,0.171875,improvement
0.75,0.5,9.7,0.24250000000000002,0.0,0.1,-0.15000000000000008,0.015000000000000008,0.5,0.5200304464663839,0.020030446466383856,2.0030446466383856,0.16975,0.17268041237113402,improvement
0.75,0.5,9.8,0.24250000000000002,0.0,0.1,-0.14983388704318942,0.014983388704318944,0.5,0.52019463169031,0.020194631690309994,2.0194631690309994,0.16975,0.17346938775510207,improvement
0.75,0.5,9.9,0.24250000000000002,0.0,0.1,-0.1496677740863788,0.014966777408637881,0.5,0.5203583876098375,0.020358387609837547,2.0358387609837547,0.16975,0.17424242424242425,improvement
0.75,0.5,10.0,0.24250000000000002,0.0,0.1,-0.14950166112956817,0.014950166112956818,0.5,0.520521714201513,0.020521714201513053,2.0521714201513053,0.16975,0.175,improvement
0.75,0.5,10.100000000000001,0.24250000000000002,0.0,0.1,-0.14933554817275754,0.014933554817275756,0.5,0.5206846114437993,0.020684611443799295,2.0684611443799295,0.16975,0.17574257425742576,improvement
0.75,0.5,10.2,0.24250000000000002,0.0,0.1,-0.1491694352159469,0.01491694352159469,0.5,0.5208470793170601,0.02084707931706009,2.084707931706009,0.16975,0.1764705882352941,improvement
0.75,0.5,10.3,0.24250000000000002,0.0,0.1,-0.14900332225913626,0.014900332225913627,0.5,0.5210091178035469,0.021009117803546862,2.100911780354686,0.16975,0.17718446601941748,improvement
0.75,0.5,10.4,0.24250000000000002,0.0,0.1,-0.14883720930232566,0.014883720930232568,0.5,0.5211707268873842,0.021170726887384195,2.1170726887384195,0.16975,0.1778846153846154,improvement
0.75,0.5,10.5,0.24250000000000002,0.0,0.1,-0.148671096345515,0.014867109634551502,0.5,0.5213319065545547,0.021331906554554747,2.1331906554554747,0.16975,0.17857142857142858,improvement
0.75,0.5,10.600000000000001,0.24250000000000002,0.0,0.1,-0.14850498338870438,0.014850498338870439,0.5,0.5214926567928859,0.021492656792885922,2.1492656792885922,0.16975,0.17924528301886794,improvement
0.75,0.5,10.7,0.24250000000000002,0.0,0.1,-0.14833887043189375,0.014833887043189376,0.5,0.5216529775920351,0.021652977592035105,2.1652977592035105,0.16975,0.17990654205607476,improvement
0.75,0.5,10.8,0.24250000000000002,0.0,0.1,-0.14817275747508313,0.014817275747508313,0.5,0.5218128689434756,0.02181286894347556,2.181286894347556,0.16975,0.18055555555555558,improvement
0.75,0.5,10.9,0.24250000000000002,0.0,0.1,-0.1480066445182725,0.01480066445182725,0.5,0.5219723308404822,0.021972330840482224,2.1972330840482224,0.16975,0.1811926605504587,improvement
0.75,0.5,11.0,0.24250000000000002,0.0,0.1,-0.14784053156146185,0.014784053156146185,0.5,0.5221313632781173,0.022131363278117266,2.2131363278117266,0.16975,0.18181818181818182,improvement
0.75,0.5,11.100000000000001,0.24250000000000002,0.0,0.1,-0.14767441860465122,0.014767441860465122,0.5,0.5222899662532171,0.02228996625321711,2.228996625321711,0.16975,0.18243243243243246,improvement
0.75,0.5,11.2,0.24250000000000002,0.0,0.1,-0.1475083056478406,0.01475083056478406,0.5,0.5224481397643767,0.02244813976437665,2.244813976437665,0.16975,0.1830357142857143,improvement
0.75,0.5,11.3,0.24250000000000002,0.0,0.1,-0.14734219269102997,0.014734219269102997,0.5,0.5226058838119365,0.02260588381193651,2.260588381193651,0.16975,0.1836283185840708,improvement
0.75,0.5,11.4,0.24250000000000002,0.0,0.1,-0.1471760797342193,0.014717607973421932,0.5,0.5227631983979686,0.022763198397968587,2.2763198397968587,0.16975,0.1842105263157895,improvement
0.75,0.5,11.5,0.24250000000000002,0.0,0.1,-0.1470099667774087,0.014700996677740871,0.5,0.5229200835262618,0.022920083526261847,2.2920083526261847,0.16975,0.18478260869565216,improvement
0.75,0.5,11.600000000000001,0.24250000000000002,0.0,0.1,-0.14684385382059809,0.014684385382059809,0.5,0.5230765392023089,0.0230765392023089,2.30765392023089,0.16975,0.1853448275862069,improvement
0.75,0.5,11.7,0.24250000000000002,0.0,0.1,-0.14667774086378743,0.014667774086378744,0.5,0.5232325654332916,0.023232565433291552,2.323256543329155,0.16975,0.1858974358974359,improvement
0.75,0.5,11.8,0.24250000000000002,0.0,0.1,-0.1465116279069768,0.014651162790697682,0.5,0.5233881622280674,0.02338816222806739,2.338816222806739,0.16975,0.1864406779661017,improvement
0.75,0.5,11.9,0.24250000000000002,0.0,0.1,-0.14634551495016618,0.014634551495016619,0.5,0.5235433295971555,0.02354332959715555,2.354332959715555,0.16975,0.1869747899159664,improvement
0.75,0.5,12.0,0.24250000000000002,0.0,0.1,-0.14617940199335555,0.014617940199335556,0.5,0.5236980675527231,0.02369806755272308,2.369806755272308,0.16975,0.1875,improvement
0.75,0.5,12.100000000000001,0.24250000000000002,0.0,0.1,-0.14601328903654492,0.014601328903654493,0.5,0.523852376108571,0.02385237610857105,2.385237610857105,0.16975,0.18801652892561985,improvement
0.75,0.5,12.2,0.24250000000000002,0.0,0.1,-0.1458471760797343,0.01458471760797343,0.5,0.5240062552801212,0.024006255280121236,2.4006255280121236,0.16975,0.1885245901639344,improvement
0.75,0.5,12.3,0.24250000000000002,0.0,0.1,-0.14568106312292367,0.014568106312292368,0.5,0.5241597050844016,0.024159705084401573,2.4159705084401573,0.16975,0.18902439024390244,improvement
0.75,0.5,12.4,0.24250000000000002,0.0,0.1,-0.14551495016611302,0.014551495016611302,0.5,0.5243127255400334,0.024312725540033386,2.4312725540033386,0.16975,0.18951612903225806,improvement
0.75,0.5,12.5,0.24250000000000002,0.0,0.1,-0.1453488372093024,0.01453488372093024,0.5,0.5244653166672173,0.024465316667217296,2.4465316667217296,0.16975,0.19,improvement
0.75,0.5,12.600000000000001,0.24250000000000002,0.0,0.1,-0.14518272425249173,0.014518272425249175,0.5,0.5246174784877196,0.024617478487719557,2.4617478487719557,0.16975,0.19047619047619047,improvement
0.75,0.5,12.7,0.24250000000000002,0.0,0.1,-0.14501661129568114,0.014501661129568114,0.5,0.5247692110248589,0.02476921102485885,2.476921102485885,0.16975,0.19094488188976377,improvement
0.75,0.5,12.8,0.24250000000000002,0.0,0.1,-0.1448504983388705,0.014485049833887051,0.5,0.5249205143034923,0.02492051430349229,2.492051430349229,0.16975,0.19140625,improvement
0.75,0.5,12.9,0.24250000000000002,0.0,0.1,-0.14468438538205988,0.014468438538205989,0.5,0.525071388350002,0.025071388350002,2.5071388350002,0.16975,0.19186046511627908,improvement
0.75,0.5,13.0,0.24250000000000002,0.0,0.1,-0.14451827242524926,0.014451827242524926,0.5,0.5252218331922823,0.025221833192282328,2.522183319228233,0.16975,0.1923076923076923,improvement
0.75,0.5,13.100000000000001,0.24250000000000002,0.0,0.1,-0.1443521594684386,0.014435215946843862,0.5,0.5253718488597255,0.025371848859725543,2.5371848859725543,0.16975,0.19274809160305345,improvement
0.75,0.5,13.2,0.24250000000000002,0.0,0.1,-0.14418604651162797,0.014418604651162799,0.5,0.525521435383209,0.025521435383208946,2.5521435383208946,0.16975,0.19318181818181818,improvement
0.75,0.5,13.3,0.24250000000000002,0.0,0.1,-0.14401993355481735,0.014401993355481736,0.5,0.5256705927950814,0.025670592795081437,2.5670592795081437,0.16975,0.19360902255639098,improvement
0.75,0.5,13.4,0.24250000000000002,0.0,0.1,-0.14385382059800672,0.014385382059800673,0.5,0.52581932112915,0.025819321129149975,2.5819321129149975,0.16975,0.19402985074626866,improvement
0.75,0.5,13.5,0.24250000000000002,0.0,0.1,-0.1436877076411961,0.01436877076411961,0.5,0.5259676204206668,0.025967620420666804,2.5967620420666804,0.16975,0.19444444444444445,improvement
0.75,0.5,13.600000000000001,0.24250000000000002,0.0,0.1,-0.14352159468438544,0.014352159468438545,0.5,0.5261154907063157,0.02611549070631569,2.611549070631569,0.16975,0.1948529411764706,improvement
0.75,0.5,13.7,0.24250000000000002,0.0,0.1,-0.14335548172757484,0.014335548172757485,0.5,0.5262629320241992,0.02626293202419916,2.626293202419916,0.16975,0.19525547445255476,improvement
0.75,0.5,13.8,0.24250000000000002,0.0,0.1,-0.14318936877076419,0.01431893687707642,0.5,0.5264099444138248,0.026409944413824826,2.6409944413824826,0.16975,0.1956521739130435,improvement
0.75,0.5,13.9,0.24250000000000002,0.0,0.1,-0.14302325581395356,0.014302325581395357,0.5,0.5265565279160929,0.026556527916092865,2.6556527916092865,0.16975,0.1960431654676259,improvement
0.75,0.5,14.0,0.24250000000000002,0.0,0.1,-0.14285714285714293,0.014285714285714294,0.5,0.5267026825732825,0.026702682573282455,2.6702682573282455,0.16975,0.19642857142857142,improvement
0.75,0.5,6.0,0.245,0.0,0.1,-0.15964523281596452,0.015964523281596452,0.5,0.5139597690488649,0.013959769048864867,1.3959769048864867,0.17149999999999999,0.125,improvement
0.75,0.5,6.1,0.245,0.0,0.1,-0.15953436807095345,0.015953436807095347,0.5,0.5141490417384018,0.014149041738401813,1.4149041738401813,0.17149999999999999,0.12704918032786883,improvement
0.75,0.5,6.2,0.245,0.0,0.1,-0.15942350332594235,0.015942350332594234,0.5,0.5143380237705479,0.014338023770547936,1.4338023770547936,0.17149999999999999,0.12903225806451613,improvement
0.75,0.5,6.3,0.245,0.0,0.1,-0.15931263858093125,0.015931263858093125,0.5,0.5145267149871211,0.014526714987121103,1.4526714987121103,0.17149999999999999,0.13095238095238093,improvement
0.75,0.5,6.4,0.245,0.0,0.1,-0.15920177383592019,0.01592017738359202,0.5,0.5147151152318306,0.014715115231830556,1.4715115231830556,0.17149999999999999,0.1328125,improvement
0.75,0.5,6.5,0.245,0.0,0.1,-0.15909090909090912,0.01590909090909091,0.5,0.5149032243502707,0.014903224350270694,1.4903224350270694,0.17149999999999999,0.1346153846153846,improvement
0.75,0.5,6.6,0.245,0.0,0.1,-0.158980044345898,0.0158980044345898,0.5,0.515091042189914,0.015091042189913972,1.5091042189913972,0.17149999999999999,0.13636363636363635,improvement
0.75,0.5,6.7,0.245,0.0,0.1,-0.1588691796008869,0.01588691796008869,0.5,0.5152785686001033,0.015278568600103348,1.5278568600103348,0.17149999999999999,0.13805970149253732,improvement
0.75,0.5,6.8,0.245,0.0,0.1,-0.15875831485587583,0.015875831485587584,0.5,0.5154658034320463,0.015465803432046288,1.5465803432046288,0.17149999999999999,0.13970588235294118,improvement
0.75,0.5,6.9,0.245,0.0,0.1,-0.15864745011086476,0.015864745011086475,0.5,0.5156527465388073,0.015652746538807327,1.5652746538807327,0.17149999999999999,0.14130434782608697,improvement
0.75,0.5,7.0,0.245,0.0,0.1,-0.15853658536585366,0.015853658536585366,0.5,0.5158393977753011,0.01583939777530108,1.5839397775301078,0.17149999999999999,0.14285714285714285,improvement
0.75,0.5,7.1,0.245,0.0,0.1,-0.15842572062084256,0.015842572062084257,0.5,0.5160257569982851,0.016025756998285123,1.6025756998285123,0.17149999999999999,0.14436619718309857,improvement
0.75,0.5,7.2,0.245,0.0,0.1,-0.1583148558758315,0.01583148558758315,0.5,0.5162118240663538,0.016211824066353797,1.6211824066353797,0.17149999999999999,0.14583333333333334,improvement
0.75,0.5,7.3,0.245,0.0,0.1,-0.1582039911308204,0.01582039911308204,0.5,0.5163975988399304,0.016397598839930416,1.6397598839930416,0.17149999999999999,0.14726027397260272,improvement
0.75,0.5,7.4,0.245,0.0,0.1,-0.1580931263858093,0.01580931263858093,0.5,0.5165830811812606,0.016583081181260617,1.6583081181260617,0.17149999999999999,0.14864864864864866,improvement
0.75,0.5,7.5,0.245,0.0,0.1,-0.1579822616407982,0.01579822616407982,0.5,0.5167682709544057,0.016768270954405695,1.6768270954405695,0.17149999999999999,0.15,improvement
0.75,0.5,7.6,0.245,0.0,0.1,-0.15787139689578714,0.015787139689578716,0.5,0.5169531680252349,0.016953168025234944,1.6953168025234944,0.17149999999999999,0.1513157894736842,improvement
0.75,0.5,7.7,0.245,0.0,0.1,-0.15776053215077607,0.015776053215077607,0.5,0.5171377722614193,0.017137772261419326,1.7137772261419326,0.17149999999999999,0.1525974025974026,improvement
0.75,0.5,7.8,0.245,0.0,0.1,-0.15764966740576497,0.015764966740576498,0.5,0.5173220835324241,0.01732208353242415,1.7322083532424148,0.17149999999999999,0.15384615384615385,improvement
0.75,0.5,7.9,0.245,0.0,0.1,-0.15753880266075387,0.01575388026607539,0.5,0.5175061017095018,0.017506101709501842,1.7506101709501842,0.17149999999999999,0.1550632911392405,improvement
0.75,0.5,8.0,0.245,0.0,0.1,-0.1574279379157428,0.01574279379157428,0.5,0.517689826665686,0.01768982666568597,1.768982666568597,0.17149999999999999,0.15625,improvement
0.75,0.5,8.1,0.245,0.0,0.1,-0.1573170731707317,0.01573170731707317,0.5,0.5178732582757828,0.01787325827578279,1.7873258275782788,0.17149999999999999,0.15740740740740738,improvement
0.75,0.5,8.2,0.245,0.0,0.1,-0.1572062084257206,0.015720620842572062,0.5,0.5180563964163657,0.018056396416365694,1.8056396416365694,0.17149999999999999,0.15853658536585363,improvement
0.75,0.5,8.3,0.245,0.0,0.1,-0.15709534368070951,0.015709534368070953,0.5,0.518239240965767,0.018239240965767012,1.8239240965767012,0.17149999999999999,0.15963855421686748,improvement
0.75,0.5,8.4,0.245,0.0,0.1,-0.15698447893569845,0.015698447893569844,0.5,0.5184217918040719,0.018421791804071885,1.8421791804071885,0.17149999999999999,0.1607142857142857,improvement
0.75,0.5,8.5,0.245,0.0,0.1,-0.15687361419068738,0.01568736141906874,0.5,0.5186040488131105,0.018604048813110508,1.8604048813110508,0.17149999999999999,0.16176470588235292,improvement
0.75,0.5,8.6,0.245,0.0,0.1,-0.15676274944567628,0.01567627494456763,0.5,0.518786011876452,0.018786011876452013,1.8786011876452013,0.17149999999999999,0.16279069767441862,improvement
0.75,0.5,8.7,0.245,0.0,0.1,-0.1566518847006652,0.01566518847006652,0.5,0.5189676808793966,0.018967680879396598,1.8967680879396598,0.17149999999999999,0.16379310344827586,improvement
0.75,0.5,8.8,0.245,0.0,0.1,-0.1565410199556541,0.015654101995565408,0.5,0.5191490557089693,0.019149055708969298,1.9149055708969298,0.17149999999999999,0.1647727272727273,improvement
0.75,0.5,8.9,0.245,0.0,0.1,-0.15643015521064302,0.015643015521064303,0.5,0.519330136253912,0.019330136253912,1.9330136253912,0.17149999999999999,0.1657303370786517,improvement
0.75,0.5,9.0,0.245,0.0,0.1,-0.15631929046563192,0.015631929046563194,0.5,0.5195109224046774,0.019510922404677444,1.9510922404677444,0.17149999999999999,0.16666666666666669,improvement
0.75,0.5,9.1,0.245,0.0,0.1,-0.15620842572062082,0.015620842572062083,0.5,0.5196914140534217,0.019691414053421674,1.9691414053421674,0.17149999999999999,0.1675824175824176,improvement
0.75,0.5,9.2,0.245,0.0,0.1,-0.15609756097560976,0.015609756097560976,0.5,0.5198716110939972,0.019871611093997155,1.9871611093997155,0.17149999999999999,0.16847826086956522,improvement
0.75,0.5,9.3,0.245,0.0,0.1,-0.15598669623059866,0.015598669623059867,0.5,0.5200515134219457,0.020051513421945666,2.0051513421945666,0.17149999999999999,0.16935483870967744,improvement
0.75,0.5,9.4,0.245,0.0,0.1,-0.1558758314855876,0.01558758314855876,0.5,0.5202311209344914,0.02023112093449142,2.023112093449142,0.17149999999999999,0.17021276595744683,improvement
0.75,0.5,9.5,0.245,0.0,0.1,-0.1557649667405765,0.01557649667405765,0.5,0.5204104335305337,0.020410433530533734,2.0410433530533734,0.17149999999999999,0.17105263157894737,improvement
0.75,0.5,9.6,0.245,0.0,0.1,-0.1556541019955654,0.01556541019955654,0.5,0.5205894511106406,0.02058945111064059,2.058945111064059,0.17149999999999999,0.171875,improvement
0.75,0.5,9.7,0.245,0.0,0.1,-0.15554323725055433,0.015554323725055434,0.5,0.5207681735770411,0.020768173577041082,2.0768173577041082,0.17149999999999999,0.17268041237113402,improvement
0.75,0.5,9.8,0.245,0.0,0.1,-0.15543237250554323,0.015543237250554323,0.5,0.5209466008336188,0.020946600833618767,2.0946600833618767,0.17149999999999999,0.17346938775510207,improvement
0.75,0.5,9.9,0.245,0.0,0.1,-0.15532150776053213,0.015532150776053215,0.5,0.5211247327859044,0.021124732785904432,2.112473278590443,0.17149999999999999,0.17424242424242425,improvement
0.75,0.5,10.0,0.245,0.0,0.1,-0.15521064301552107,0.015521064301552107,0.5,0.5213025693410691,0.02130256934106911,2.130256934106911,0.17149999999999999,0.175,improvement
0.75,0.5,10.100000000000001,0.245,0.0,0.1,-0.15509977827050997,0.015509977827050998,0.5,0.5214801104079169,0.021480110407916864,2.1480110407916864,0.17149999999999999,0.17574257425742576,improvement
0.75,0.5,10.2,0.245,0.0,0.1,-0.1549889135254989,0.015498891352549891,0.5,0.5216573558968784,0.02165735589687845,2.165735589687845,0.17149999999999999,0.1764705882352941,improvement
0.75,0.5,10.3,0.245,0.0,0.1,-0.15487804878048778,0.015487804878048779,0.5,0.5218343057200036,0.021834305720003555,2.1834305720003555,0.17149999999999999,0.17718446601941748,improvement
0.75,0.5,10.4,0.245,0.0,0.1,-0.1547671840354767,0.015476718403547671,0.5,0.5220109597909542,0.022010959790954243,2.2010959790954243,0.17149999999999999,0.1778846153846154,improvement
0.75,0.5,10.5,0.245,0.0,0.1,-0.15465631929046564,0.015465631929046564,0.5,0.5221873180249978,0.02218731802499785,2.218731802499785,0.17149999999999999,0.17857142857142858,improvement
0.75,0.5,10.600000000000001,0.245,0.0,0.1,-0.15454545454545454,0.015454545454545455,0.5,0.5223633803389995,0.02236338033899954,2.236338033899954,0.17149999999999999,0.17924528301886794,improvement
0.75,0.5,10.7,0.245,0.0,0.1,-0.15443458980044347,0.015443458980044348,0.5,0.5225391466514161,0.022539146651416098,2.2539146651416098,0.17149999999999999,0.17990654205607476,improvement
0.75,0.5,10.8,0.245,0.0,0.1,-0.15432372505543238,0.015432372505543239,0.5,0.5227146168822884,0.022714616882288374,2.2714616882288374,0.17149999999999999,0.18055555555555558,improvement
0.75,0.5,10.9,0.245,0.0,0.1,-0.1542128603104213,0.015421286031042132,0.5,0.5228897909532345,0.022889790953234512,2.2889790953234512,0.17149999999999999,0.1811926605504587,improvement
0.75,0.5,11.0,0.245,0.0,0.1,-0.15410199556541018,0.01541019955654102,0.5,0.5230646687874425,0.02306466878744251,2.306466878744251,0.17149999999999999,0.18181818181818182,improvement
0.75,0.5,11.100000000000001,0.245,0.0,0.1,-0.15399113082039909,0.015399113082039909,0.5,0.5232392503096639,0.023239250309663895,2.3239250309663895,0.17149999999999999,0.18243243243243246,improvement
0.75,0.5,11.2,0.245,0.0,0.1,-0.15388026607538802,0.015388026607538803,0.5,0.5234135354462064,0.02341353544620639,2.341353544620639,0.17149999999999999,0.1830357142857143,improvement
0.75,0.5,11.3,0.245,0.0,0.1,-0.15376940133037692,0.015376940133037692,0.5,0.5235875241249269,0.02358752412492693,2.358752412492693,0.17149999999999999,0.1836283185840708,improvement
0.75,0.5,11.4,0.245,0.0,0.1,-0.15365853658536585,0.015365853658536585,0.5,0.5237612162752243,0.023761216275224317,2.3761216275224317,0.17149999999999999,0.1842105263157895,improvement
0.75,0.5,11.5,0.245,0.0,0.1,-0.15354767184035475,0.015354767184035476,0.5,0.5239346118280331,0.023934611828033137,2.3934611828033137,0.17149999999999999,0.18478260869565216,improvement
0.75,0.5,11.600000000000001,0.245,0.0,0.1,-0.15343680709534369,0.015343680709534369,0.5,0.5241077107158157,0.024107710715815744,2.4107710715815744,0.17149999999999999,0.1853448275862069,improvement
0.75,0.5,11.7,0.245,0.0,0.1,-0.1533259423503326,0.01533259423503326,0.5,0.5242805128725561,0.02428051287255606,2.428051287255606,0.17149999999999999,0.1858974358974359,improvement
0.75,0.5,11.8,0.245,0.0,0.1,-0.1532150776053215,0.01532150776053215,0.5,0.5244530182337522,0.024453018233752233,2.4453018233752233,0.17149999999999999,0.1864406779661017,improvement
0.75,0.5,11.9,0.245,0.0,0.1,-0.1531042128603104,0.01531042128603104,0.5,0.5246252267364097,0.024625226736409656,2.4625226736409656,0.17149999999999999,0.1869747899159664,improvement
0.75,0.5,12.0,0.245,0.0,0.1,-0.15299334811529933,0.015299334811529933,0.5,0.5247971383190343,0.024797138319034295,2.4797138319034295,0.17149999999999999,0.1875,improvement
0.75,0.5,12.100000000000001,0.245,0.0,0.1,-0.15288248337028823,0.015288248337028824,0.5,0.5249687529216251,0.024968752921625148,2.496875292162515,0.17149999999999999,0.18801652892561985,improvement
0.75,0.5,12.2,0.245,0.0,0.1,-0.15277161862527716,0.015277161862527717,0.5,0.5251400704856679,0.02514007048566791,2.514007048566791,0.17149999999999999,0.1885245901639344,improvement
0.75,0.5,12.3,0.245,0.0,0.1,-0.15266075388026606,0.015266075388026608,0.5,0.5253110909541276,0.025311090954127646,2.5311090954127646,0.17149999999999999,0.18902439024390244,improvement
0.75,0.5,12.4,0.245,0.0,0.1,-0.152549889135255,0.0152549889135255,0.5,0.5254818142714418,0.025481814271441805,2.5481814271441805,0.17149999999999999,0.18951612903225806,improvement
0.75,0.5,12.5,0.245,0.0,0.1,-0.1524390243902439,0.01524390243902439,0.5,0.5256522403835138,0.02565224038351377,2.565224038351377,0.17149999999999999,0.19,improvement
0.75,0.5,12.600000000000001,0.245,0.0,0.1,-0.1523281596452328,0.015232815964523281,0.5,0.5258223692377051,0.02582236923770509,2.582236923770509,0.17149999999999999,0.19047619047619047,improvement
0.75,0.5,12.7,0.245,0.0,0.1,-0.1522172949002217,0.015221729490022172,0.5,0.5259922007828293,0.025992200782829267,2.5992200782829267,0.17149999999999999,0.19094488188976377,improvement
0.75,0.5,12.8,0.245,0.0,0.1,-0.15210643015521064,0.015210643015521065,0.5,0.5261617349691448,0.026161734969144756,2.6161734969144756,0.17149999999999999,0.19140625,improvement
0.75,0.5,12.9,0.245,0.0,0.1,-0.15199556541019957,0.015199556541019957,0.5,0.5263309717483471,0.026330971748347087,2.6330971748347087,0.17149999999999999,0.19186046511627908,improvement
0.75,0.5,13.0,0.245,0.0,0.1,-0.15188470066518847,0.015188470066518849,0.5,0.5264999110735633,0.02649991107356331,2.649991107356331,0.17149999999999999,0.1923076923076923,improvement
0.75,0.5,13.100000000000001,0.245,0.0,0.1,-0.15177383592017737,0.015177383592017738,0.5,0.5266685528993443,0.026668552899344333,2.6668552899344333,0.17149999999999999,0.19274809160305345,improvement
0.75,0.5,13.2,0.245,0.0,0.1,-0.15166297117516628,0.015166297117516629,0.5,0.526836897181658,0.026836897181658048,2.683689718165805,0.17149999999999999,0.19318181818181818,improvement
0.75,0.5,13.3,0.245,0.0,0.1,-0.1515521064301552,0.015155210643015522,0.5,0.5270049438778825,0.027004943877882548,2.700494387788255,0.17149999999999999,0.19360902255639098,improvement
0.75,0.5,13.4,0.245,0.0,0.1,-0.1514412416851441,0.015144124168514413,0.5,0.5271726929467988,0.027172692946798804,2.7172692946798804,0.17149999999999999,0.19402985074626866,improvement
0.75,0.5,13.5,0.245,0.0,0.1,-0.15133037694013302,0.015133037694013302,0.5,0.5273401443485848,0.027340144348584783,2.7340144348584783,0.17149999999999999,0.19444444444444445,improvement
0.75,0.5,13.600000000000001,0.245,0.0,0.1,-0.15121951219512195,0.015121951219512195,0.5,0.5275072980448074,0.02750729804480745,2.750729804480745,0.17149999999999999,0.1948529411764706,improvement
0.75,0.5,13.7,0.245,0.0,0.1,-0.15110864745011088,0.01511086474501109,0.5,0.5276741539984164,0.02767415399841644,2.767415399841644,0.17149999999999999,0.19525547445255476,improvement
0.75,0.5,13.8,0.245,0.0,0.1,-0.15099778270509978,0.015099778270509978,0.5,0.527840712173737,0.02784071217373696,2.784071217373696,0.17149999999999999,0.1956521739130435,improvement
0.75,0.5,13.9,0.245,0.0,0.1,-0.15088691796008868,0.01508869179600887,0.5,0.5280069725364633,0.028006972536463337,2.8006972536463337,0.17149999999999999,0.1960431654676259,improvement
0.75,0.5,14.0,0.245,0.0,0.1,-0.1507760532150776,0.015077605321507759,0.5,0.5281729350536515,0.028172935053651482,2.817293505365148,0.17149999999999999,0.19642857142857142,improvement
0.75,0.5,6.0,0.2475,0.0,0.1,-0.16315205327413984,0.016315205327413984,0.5,0.5142659973034689,0.014265997303468891,1.4265997303468891,0.17325,0.125,improvement
0.75,0.5,6.1,0.2475,0.0,0.1,-0.16309655937846837,0.016309655937846838,0.5,0.5144645268336656,0.014464526833665614,1.4464526833665614,0.17325,0.12704918032786883,improvement
0.75,0.5,6.2,0.2475,0.0,0.1,-0.16304106548279687,0.016304106548279688,0.5,0.5146629021632827,0.014662902163282698,1.4662902163282698,0.17325,0.12903225806451613,improvement
0.75,0.5,6.3,0.2475,0.0,0.1,-0.1629855715871254,0.01629855715871254,0.5,0.5148611230737252,0.014861123073725224,1.4861123073725224,0.17325,0.13095238095238093,improvement
0.75,0.5,6.4,0.2475,0.0,0.1,-0.16293007769145393,0.016293007769145395,0.5,0.5150591893475067,0.015059189347506718,1.5059189347506718,0.17325,0.1328125,improvement
0.75,0.5,6.5,0.2475,0.0,0.1,-0.16287458379578246,0.016287458379578245,0.5,0.5152571007682467,0.015257100768246712,1.5257100768246712,0.17325,0.1346153846153846,improvement
0.75,0.5,6.6,0.2475,0.0,0.1,-0.162819089900111,0.016281908990011102,0.5,0.5154548571206696,0.01545485712066963,1.545485712066963,0.17325,0.13636363636363635,improvement
0.75,0.5,6.7,0.2475,0.0,0.1,-0.16276359600443951,0.016276359600443952,0.5,0.5156524581906043,0.015652458190604346,1.5652458190604346,0.17325,0.13805970149253732,improvement
0.75,0.5,6.8,0.2475,0.0,0.1,-0.16270810210876804,0.016270810210876806,0.5,0.5158499037649826,0.01584990376498263,1.5849903764982631,0.17325,0.13970588235294118,improvement
0.75,0.5,6.9,0.2475,0.0,0.1,-0.16265260821309657,0.01626526082130966,0.5,0.516047193631838,0.01604719363183804,1.6047193631838041,0.17325,0.14130434782608697,improvement
0.75,0.5,7.0,0.2475,0.0,0.1,-0.16259711431742507,0.01625971143174251,0.5,0.5162443275803044,0.016244327580304363,1.6244327580304363,0.17325,0.14285714285714285,improvement
0.75,0.5,7.1,0.2475,0.0,0.1,-0.1625416204217536,0.01625416204217536,0.5,0.516441305400615,0.016441305400614947,1.6441305400614947,0.17325,0.14436619718309857,improvement
0.75,0.5,7.2,0.2475,0.0,0.1,-0.16248612652608213,0.016248612652608213,0.5,0.5166381268841016,0.0166381268841016,1.66381268841016,0.17325,0.14583333333333334,improvement
0.75,0.5,7.3,0.2475,0.0,0.1,-0.16243063263041066,0.016243063263041067,0.5,0.5168347918231925,0.016834791823192474,1.6834791823192474,0.17325,0.14726027397260272,improvement
0.75,0.5,7.4,0.2475,0.0,0.1,-0.1623751387347392,0.01623751387347392,0.5,0.5170313000114121,0.017031300011412065,1.7031300011412065,0.17325,0.14864864864864866,improvement
0.75,0.5,7.5,0.2475,0.0,0.1,-0.1623196448390677,0.01623196448390677,0.5,0.5172276512433788,0.017227651243378772,1.7227651243378772,0.17325,0.15,improvement
0.75,0.5,7.6,0.2475,0.0,0.1,-0.16226415094339622,0.016226415094339624,0.5,0.5174238453148046,0.017423845314804565,1.7423845314804565,0.17325,0.1513157894736842,improvement
0.75,0.5,7.7,0.2475,0.0,0.1,-0.16220865704772475,0.016220865704772474,0.5,0.5176198820224933,0.017619882022493316,1.7619882022493316,0.17325,0.1525974025974026,improvement
0.75,0.5,7.8,0.2475,0.0,0.1,-0.16215316315205328,0.016215316315205328,0.5,0.5178157611643398,0.017815761164339805,1.7815761164339805,0.17325,0.15384615384615385,improvement
0.75,0.5,7.9,0.2475,0.0,0.1,-0.1620976692563818,0.01620976692563818,0.5,0.5180114825393278,0.018011482539327828,1.8011482539327828,0.17325,0.1550632911392405,improvement
0.75,0.5,8.0,0.2475,0.0,0.1,-0.16204217536071033,0.016204217536071035,0.5,0.5182070459475296,0.018207045947529643,1.8207045947529643,0.17325,0.15625,improvement
0.75,0.5,8.1,0.2475,0.0,0.1,-0.16198668146503886,0.01619866814650389,0.5,0.5184024511901042,0.018402451190104196,1.8402451190104196,0.17325,0.15740740740740738,improvement
0.75,0.5,8.2,0.2475,0.0,0.1,-0.1619311875693674,0.01619311875693674,0.5,0.5185976980692959,0.018597698069295898,1.8597698069295898,0.17325,0.15853658536585363,improvement
0.75,0.5,8.3,0.2475,0.0,0.1,-0.1618756936736959,0.01618756936736959,0.5,0.5187927863884338,0.018792786388433846,1.8792786388433846,0.17325,0.15963855421686748,improvement
0.75,0.5,8.4,0.2475,0.0,0.1,-0.16182019977802442,0.016182019977802442,0.5,0.5189877159519294,0.018987715951929385,1.8987715951929385,0.17325,0.1607142857142857,improvement
0.75,0.5,8.5,0.2475,0.0,0.1,-0.16176470588235295,0.016176470588235296,0.5,0.519182486565276,0.01918248656527599,1.9182486565275991,0.17325,0.16176470588235292,improvement
0.75,0.5,8.6,0.2475,0.0,0.1,-0.16170921198668145,0.016170921198668146,0.5,0.5193770980350468,0.019377098035046836,1.9377098035046836,0.17325,0.16279069767441862,improvement
0.75,0.5,8.7,0.2475,0.0,0.1,-0.16165371809100998,0.016165371809101,0.5,0.5195715501688944,0.019571550168894447,1.9571550168894447,0.17325,0.16379310344827586,improvement
0.75,0.5,8.8,0.2475,0.0,0.1,-0.1615982241953385,0.016159822419533853,0.5,0.5197658427755482,0.01976584277554816,1.976584277554816,0.17325,0.1647727272727273,improvement
0.75,0.5,8.9,0.2475,0.0,0.1,-0.16154273029966704,0.016154273029966703,0.5,0.5199599756648143,0.019959975664814333,1.9959975664814333,0.17325,0.1657303370786517,improvement
0.75,0.5,9.0,0.2475,0.0,0.1,-0.16148723640399557,0.016148723640399557,0.5,0.5201539486475731,0.02015394864757314,2.015394864757314,0.17325,0.16666666666666669,improvement
0.75,0.5,9.1,0.2475,0.0,0.1,-0.16143174250832407,0.016143174250832407,0.5,0.5203477615357787,0.020347761535778663,2.0347761535778663,0.17325,0.1675824175824176,improvement
0.75,0.5,9.2,0.2475,0.0,0.1,-0.1613762486126526,0.01613762486126526,0.5,0.5205414141424568,0.020541414142456804,2.0541414142456804,0.17325,0.16847826086956522,improvement
0.75,0.5,9.3,0.2475,0.0,0.1,-0.16132075471698112,0.016132075471698114,0.5,0.5207349062817037,0.020734906281703713,2.0734906281703713,0.17325,0.16935483870967744,improvement
0.75,0.5,9.4,0.2475,0.0,0.1,-0.16126526082130965,0.016126526082130967,0.5,0.5209282377686849,0.02092823776868491,2.092823776868491,0.17325,0.17021276595744683,improvement
0.75,0.5,9.5,0.2475,0.0,0.1,-0.16120976692563818,0.016120976692563817,0.5,0.5211214084196334,0.021121408419633392,2.112140841963339,0.17325,0.17105263157894737,improvement
0.75,0.5,9.6,0.2475,0.0,0.1,-0.1611542730299667,0.01611542730299667,0.5,0.5213144180518484,0.021314418051848416,2.1314418051848416,0.17325,0.171875,improvement
0.75,0.5,9.7,0.2475,0.0,0.1,-0.16109877913429524,0.016109877913429525,0.5,0.5215072664836942,0.021507266483694165,2.1507266483694165,0.17325,0.17268041237113402,improvement
0.75,0.5,9.8,0.2475,0.0,0.1,-0.16104328523862374,0.016104328523862375,0.5,0.5216999535345979,0.02169995353459786,2.169995353459786,0.17325,0.17346938775510207,improvement
0.75,0.5,9.9,0.2475,0.0,0.1,-0.16098779134295227,0.01609877913429523,0.5,0.5218924790250488,0.02189247902504876,2.189247902504876,0.17325,0.17424242424242425,improvement
0.75,0.5,10.0,0.2475,0.0,0.1,-0.1609322974472808,0.016093229744728082,0.5,0.5220848427765963,0.02208484277659628,2.208484277659628,0.17325,0.175,improvement
0.75,0.5,10.100000000000001,0.2475,0.0,0.1,-0.16087680355160933,0.016087680355160932,0.5,0.5222770446118488,0.022277044611848762,2.227704461184876,0.17325,0.17574257425742576,improvement
0.75,0.5,10.2,0.2475,0.0,0.1,-0.16082130965593786,0.016082130965593786,0.5,0.5224690843544719,0.022469084354471924,2.2469084354471924,0.17325,0.1764705882352941,improvement
0.75,0.5,10.3,0.2475,0.0,0.1,-0.16076581576026636,0.016076581576026636,0.5,0.5226609618291875,0.02266096182918753,2.266096182918753,0.17325,0.17718446601941748,improvement
0.75,0.5,10.4,0.2475,0.0,0.1,-0.16071032186459488,0.01607103218645949,0.5,0.5228526768617716,0.022852676861771615,2.2852676861771615,0.17325,0.1778846153846154,improvement
0.75,0.5,10.5,0.2475,0.0,0.1,-0.1606548279689234,0.016065482796892343,0.5,0.5230442292790527,0.023044229279052697,2.3044229279052697,0.17325,0.17857142857142858,improvement
0.75,0.5,10.600000000000001,0.2475,0.0,0.1,-0.16059933407325191,0.016059933407325193,0.5,0.5232356189089111,0.023235618908911126,2.3235618908911126,0.17325,0.17924528301886794,improvement
0.75,0.5,10.7,0.2475,0.0,0.1,-0.16054384017758047,0.016054384017758046,0.5,0.5234268455802765,0.023426845580276523,2.3426845580276523,0.17325,0.17990654205607476,improvement
0.75,0.5,10.8,0.2475,0.0,0.1,-0.160488346281909,0.0160488346281909,0.5,0.5236179091231272,0.023617909123127223,2.3617909123127223,0.17325,0.18055555555555558,improvement
0.75,0.5,10.9,0.2475,0.0,0.1,-0.16043285238623753,0.016043285238623754,0.5,0.5238088093684878,0.023808809368487838,2.3808809368487838,0.17325,0.1811926605504587,improvement
0.75,0.5,11.0,0.2475,0.0,0.1,-0.16037735849056603,0.016037735849056604,0.5,0.5239995461484279,0.02399954614842792,2.399954614842792,0.17325,0.18181818181818182,improvement
0.75,0.5,11.100000000000001,0.2475,0.0,0.1,-0.16032186459489456,0.016032186459489457,0.5,0.5241901192960614,0.024190119296061408,2.4190119296061408,0.17325,0.18243243243243246,improvement
0.75,0.5,11.2,0.2475,0.0,0.1,-0.1602663706992231,0.01602663706992231,0.5,0.5243805286455432,0.024380528645543187,2.4380528645543187,0.17325,0.1830357142857143,improvement
0.75,0.5,11.3,0.2475,0.0,0.1,-0.16021087680355162,0.01602108768035516,0.5,0.524570774032069,0.024570774032068976,2.4570774032068976,0.17325,0.1836283185840708,improvement
0.75,0.5,11.4,0.2475,0.0,0.1,-0.16015538290788014,0.016015538290788014,0.5,0.5247608552918733,0.02476085529187333,2.476085529187333,0.17325,0.1842105263157895,improvement
0.75,0.5,11.5,0.2475,0.0,0.1,-0.16009988901220865,0.016009988901220865,0.5,0.5249507722622275,0.024950772262227527,2.4950772262227527,0.17325,0.18478260869565216,improvement
0.75,0.5,11.600000000000001,0.2475,0.0,0.1,-0.16004439511653717,0.016004439511653718,0.5,0.525140524781439,0.025140524781439022,2.514052478143902,0.17325,0.1853448275862069,improvement
0.75,0.5,11.7,0.2475,0.0,0.1,-0.1599889012208657,0.015998890122086572,0.5,0.5253301126888485,0.02533011268884855,2.533011268884855,0.17325,0.1858974358974359,improvement
0.75,0.5,11.8,0.2475,0.0,0.1,-0.1599334073251942,0.015993340732519422,0.5,0.5255195358248297,0.025519535824829687,2.5519535824829687,0.17325,0.1864406779661017,improvement
0.75,0.5,11.9,0.2475,0.0,0.1,-0.15987791342952273,0.015987791342952275,0.5,0.5257087940307861,0.025708794030786075,2.5708794030786075,0.17325,0.1869747899159664,improvement
0.75,0.5,12.0,0.2475,0.0,0.1,-0.15982241953385126,0.015982241953385126,0.5,0.5258978871491511,0.02589788714915109,2.589788714915109,0.17325,0.1875,improvement
0.75,0.5,12.100000000000001,0.2475,0.0,0.1,-0.1597669256381798,0.01597669256381798,0.5,0.5260868150233847,0.026086815023384724,2.6086815023384724,0.17325,0.18801652892561985,improvement
0.75,0.5,12.2,0.2475,0.0,0.1,-0.15971143174250835,0.015971143174250836,0.5,0.5262755774979734,0.02627557749797338,2.627557749797338,0.17325,0.1885245901639344,improvement
0.75,0.5,12.3,0.2475,0.0,0.1,-0.15965593784683685,0.015965593784683686,0.5,0.5264641744184269,0.026464174418426856,2.6464174418426856,0.17325,0.18902439024390244,improvement
0.75,0.5,12.4,0.2475,0.0,0.1,-0.15960044395116538,0.01596004439511654,0.5,0.5266526056312778,0.026652605631277804,2.6652605631277804,0.17325,0.18951612903225806,improvement
0.75,0.5,12.5,0.2475,0.0,0.1,-0.1595449500554939,0.01595449500554939,0.5,0.5268408709840792,0.026840870984079168,2.684087098407917,0.17325,0.19,improvement
0.75,0.5,12.600000000000001,0.2475,0.0,0.1,-0.1594894561598224,0.01594894561598224,0.5,0.5270289703254032,0.02702897032540319,2.702897032540319,0.17325,0.19047619047619047,improvement
0.75,0.5,12.7,0.2475,0.0,0.1,-0.15943396226415094,0.015943396226415094,0.5,0.5272169035048393,0.027216903504839296,2.7216903504839296,0.17325,0.19094488188976377,improvement
0.75,0.5,12.8,0.2475,0.0,0.1,-0.15937846836847946,0.015937846836847947,0.5,0.5274046703729924,0.027404670372992435,2.7404670372992435,0.17325,0.19140625,improvement
0.75,0.5,12.9,0.2475,0.0,0.1,-0.159322974472808,0.0159322974472808,0.5,0.5275922707814815,0.02759227078148152,2.759227078148152,0.17325,0.19186046511627908,improvement
0.75,0.5,13.0,0.2475,0.0,0.1,-0.15926748057713652,0.015926748057713654,0.5,0.5277797045829375,0.027779704582937548,2.7779704582937548,0.17325,0.1923076923076923,improvement
0.75,0.5,13.100000000000001,0.2475,0.0,0.1,-0.15921198668146502,0.015921198668146504,0.5,0.5279669716310021,0.027966971631002147,2.7966971631002147,0.17325,0.19274809160305345,improvement
0.75,0.5,13.2,0.2475,0.0,0.1,-0.15915649278579355,0.015915649278579354,0.5,0.5281540717803253,0.02815407178032525,2.815407178032525,0.17325,0.19318181818181818,improvement
0.75,0.5,13.3,0.2475,0.0,0.1,-0.15910099889012208,0.015910099889012208,0.5,0.5283410048865644,0.028341004886564436,2.8341004886564436,0.17325,0.19360902255639098,improvement
0.75,0.5,13.4,0.2475,0.0,0.1,-0.15904550499445058,0.015904550499445058,0.5,0.5285277708063816,0.02852777080638158,2.852777080638158,0.17325,0.19402985074626866,improvement
0.75,0.5,13.5,0.2475,0.0,0.1,-0.15899001109877914,0.015899001109877915,0.5,0.5287143693974428,0.028714369397442763,2.8714369397442763,0.17325,0.19444444444444445,improvement
0.75,0.5,13.600000000000001,0.2475,0.0,0.1,-0.15893451720310767,0.01589345172031077,0.5,0.5289008005184155,0.02890080051841548,2.890080051841548,0.17325,0.1948529411764706,improvement
0.75,0.5,13.7,0.2475,0.0,0.1,-0.1588790233074362,0.01588790233074362,0.5,0.5290870640289672,0.029087064028967213,2.9087064028967213,0.17325,0.19525547445255476,improvement
0.75,0.5,13.8,0.2475,0.0,0.1,-0.15882352941176472,0.015882352941176472,0.5,0.5292731597897637,0.029273159789763747,2.9273159789763747,0.17325,0.1956521739130435,improvement
0.75,0.5,13.9,0.2475,0.0,0.1,-0.15876803551609323,0.015876803551609323,0.5,0.529459087662467,0.029459087662466965,2.9459087662466965,0.17325,0.1960431654676259,improvement
0.75,0.5,14.0,0.2475,0.0,0.1,-0.15871254162042175,0.015871254162042176,0.5,0.5296448475097337,0.02964484750973373,2.964484750973373,0.17325,0.19642857142857142,improvement
0.75,0.5,6.0,0.25,0.0,0.1,-0.16666666666666666,0.016666666666666666,0.5,0.5145728788488343,0.014572878848834292,1.4572878848834292,0.175,0.125,improvement
0.75,0.5,6.1,0.25,0.0,0.1,-0.16666666666666666,0.016666666666666666,0.5,0.5147806835162392,0.01478068351623918,1.478068351623918,0.175,0.12704918032786883,improvement
0.75,0.5,6.2,0.25,0.0,0.1,-0.16666666666666666,0.016666666666666666,0.5,0.5149884705938683,0.01498847059386832,1.498847059386832,0.175,0.12903225806451613,improvement
0.75,0.5,6.3,0.25,0.0,0.1,-0.16666666666666666,0.016666666666666666,0.5,0.5151962397953986,0.015196239795398636,1.5196239795398636,0.175,0.13095238095238093,improvement
0.75,0.5,6.4,0.25,0.0,0.1,-0.16666666666666666,0.016666666666666666,0.5,0.5154039908346062,0.015403990834606196,1.5403990834606196,0.175,0.1328125,improvement
0.75,0.5,6.5,0.25,0.0,0.1,-0.16666666666666666,0.016666666666666666,0.5,0.5156117234253677,0.015611723425367652,1.5611723425367652,0.175,0.1346153846153846,improvement
0.75,0.5,6.6,0.25,0.0,0.1,-0.16666666666666666,0.016666666666666666,0.5,0.5158194372816611,0.01581943728166113,1.581943728166113,0.175,0.13636363636363635,improvement
0.75,0.5,6.7,0.25,0.0,0.1,-0.16666666666666666,0.016666666666666666,0.5,0.5160271321175691,0.01602713211756912,1.602713211756912,0.175,0.13805970149253732,improvement
0.75,0.5,6.8,0.25,0.0,0.1,-0.16666666666666666,0.016666666666666666,0.5,0.5162348076472787,0.016234807647278693,1.6234807647278693,0.175,0.13970588235294118,improvement
0.75,0.5,6.9,0.25,0.0,0.1,-0.16666666666666666,0.016666666666666666,0.5,0.5164424635850842,0.016442463585084166,1.6442463585084166,0.175,0.14130434782608697,improvement
0.75,0.5,7.0,0.25,0.0,0.1,-0.16666666666666666,0.016666666666666666,0.5,0.5166500996453878,0.016650099645387773,1.6650099645387773,0.175,0.14285714285714285,improvement
0.75,0.5,7.1,0.25,0.0,0.1,-0.16666666666666666,0.016666666666666666,0.5,0.5168577155427019,0.01685771554270188,1.6857715542701879,0.175,0.14436619718309857,improvement
0.75,0.5,7.2,0.25,0.0,0.1,-0.16666666666666666,0.016666666666666666,0.5,0.5170653109916501,0.017065310991650096,1.7065310991650096,0.175,0.14583333333333334,improvement
0.75,0.5,7.3,0.25,0.0,0.1,-0.16666666666666666,0.016666666666666666,0.5,0.5172728857069695,0.0172728857069695,1.7272885706969499,0.175,0.14726027397260272,improvement
0.75,0.5,7.4,0.25,0.0,0.1,-0.16666666666666666,0.016666666666666666,0.5,0.5174804394035111,0.017480439403511072,1.7480439403511072,0.175,0.14864864864864866,improvement
0.75,0.5,7.5,0.25,0.0,0.1,-0.16666666666666666,0.016666666666666666,0.5,0.5176879717962424,0.017687971796242374,1.7687971796242374,0.175,0.15,improvement
0.75,0.5,7.6,0.25,0.0,0.1,-0.16666666666666666,0.016666666666666666,0.5,0.5178954826002486,0.017895482600248647,1.7895482600248647,0.175,0.1513157894736842,improvement
0.75,0.5,7.7,0.25,0.0,0.1,-0.16666666666666666,0.016666666666666666,0.5,0.5181029715307339,0.018102971530733925,1.8102971530733925,0.175,0.1525974025974026,improvement
0.75,0.5,7.8,0.25,0.0,0.1,-0.16666666666666666,0.016666666666666666,0.5,0.5183104383030237,0.0183104383030237,1.8310438303023702,0.175,0.15384615384615385,improvement
0.75,0.5,7.9,0.25,0.0,0.1,-0.16666666666666666,0.016666666666666666,0.5,0.5185178826325652,0.018517882632565152,1.8517882632565152,0.175,0.1550632911392405,improvement
0.75,0.5,8.0,0.25,0.0,0.1,-0.16666666666666666,0.016666666666666666,0.5,0.51872530423493,0.018725304234930018,1.8725304234930018,0.175,0.15625,improvement
0.75,0.5,8.1,0.25,0.0,0.1,-0.16666666666666666,0.016666666666666666,0.5,0.5189327028258147,0.018932702825814718,1.8932702825814718,0.175,0.15740740740740738,improvement
0.75,0.5,8.2,0.25,0.0,0.1,-0.16666666666666666,0.016666666666666666,0.5,0.5191400781210433,0.019140078121043347,1.9140078121043347,0.175,0.15853658536585363,improvement
0.75,0.5,8.3,0.25,0.0,0.1,-0.16666666666666666,0.016666666666666666,0.5,0.5193474298365681,0.01934742983656812,1.934742983656812,0.175,0.15963855421686748,improvement
0.75,0.5,8.4,0.25,0.0,0.1,-0.16666666666666666,0.016666666666666666,0.5,0.5195547576884716,0.01955475768847159,1.9554757688471591,0.175,0.1607142857142857,improvement
0.75,0.5,8.5,0.25,0.0,0.1,-0.16666666666666666,0.016666666666666666,0.5,0.5197620613929677,0.019762061392967656,1.9762061392967656,0.175,0.16176470588235292,improvement
0.75,0.5,8.6,0.25,0.0,0.1,-0.16666666666666666,0.016666666666666666,0.5,0.5199693406664037,0.019969340666403657,1.9969340666403657,0.175,0.16279069767441862,improvement
0.75,0.5,8.7,0.25,0.0,0.1,-0.16666666666666666,0.016666666666666666,0.5,0.5201765952252617,0.020176595225261718,2.0176595225261718,0.175,0.16379310344827586,improvement
0.75,0.5,8.8,0.25,0.0,0.1,-0.16666666666666666,0.016666666666666666,0.5,0.5203838247861596,0.020383824786159632,2.0383824786159632,0.175,0.1647727272727273,improvement
0.75,0.5,8.9,0.25,0.0,0.1,-0.16666666666666666,0.016666666666666666,0.5,0.5205910290658537,0.02059102906585375,2.059102906585375,0.175,0.1657303370786517,improvement
0.75,0.5,9.0,0.25,0.0,0.1,-0.16666666666666666,0.016666666666666666,0.5,0.5207982077812391,0.020798207781239086,2.0798207781239086,0.175,0.16666666666666669,improvement
0.75,0.5,9.1,0.25,0.0,0.1,-0.16666666666666666,0.016666666666666666,0.5,0.5210053606493519,0.02100536064935188,2.100536064935188,0.175,0.1675824175824176,improvement
0.75,0.5,9.2,0.25,0.0,0.1,-0.16666666666666666,0.016666666666666666,0.5,0.5212124873873709,0.021212487387370915,2.1212487387370915,0.175,0.16847826086956522,improvement
0.75,0.5,9.3,0.25,0.0,0.1,-0.16666666666666666,0.016666666666666666,0.5,0.5214195877126182,0.021419587712618204,2.1419587712618204,0.175,0.16935483870967744,improvement
0.75,0.5,9.4,0.25,0.0,0.1,-0.16666666666666666,0.016666666666666666,0.5,0.5216266613425622,0.021626661342562192,2.1626661342562192,0.175,0.17021276595744683,improvement
0.75,0.5,9.5,0.25,0.0,0.1,-0.16666666666666666,0.016666666666666666,0.5,0.5218337079948172,0.02183370799481721,2.183370799481721,0.175,0.17105263157894737,improvement
0.75,0.5,9.6,0.25,0.0,0.1,-0.16666666666666666,0.016666666666666666,0.5,0.5220407273871471,0.02204072738714713,2.204072738714713,0.175,0.171875,improvement
0.75,0.5,9.7,0.25,0.0,0.1,-0.16666666666666666,0.016666666666666666,0.5,0.522247719237465,0.022247719237465047,2.2247719237465047,0.175,0.17268041237113402,improvement
0.75,0.5,9.8,0.25,0.0,0.1,-0.16666666666666666,0.016666666666666666,0.5,0.5224546832638362,0.02245468326383615,2.245468326383615,0.175,0.17346938775510207,improvement
0.75,0.5,9.9,0.25,0.0,0.1,-0.16666666666666666,0.016666666666666666,0.5,0.5226616191844783,0.022661619184478288,2.2661619184478288,0.175,0.17424242424242425,improvement
0.75,0.5,10.0,0.25,0.0,0.1,-0.16666666666666666,0.016666666666666666,0.5,0.5228685267177642,0.02286852671776418,2.286852671776418,0.175,0.175,improvement
0.75,0.5,10.100000000000001,0.25,0.0,0.1,-0.16666666666666666,0.016666666666666666,0.5,0.5230754055822227,0.023075405582222652,2.3075405582222652,0.175,0.17574257425742576,improvement
0.75,0.5,10.2,0.25,0.0,0.1,-0.16666666666666666,0.016666666666666666,0.5,0.5232822554965397,0.023282255496539728,2.3282255496539728,0.175,0.1764705882352941,improvement
0.75,0.5,10.3,0.25,0.0,0.1,-0.16666666666666666,0.016666666666666666,0.5,0.5234890761795612,0.023489076179561197,2.3489076179561197,0.175,0.17718446601941748,improvement
0.75,0.5,10.4,0.25,0.0,0.1,-0.16666666666666666,0.016666666666666666,0.5,0.5236958673502932,0.023695867350293165,2.3695867350293165,0.175,0.1778846153846154,improvement
0.75,0.5,10.5,0.25,0.0,0.1,-0.16666666666666666,0.016666666666666666,0.5,0.5239026287279037,0.02390262872790372,2.390262872790372,0.175,0.17857142857142858,improvement
0.75,0.5,10.600000000000001,0.25,0.0,0.1,-0.16666666666666666,0.016666666666666666,0.5,0.5241093600317249,0.024109360031724925,2.4109360031724925,0.175,0.17924528301886794,improvement
0.75,0.5,10.7,0.25,0.0,0.1,-0.16666666666666666,0.016666666666666666,0.5,0.5243160609812538,0.02431606098125383,2.431606098125383,0.175,0.17990654205607476,improvement
0.75,0.5,10.8,0.25,0.0,0.1,-0.16666666666666666,0.016666666666666666,0.5,0.5245227312961543,0.024522731296154343,2.4522731296154343,0.175,0.18055555555555558,improvement
0.75,0.5,10.9,0.25,0.0,0.1,-0.16666666666666666,0.016666666666666666,0.5,0.5247293706962582,0.024729370696258246,2.4729370696258246,0.175,0.1811926605504587,improvement
0.75,0.5,11.0,0.25,0.0,0.1,-0.16666666666666666,0.016666666666666666,0.5,0.5249359789015673,0.02493597890156729,2.493597890156729,0.175,0.18181818181818182,improvement
0.75,0.5,11.100000000000001,0.25,0.0,0.1,-0.16666666666666666,0.016666666666666666,0.5,0.5251425556322541,0.025142555632254093,2.5142555632254093,0.175,0.18243243243243246,improvement
0.75,0.5,11.2,0.25,0.0,0.1,-0.16666666666666666,0.016666666666666666,0.5,0.5253491006086644,0.025349100608664354,2.5349100608664354,0.175,0.1830357142857143,improvement
0.75,0.5,11.3,0.25,0.0,0.1,-0.16666666666666666,0.016666666666666666,0.5,0.5255556135513175,0.025555613551317524,2.5555613551317524,0.175,0.1836283185840708,improvement
0.75,0.5,11.4,0.25,0.0,0.1,-0.16666666666666666,0.016666666666666666,0.5,0.5257620941809089,0.025762094180908912,2.576209418090891,0.175,0.1842105263157895,improvement
0.75,0.5,11.5,0.25,0.0,0.1,-0.16666666666666666,0.016666666666666666,0.5,0.525968542218311,0.02596854221831102,2.596854221831102,0.175,0.18478260869565216,improvement
0.75,0.5,11.600000000000001,0.25,0.0,0.1,-0.16666666666666666,0.016666666666666666,0.5,0.5261749573845748,0.02617495738457476,2.617495738457476,0.175,0.1853448275862069,improvement
0.75,0.5,11.7,0.25,0.0,0.1,-0.16666666666666666,0.016666666666666666,0.5,0.5263813394009315,0.02638133940093146,2.638133940093146,0.175,0.1858974358974359,improvement
0.75,0.5,11.8,0.25,0.0,0.1,-0.16666666666666666,0.016666666666666666,0.5,0.5265876879887937,0.02658768798879374,2.658768798879374,0.175,0.1864406779661017,improvement
0.75,0.5,11.9,0.25,0.0,0.1,-0.16666666666666666,0.016666666666666666,0.5,0.5267940028697575,0.026794002869757527,2.6794002869757527,0.175,0.1869747899159664,improvement
0.75,0.5,12.0,0.25,0.0,0.1,-0.16666666666666666,0.016666666666666666,0.5,0.5270002837656033,0.02700028376560326,2.700028376560326,0.175,0.1875,improvement
0.75,0.5,12.100000000000001,0.25,0.0,0.1,-0.16666666666666666,0.016666666666666666,0.5,0.5272065303982973,0.027206530398297346,2.7206530398297346,0.175,0.18801652892561985,improvement
0.75,0.5,12.2,0.25,0.0,0.1,-0.16666666666666666,0.016666666666666666,0.5,0.5274127424899937,0.027412742489993702,2.7412742489993702,0.175,0.1885245901639344,improvement
0.75,0.5,12.3,0.25,0.0,0.1,-0.16666666666666666,0.016666666666666666,0.5,0.5276189197630352,0.02761891976303521,2.761891976303521,0.175,0.18902439024390244,improvement
0.75,0.5,12.4,0.25,0.0,0.1,-0.16666666666666666,0.016666666666666666,0.5,0.5278250619399556,0.027825061939955598,2.7825061939955598,0.175,0.18951612903225806,improvement
0.75,0.5,12.5,0.25,0.0,0.1,-0.16666666666666666,0.016666666666666666,0.5,0.5280311687434799,0.028031168743479884,2.8031168743479884,0.175,0.19,improvement
0.75,0.5,12.600000000000001,0.25,0.0,0.1,-0.16666666666666666,0.016666666666666666,0.5,0.5282372398965269,0.028237239896526933,2.8237239896526933,0.175,0.19047619047619047,improvement
0.75,0.5,12.7,0.25,0.0,0.1,-0.16666666666666666,0.016666666666666666,0.5,0.5284432751222103,0.028443275122210343,2.8443275122210343,0.175,0.19094488188976377,improvement
0.75,0.5,12.8,0.25,0.0,0.1,-0.16666666666666666,0.016666666666666666,0.5,0.5286492741438399,0.028649274143839887,2.8649274143839887,0.175,0.19140625,improvement
0.75,0.5,12.9,0.25,0.0,0.1,-0.16666666666666666,0.016666666666666666,0.5,0.5288552366849235,0.028855236684923513,2.8855236684923513,0.175,0.19186046511627908,improvement
0.75,0.5,13.0,0.25,0.0,0.1,-0.16666666666666666,0.016666666666666666,0.5,0.5290611624691679,0.0290611624691679,2.90611624691679,0.175,0.1923076923076923,improvement
0.75,0.5,13.100000000000001,0.25,0.0,0.1,-0.16666666666666666,0.016666666666666666,0.5,0.5292670512204807,0.029267051220480678,2.9267051220480678,0.175,0.19274809160305345,improvement
0.75,0.5,13.2,0.25,0.0,0.1,-0.16666666666666666,0.016666666666666666,0.5,0.5294729026629716,0.029472902662971645,2.9472902662971645,0.175,0.19318181818181818,improvement
0.75,0.5,13.3,0.25,0.0,0.1,-0.16666666666666666,0.016666666666666666,0.5,0.5296787165209542,0.029678716520954218,2.967871652095422,0.175,0.19360902255639098,improvement
0.75,0.5,13.4,0.25,0.0,0.1,-0.16666666666666666,0.016666666666666666,0.5,0.5298844925189468,0.02988449251894676,2.988449251894676,0.175,0.19402985074626866,improvement
0.75,0.5,13.5,0.25,0.0,0.1,-0.16666666666666666,0.016666666666666666,0.5,0.5300902303816742,0.030090230381674243,3.0090230381674243,0.175,0.19444444444444445,improvement
0.75,0.5,13.600000000000001,0.25,0.0,0.1,-0.16666666666666666,0.016666666666666666,0.5,0.5302959298340694,0.03029592983406937,3.029592983406937,0.175,0.1948529411764706,improvement
0.75,0.5,13.7,0.25,0.0,0.1,-0.16666666666666666,0.016666666666666666,0.5,0.5305015906012742,0.03050159060127422,3.050159060127422,0.175,0.19525547445255476,improvement
0.75,0.5,13.8,0.25,0.0,0.1,-0.16666666666666666,0.016666666666666666,0.5,0.530707212408642,0.03070721240864205,3.070721240864205,0.175,0.1956521739130435,improvement
0.75,0.5,13.9,0.25,0.0,0.1,-0.16666666666666666,0.016666666666666666,0.5,0.530912794981738,0.030912794981738045,3.0912794981738045,0.175,0.1960431654676259,improvement
0.75,0.5,14.0,0.25,0.0,0.1,-0.16666666666666666,0.016666666666666666,0.5,0.5311183380463409,0.0311183380463409,3.11183380463409,0.175,0.19642857142857142,improvement
