a,b,L,q,theta0,eta,gradient_S_q,theta1,P_before,P_after,delta_P,delta_P_pp,initial_query_fraction,q_critical_raw,initial_effect
0.75,0.5,3.0,0.0,0.0,0.1,0.0,-0.0,0.5,0.5,0.0,0.0,0.0,0.0,zero
0.75,0.5,3.0,0.001,0.0,0.1,-0.0006002400960384159,6.002400960384159e-05,0.5,0.5000300120047388,3.0012004738844134e-05,0.0030012004738844134,0.0007,0.0,improvement
0.75,0.5,3.0,0.002,0.0,0.1,-0.001200960768614893,0.0001200960768614893,0.5,0.5000600480379256,6.004803792558633e-05,0.006004803792558633,0.0014,0.0,improvement
0.75,0.5,3.0,0.003,0.0,0.1,-0.0018021625951141387,0.00018021625951141387,0.5,0.5000901081280485,9.01081280485494e-05,0.00901081280485494,0.0021000000000000003,0.0,improvement
0.75,0.5,3.0,0.004,0.0,0.1,-0.002403846153846156,0.00024038461538461561,0.5,0.5001201923036409,0.00012019230364090916,0.012019230364090916,0.0028,0.0,improvement
0.75,0.5,3.0,0.005,0.0,0.1,-0.0030060120240480988,0.0003006012024048099,0.5,0.5001503005932799,0.0001503005932799173,0.01503005932799173,0.0035000000000000005,0.0,improvement
0.75,0.5,3.0,0.006,0.0,0.1,-0.00360866078588613,0.00036086607858861304,0.5,0.5001804330255879,0.00018043302558790053,0.018043302558790053,0.004200000000000001,0.0,improvement
0.75,0.5,3.0,0.007,0.0,0.1,-0.0042117930204572844,0.0004211793020457285,0.5,0.5002105896292314,0.00021058962923137248,0.021058962923137248,0.0049,0.0,improvement
0.75,0.5,3.0,0.008,0.0,0.1,-0.004815409309791336,0.00048154093097913366,0.5,0.5002407704329219,0.0002407704329219218,0.02407704329219218,0.0056,0.0,improvement
0.75,0.5,3.0,0.009000000000000001,0.0,0.1,-0.005419510236852674,0.0005419510236852674,0.5,0.500270975465416,0.00027097546541599016,0.027097546541599016,0.0063,0.0,improvement
0.75,0.5,3.0,0.01,0.0,0.1,-0.006024096385542173,0.0006024096385542174,0.5,0.5003012047555151,0.0003012047555150943,0.03012047555150943,0.007000000000000001,0.0,improvement
0.75,0.5,3.0,0.011,0.0,0.1,-0.006629168340699082,0.0006629168340699082,0.5,0.5003314583320653,0.00033145833206527087,0.03314583320652709,0.0077,0.0,improvement
0.75,0.5,3.0,0.012,0.0,0.1,-0.0072347266881029005,0.0007234726688102901,0.5,0.5003617362239583,0.00036173622395829774,0.036173622395829774,0.008400000000000001,0.0,improvement
0.75,0.5,3.0,0.013000000000000001,0.0,0.1,-0.007840772014475278,0.0007840772014475278,0.5,0.500392038460131,0.00039203846013102783,0.03920384601310278,0.0091,0.0,improvement
0.75,0.5,3.0,0.014,0.0,0.1,-0.008447304907481907,0.0008447304907481907,0.5,0.5004223650695652,0.00042236506956516706,0.042236506956516706,0.0098,0.0,improvement
0.75,0.5,3.0,0.015,0.0,0.1,-0.009054325955734415,0.0009054325955734415,0.5,0.5004527160812883,0.00045271608128827356,0.045271608128827356,0.010499999999999999,0.0,improvement
0.75,0.5,3.0,0.016,0.0,0.1,-0.009661835748792279,0.0009661835748792279,0.5,0.5004830915243732,0.0004830915243732026,0.04830915243732026,0.0112,0.0,improvement
0.75,0.5,3.0,0.017,0.0,0.1,-0.010269834877164728,0.0010269834877164729,0.5,0.5005134914279386,0.0005134914279385505,0.05134914279385505,0.0119,0.0,improvement
0.75,0.5,3.0,0.018000000000000002,0.0,0.1,-0.01087832393231266,0.001087832393231266,0.5,0.5005439158211482,0.0005439158211482109,0.05439158211482109,0.0126,0.0,improvement
0.75,0.5,3.0,0.019,0.0,0.1,-0.011487303506650533,0.0011487303506650534,0.5,0.5005743647332122,0.0005743647332121515,0.057436473321215153,0.013300000000000001,0.0,improvement
0.75,0.5,3.0,0.02,0.0,0.1,-0.012096774193548376,0.0012096774193548377,0.5,0.5006048381933859,0.0006048381933858593,0.06048381933858593,0.014000000000000002,0.0,improvement
0.75,0.5,3.0,0.021,0.0,0.1,-0.012706736587333591,0.0012706736587333593,0.5,0.5006353362309712,0.0006353362309712285,0.06353362309712285,0.014700000000000001,0.0,improvement
0.75,0.5,3.0,0.022,0.0,0.1,-0.01331719128329297,0.0013317191283292971,0.5,0.5006658588753157,0.0006658588753156724,0.06658588753156724,0.0154,0.0,improvement
0.75,0.5,3.0,0.023,0.0,0.1,-0.013928138877674598,0.00139281388776746,0.5,0.5006964061558128,0.0006964061558127899,0.06964061558127899,0.0161,0.0,improvement
0.75,0.5,3.0,0.024,0.0,0.1,-0.014539579967689812,0.0014539579967689812,0.5,0.5007269781019024,0.0007269781019023647,0.07269781019023647,0.016800000000000002,0.0,improvement
0.75,0.5,3.0,0.025,0.0,0.1,-0.015151515151515142,0.0015151515151515143,0.5,0.5007575747430708,0.0007575747430708102,0.07575747430708102,0.0175,0.0,improvement
0.75,0.5,3.0,0.026000000000000002,0.0,0.1,-0.01576394502829425,0.001576394502829425,0.5,0.5007881961088505,0.000788196108850503,0.0788196108850503,0.0182,0.0,improvement
0.75,0.5,3.0,0.027,0.0,0.1,-0.016376870198139905,0.0016376870198139906,0.5,0.5008188422288203,0.0008188422288203379,0.08188422288203379,0.0189,0.0,improvement
0.75,0.5,3.0,0.028,0.0,0.1,-0.016990291262135915,0.0016990291262135916,0.5,0.5008495131326057,0.0008495131326057281,0.08495131326057281,0.0196,0.0,improvement
0.75,0.5,3.0,0.029,0.0,0.1,-0.017604208822339127,0.0017604208822339128,0.5,0.5008802088498789,0.0008802088498789384,0.08802088498789384,0.020300000000000002,0.0,improvement
0.75,0.5,3.0,0.03,0.0,0.1,-0.01821862348178137,0.0018218623481781372,0.5,0.5009109294103586,0.0009109294103586407,0.09109294103586407,0.020999999999999998,0.0,improvement
0.75,0.5,3.0,0.031,0.0,0.1,-0.018833535844471443,0.0018833535844471443,0.5,0.5009416748438105,0.0009416748438104694,0.09416748438104694,0.0217,0.0,improvement
0.75,0.5,3.0,0.032,0.0,0.1,-0.019448946515397077,0.0019448946515397078,0.5,0.500972445180047,0.0009724451800470213,0.09724451800470213,0.0224,0.0,improvement
0.75,0.5,3.0,0.033,0.0,0.1,-0.02006485610052695,0.002006485610052695,0.5,0.501003240448928,0.0010032404489279667,0.10032404489279667,0.023100000000000002,0.0,improvement
0.75,0.5,3.0,0.034,0.0,0.1,-0.020681265206812648,0.002068126520681265,0.5,0.5010340606803597,0.0010340606803597163,0.10340606803597163,0.0238,0.0,improvement
0.75,0.5,3.0,0.035,0.0,0.1,-0.021298174442190666,0.0021298174442190665,0.5,0.5010649059042962,0.0010649059042961984,0.10649059042961984,0.0245,0.0,improvement
0.75,0.5,3.0,0.036000000000000004,0.0,0.1,-0.021915584415584412,0.0021915584415584414,0.5,0.5010957761507384,0.0010957761507384145,0.10957761507384145,0.0252,0.0,improvement
0.75,0.5,3.0,0.037,0.0,0.1,-0.02253349573690621,0.002253349573690621,0.5,0.5011266714497349,0.001126671449734884,0.1126671449734884,0.0259,0.0,improvement
0.75,0.5,3.0,0.038,0.0,0.1,-0.0231519090170593,0.00231519090170593,0.5,0.5011575918313812,0.0011575918313811995,0.11575918313811995,0.026600000000000002,0.0,improvement
0.75,0.5,3.0,0.039,0.0,0.1,-0.023770824867939862,0.002377082486793986,0.5,0.5011885373258211,0.0011885373258211374,0.11885373258211374,0.0273,0.0,improvement
0.75,0.5,3.0,0.04,0.0,0.1,-0.024390243902439025,0.002439024390243903,0.5,0.5012195079632455,0.0012195079632455474,0.12195079632455474,0.028000000000000004,0.0,improvement
0.75,0.5,3.0,0.041,0.0,0.1,-0.025010166734444894,0.0025010166734444894,0.5,0.5012505037738932,0.0012505037738932412,0.12505037738932412,0.028700000000000003,0.0,improvement
0.75,0.5,3.0,0.042,0.0,0.1,-0.02563059397884459,0.0025630593978844592,0.5,0.5012815247880509,0.0012815247880508807,0.12815247880508807,0.029400000000000003,0.0,improvement
0.75,0.5,3.0,0.043000000000000003,0.0,0.1,-0.026251526251526255,0.002625152625152626,0.5,0.501312571036053,0.0013125710360529785,0.13125710360529785,0.030100000000000005,0.0,improvement
0.75,0.5,3.0,0.044,0.0,0.1,-0.026872964169381088,0.002687296416938109,0.5,0.501343642548282,0.0013436425482820091,0.1343642548282009,0.0308,0.0,improvement
0.75,0.5,3.0,0.045,0.0,0.1,-0.0274949083503055,0.00274949083503055,0.5,0.5013747393551686,0.0013747393551686304,0.13747393551686304,0.0315,0.0,improvement
0.75,0.5,3.0,0.046,0.0,0.1,-0.028117359413202918,0.0028117359413202918,0.5,0.5014058614871917,0.0014058614871916841,0.1405861487191684,0.0322,0.0,improvement
0.75,0.5,3.0,0.047,0.0,0.1,-0.028740317977986145,0.0028740317977986145,0.5,0.5014370089748783,0.0014370089748783066,0.14370089748783066,0.0329,0.0,improvement
0.75,0.5,3.0,0.048,0.0,0.1,-0.0293637846655791,0.0029363784665579103,0.5,0.5014681818488039,0.0014681818488039289,0.1468181848803929,0.033600000000000005,0.0,improvement
0.75,0.5,3.0,0.049,0.0,0.1,-0.02998776009791922,0.0029987760097919224,0.5,0.5014993801395926,0.0014993801395926099,0.14993801395926099,0.034300000000000004,0.0,improvement
0.75,0.5,3.0,0.05,0.0,0.1,-0.030612244897959162,0.0030612244897959165,0.5,0.5015306038779168,0.001530603877916814,0.1530603877916814,0.035,0.0,improvement
0.75,0.5,3.0,0.051000000000000004,0.0,0.1,-0.03123723968966926,0.003123723968966926,0.5,0.5015618530944979,0.001561853094497856,0.1561853094497856,0.0357,0.0,improvement
0.75,0.5,3.0,0.052000000000000005,0.0,0.1,-0.0318627450980392,0.0031862745098039202,0.5,0.5015931278201058,0.0015931278201057886,0.15931278201057886,0.0364,0.0,improvement
0.75,0.5,3.0,0.053,0.0,0.1,-0.03248876174908051,0.003248876174908051,0.5,0.5016244280855593,0.001624428085559293,0.1624428085559293,0.0371,0.0,improvement
0.75,0.5,3.0,0.054,0.0,0.1,-0.033115290269828276,0.003311529026982828,0.5,0.5016557539217261,0.001655753921726122,0.1655753921726122,0.0378,0.0,improvement
0.75,0.5,3.0,0.055,0.0,0.1,-0.033742331288343565,0.0033742331288343567,0.5,0.5016871053595233,0.001687105359523322,0.1687105359523322,0.0385,0.0,improvement
0.75,0.5,3.0,0.056,0.0,0.1,-0.034369885433715205,0.0034369885433715207,0.5,0.5017184824299169,0.001718482429916901,0.1718482429916901,0.0392,0.0,improvement
0.75,0.5,3.0,0.057,0.0,0.1,-0.034997953336062225,0.0034997953336062225,0.5,0.5017498851639218,0.0017498851639218271,0.1749885163921827,0.039900000000000005,0.0,improvement
0.75,0.5,3.0,0.058,0.0,0.1,-0.03562653562653561,0.003562653562653561,0.5,0.501781313592603,0.0017813135926030288,0.17813135926030288,0.040600000000000004,0.0,improvement
0.75,0.5,3.0,0.059000000000000004,0.0,0.1,-0.03625563293732078,0.003625563293732078,0.5,0.5018127677470742,0.0018127677470741732,0.18127677470741732,0.0413,0.0,improvement
0.75,0.5,3.0,0.06,0.0,0.1,-0.03688524590163933,0.0036885245901639332,0.5,0.501844247658499,0.0018442476584989986,0.18442476584989986,0.041999999999999996,0.0,improvement
0.75,0.5,3.0,0.061,0.0,0.1,-0.03751537515375155,0.003751537515375155,0.5,0.5018757533580906,0.0018757533580906482,0.18757533580906482,0.0427,0.0,improvement
0.75,0.5,3.0,0.062,0.0,0.1,-0.038146021328958155,0.0038146021328958157,0.5,0.501907284877112,0.0019072848771120032,0.19072848771120032,0.0434,0.0,improvement
0.75,0.5,3.0,0.063,0.0,0.1,-0.038777185063602795,0.0038777185063602797,0.5,0.5019388422468758,0.0019388422468757938,0.19388422468757938,0.0441,0.0,improvement
0.75,0.5,3.0,0.064,0.0,0.1,-0.039408866995073885,0.003940886699507389,0.5,0.5019704254987447,0.00197042549874471,0.197042549874471,0.0448,0.0,improvement
0.75,0.5,3.0,0.065,0.0,0.1,-0.04004106776180699,0.004004106776180699,0.5,0.5020020346641314,0.0020020346641314024,0.20020346641314024,0.0455,0.0,improvement
0.75,0.5,3.0,0.066,0.0,0.1,-0.040673788003286755,0.004067378800328676,0.5,0.5020336697744985,0.002033669774498481,0.2033669774498481,0.046200000000000005,0.0,improvement
0.75,0.5,3.0,0.067,0.0,0.1,-0.04130702836004934,0.0041307028360049345,0.5,0.5020653308613592,0.0020653308613591825,0.20653308613591825,0.046900000000000004,0.0,improvement
0.75,0.5,3.0,0.068,0.0,0.1,-0.0419407894736842,0.00419407894736842,0.5,0.5020970179562767,0.0020970179562767033,0.20970179562767033,0.0476,0.0,improvement
0.75,0.5,3.0,0.069,0.0,0.1,-0.04257507198683671,0.004257507198683671,0.5,0.5021287310908649,0.002128731090864866,0.2128731090864866,0.0483,0.0,improvement
0.75,0.5,3.0,0.07,0.0,0.1,-0.043209876543209874,0.004320987654320987,0.5,0.5021604702967877,0.0021604702967876754,0.21604702967876754,0.049,0.0,improvement
0.75,0.5,3.0,0.07100000000000001,0.0,0.1,-0.043845203787566914,0.004384520378756691,0.5,0.5021922356057602,0.0021922356057602066,0.21922356057602066,0.04970000000000001,0.0,improvement
0.75,0.5,3.0,0.07200000000000001,0.0,0.1,-0.04448105436573311,0.004448105436573311,0.5,0.5022240270495479,0.0022240270495479386,0.22240270495479386,0.0504,0.0,improvement
0.75,0.5,3.0,0.073,0.0,0.1,-0.04511742892459829,0.004511742892459829,0.5,0.5022558446599673,0.00225584465996731,0.225584465996731,0.0511,0.0,improvement
0.75,0.5,3.0,0.074,0.0,0.1,-0.04575432811211871,0.004575432811211871,0.5,0.5022876884688855,0.002287688468885496,0.2287688468885496,0.0518,0.0,improvement
0.75,0.5,3.0,0.075,0.0,0.1,-0.04639175257731961,0.004639175257731961,0.5,0.5023195585082207,0.0023195585082207426,0.23195585082207426,0.052500000000000005,0.0,improvement
0.75,0.5,3.0,0.076,0.0,0.1,-0.04702970297029703,0.004702970297029704,0.5,0.5023514548099428,0.00235145480994281,0.235145480994281,0.053200000000000004,0.0,improvement
0.75,0.5,3.0,0.077,0.0,0.1,-0.047668179942220404,0.004766817994222041,0.5,0.502383377406072,0.0023833774060719737,0.23833774060719737,0.0539,0.0,improvement
0.75,0.5,3.0,0.078,0.0,0.1,-0.04830718414533443,0.0048307184145334435,0.5,0.5024153263286804,0.002415326328680356,0.2415326328680356,0.0546,0.0,improvement
0.75,0.5,3.0,0.079,0.0,0.1,-0.0489467162329616,0.004894671623296161,0.5,0.5024473016098914,0.0024473016098913725,0.24473016098913725,0.0553,0.0,improvement
0.75,0.5,3.0,0.08,0.0,0.1,-0.049586776859504134,0.0049586776859504135,0.5,0.5024793032818795,0.002479303281879508,0.2479303281879508,0.05600000000000001,0.0,improvement
0.75,0.5,3.0,0.081,0.0,0.1,-0.050227366680446486,0.005022736668044649,0.5,0.5025113313768717,0.0025113313768716505,0.25113313768716505,0.05670000000000001,0.0,improvement
0.75,0.5,3.0,0.082,0.0,0.1,-0.050868486352357314,0.005086848635235732,0.5,0.502543385927146,0.0025433859271459802,0.254338592714598,0.05740000000000001,0.0,improvement
0.75,0.5,3.0,0.083,0.0,0.1,-0.05151013653289204,0.005151013653289204,0.5,0.5025754669650324,0.0025754669650324136,0.25754669650324136,0.058100000000000006,0.0,improvement
0.75,0.5,3.0,0.084,0.0,0.1,-0.05215231788079472,0.005215231788079472,0.5,0.5026075745229128,0.0026075745229128255,0.26075745229128255,0.058800000000000005,0.0,improvement
0.75,0.5,3.0,0.085,0.0,0.1,-0.05279503105590063,0.005279503105590063,0.5,0.5026397086332215,0.0026397086332214936,0.26397086332214936,0.05950000000000001,0.0,improvement
0.75,0.5,3.0,0.08600000000000001,0.0,0.1,-0.05343827671913837,0.005343827671913837,0.5,0.5026718693284442,0.0026718693284442097,0.26718693284442097,0.06020000000000001,0.0,improvement
0.75,0.5,3.0,0.08700000000000001,0.0,0.1,-0.054082055532532126,0.005408205553253213,0.5,0.5027040566411195,0.002704056641119501,0.2704056641119501,0.06090000000000001,0.0,improvement
0.75,0.5,3.0,0.088,0.0,0.1,-0.05472636815920399,0.005472636815920399,0.5,0.5027362706038381,0.0027362706038380757,0.2736270603838076,0.0616,0.0,improvement
0.75,0.5,3.0,0.089,0.0,0.1,-0.0553712152633762,0.00553712152633762,0.5,0.502768511249243,0.002768511249243044,0.2768511249243044,0.0623,0.0,improvement
0.75,0.5,3.0,0.09,0.0,0.1,-0.056016597510373446,0.005601659751037345,0.5,0.5028007786100301,0.0028007786100301413,0.28007786100301413,0.063,0.0,improvement
0.75,0.5,3.0,0.091,0.0,0.1,-0.05666251556662517,0.005666251556662517,0.5,0.5028330727189475,0.0028330727189475047,0.28330727189475047,0.0637,0.0,improvement
0.75,0.5,3.0,0.092,0.0,0.1,-0.05730897009966778,0.005730897009966779,0.5,0.5028653936087963,0.0028653936087963405,0.28653936087963405,0.0644,0.0,improvement
0.75,0.5,3.0,0.093,0.0,0.1,-0.057955961778147075,0.0057955961778147075,0.5,0.5028977413124307,0.0028977413124307017,0.28977413124307017,0.0651,0.0,improvement
0.75,0.5,3.0,0.094,0.0,0.1,-0.05860349127182045,0.005860349127182045,0.5,0.5029301158627573,0.0029301158627572654,0.29301158627572654,0.0658,0.0,improvement
0.75,0.5,3.0,0.095,0.0,0.1,-0.059251559251559255,0.0059251559251559255,0.5,0.5029625172927361,0.002962517292736111,0.2962517292736111,0.0665,0.0,improvement
0.75,0.5,3.0,0.096,0.0,0.1,-0.05990016638935109,0.00599001663893511,0.5,0.5029949456353804,0.002994945635380386,0.2994945635380386,0.06720000000000001,0.0,improvement
0.75,0.5,3.0,0.097,0.0,0.1,-0.06054931335830213,0.006054931335830214,0.5,0.5030274009237565,0.003027400923756529,0.3027400923756529,0.0679,0.0,improvement
0.75,0.5,3.0,0.098,0.0,0.1,-0.061199000832639475,0.006119900083263948,0.5,0.5030598831909843,0.0030598831909842694,0.30598831909842694,0.06860000000000001,0.0,improvement
0.75,0.5,3.0,0.099,0.0,0.1,-0.061849229487713465,0.006184922948771347,0.5,0.5030923924702371,0.003092392470237071,0.3092392470237071,0.0693,0.0,improvement
0.75,0.5,3.0,0.1,0.0,0.1,-0.06250000000000001,0.006250000000000002,0.5,0.5031249287947415,0.003124928794741466,0.3124928794741466,0.07,0.0,improvement
0.75,0.5,3.0,0.101,0.0,0.1,-0.06315131304710297,0.006315131304710298,0.5,0.5031574921977785,0.0031574921977784998,0.31574921977785,0.07070000000000001,0.0,improvement
0.75,0.5,3.0,0.10200000000000001,0.0,0.1,-0.06380316930775647,0.006380316930775647,0.5,0.5031900827126823,0.003190082712682285,0.3190082712682285,0.0714,0.0,improvement
0.75,0.5,3.0,0.10300000000000001,0.0,0.1,-0.06445556946182729,0.006445556946182729,0.5,0.5032227003728413,0.003222700372841336,0.3222700372841336,0.07210000000000001,0.0,improvement
0.75,0.5,3.0,0.10400000000000001,0.0,0.1,-0.06510851419031721,0.0065108514190317214,0.5,0.5032553452116977,0.00325534521169768,0.325534521169768,0.0728,0.0,improvement
0.75,0.5,3.0,0.105,0.0,0.1,-0.06576200417536533,0.006576200417536534,0.5,0.5032880172627481,0.0032880172627480775,0.32880172627480775,0.0735,0.0,improvement
0.75,0.5,3.0,0.106,0.0,0.1,-0.06641604010025061,0.006641604010025061,0.5,0.5033207165595432,0.0033207165595432464,0.33207165595432464,0.0742,0.0,improvement
0.75,0.5,3.0,0.107,0.0,0.1,-0.06707062264939406,0.006707062264939407,0.5,0.5033534431356881,0.0033534431356880834,0.33534431356880834,0.0749,0.0,improvement
0.75,0.5,3.0,0.108,0.0,0.1,-0.0677257525083612,0.00677257525083612,0.5,0.5033861970248423,0.00338619702484233,0.338619702484233,0.0756,0.0,improvement
0.75,0.5,3.0,0.109,0.0,0.1,-0.06838143036386449,0.006838143036386449,0.5,0.5034189782607199,0.003418978260719907,0.3418978260719907,0.0763,0.0,improvement
0.75,0.5,3.0,0.11,0.0,0.1,-0.06903765690376568,0.006903765690376568,0.5,0.5034517868770896,0.00345178687708958,0.345178687708958,0.077,0.0,improvement
0.75,0.5,3.0,0.111,0.0,0.1,-0.06969443281707827,0.006969443281707827,0.5,0.5034846229077751,0.00348462290777507,0.348462290777507,0.0777,0.0,improvement
0.75,0.5,3.0,0.112,0.0,0.1,-0.07035175879396985,0.007035175879396985,0.5,0.5035174863866545,0.0035174863866545003,0.35174863866545003,0.0784,0.0,improvement
0.75,0.5,3.0,0.113,0.0,0.1,-0.07100963552576454,0.007100963552576455,0.5,0.5035503773476617,0.003550377347661726,0.3550377347661726,0.0791,0.0,improvement
0.75,0.5,3.0,0.114,0.0,0.1,-0.07166806370494551,0.007166806370494551,0.5,0.5035832958247849,0.0035832958247848934,0.35832958247848934,0.07980000000000001,0.0,improvement
0.75,0.5,3.0,0.115,0.0,0.1,-0.07232704402515723,0.007232704402515723,0.5,0.503616241852068,0.0036162418520679918,0.3616241852067992,0.0805,0.0,improvement
0.75,0.5,3.0,0.116,0.0,0.1,-0.07298657718120805,0.007298657718120805,0.5,0.5036492154636101,0.003649215463610078,0.3649215463610078,0.08120000000000001,0.0,improvement
0.75,0.5,3.0,0.117,0.0,0.1,-0.07364666386907259,0.0073646663869072595,0.5,0.5036822166935657,0.003682216693565721,0.3682216693565721,0.0819,0.0,improvement
0.75,0.5,3.0,0.11800000000000001,0.0,0.1,-0.0743073047858942,0.007430730478589421,0.5,0.5037152455761451,0.0037152455761451098,0.371524557614511,0.0826,0.0,improvement
0.75,0.5,3.0,0.11900000000000001,0.0,0.1,-0.07496850062998739,0.007496850062998739,0.5,0.5037483021456137,0.0037483021456137244,0.37483021456137244,0.08330000000000001,0.0,improvement
0.75,0.5,3.0,0.12,0.0,0.1,-0.07563025210084033,0.007563025210084034,0.5,0.5037813864362934,0.0037813864362934435,0.37813864362934435,0.08399999999999999,0.0,improvement
0.75,0.5,3.0,0.121,0.0,0.1,-0.07629255989911728,0.007629255989911728,0.5,0.5038144984825614,0.0038144984825614348,0.3814498482561435,0.0847,0.0,improvement
0.75,0.5,3.0,0.122,0.0,0.1,-0.07695542472666106,0.0076955424726661064,0.5,0.5038476383188513,0.0038476383188512653,0.38476383188512653,0.0854,0.0,improvement
0.75,0.5,3.0,0.123,0.0,0.1,-0.07761884728649558,0.007761884728649558,0.5,0.5038808059796525,0.0038808059796524574,0.38808059796524574,0.0861,0.0,improvement
0.75,0.5,3.0,0.124,0.0,0.1,-0.07828282828282829,0.007828282828282828,0.5,0.5039140014995109,0.003914001499510933,0.3914001499510933,0.0868,0.0,improvement
0.75,0.5,3.0,0.125,0.0,0.1,-0.07894736842105263,0.007894736842105263,0.5,0.5039472249130283,0.0039472249130283465,0.39472249130283465,0.0875,0.0,improvement
0.75,0.5,3.0,0.126,0.0,0.1,-0.07961246840775063,0.007961246840775064,0.5,0.5039804762548636,0.003980476254863641,0.3980476254863641,0.0882,0.0,improvement
0.75,0.5,3.0,0.127,0.0,0.1,-0.08027812895069532,0.008027812895069533,0.5,0.5040137555597319,0.004013755559731935,0.4013755559731935,0.0889,0.0,improvement
0.75,0.5,3.0,0.128,0.0,0.1,-0.0809443507588533,0.00809443507588533,0.5,0.504047062862405,0.004047062862404971,0.4047062862404971,0.0896,0.0,improvement
0.75,0.5,3.0,0.129,0.0,0.1,-0.08161113454238718,0.008161113454238719,0.5,0.5040803981977111,0.00408039819771111,0.40803981977111103,0.0903,0.0,improvement
0.75,0.5,3.0,0.13,0.0,0.1,-0.08227848101265822,0.008227848101265823,0.5,0.504113761600536,0.004113761600536003,0.41137616005360034,0.091,0.0,improvement
0.75,0.5,3.0,0.131,0.0,0.1,-0.0829463908822288,0.00829463908822288,0.5,0.5041471531058223,0.004147153105822254,0.41471531058222544,0.0917,0.0,improvement
0.75,0.5,3.0,0.132,0.0,0.1,-0.08361486486486487,0.008361486486486488,0.5,0.5041805727485695,0.004180572748569533,0.4180572748569533,0.09240000000000001,0.0,improvement
0.75,0.5,3.0,0.133,0.0,0.1,-0.08428390367553866,0.008428390367553867,0.5,0.5042140205638345,0.004214020563834464,0.4214020563834464,0.0931,0.0,improvement
0.75,0.5,3.0,0.134,0.0,0.1,-0.08495350803043111,0.008495350803043112,0.5,0.5042474965867316,0.004247496586731625,0.4247496586731625,0.09380000000000001,0.0,improvement
0.75,0.5,3.0,0.135,0.0,0.1,-0.08562367864693446,0.008562367864693447,0.5,0.5042810008524324,0.004281000852432437,0.4281000852432437,0.0945,0.0,improvement
0.75,0.5,3.0,0.136,0.0,0.1,-0.08629441624365483,0.008629441624365483,0.5,0.5043145333961665,0.004314533396166498,0.4314533396166498,0.0952,0.0,improvement
0.75,0.5,3.0,0.137,0.0,0.1,-0.08696572154041474,0.008696572154041474,0.5,0.5043480942532207,0.004348094253220691,0.4348094253220691,0.09590000000000001,0.0,improvement
0.75,0.5,3.0,0.138,0.0,0.1,-0.08763759525825572,0.008763759525825572,0.5,0.5043816834589399,0.004381683458939856,0.43816834589398557,0.0966,0.0,improvement
0.75,0.5,3.0,0.139,0.0,0.1,-0.08831003811944094,0.008831003811944094,0.5,0.5044153010487271,0.004415301048727116,0.4415301048727116,0.09730000000000001,0.0,improvement
0.75,0.5,3.0,0.14,0.0,0.1,-0.08898305084745764,0.008898305084745765,0.5,0.5044489470580429,0.004448947058042885,0.44489470580428847,0.098,0.0,improvement
0.75,0.5,3.0,0.14100000000000001,0.0,0.1,-0.08965663416701994,0.008965663416701995,0.5,0.5044826215224066,0.004482621522406638,0.4482621522406638,0.09870000000000001,0.0,improvement
0.75,0.5,3.0,0.14200000000000002,0.0,0.1,-0.09033078880407125,0.009033078880407126,0.5,0.5045163244773954,0.0045163244773953615,0.45163244773953615,0.09940000000000002,0.0,improvement
0.75,0.5,3.0,0.14300000000000002,0.0,0.1,-0.09100551548578702,0.009100551548578702,0.5,0.5045500559586451,0.004550055958645105,0.4550055958645105,0.10010000000000001,0.0,improvement
0.75,0.5,3.0,0.14400000000000002,0.0,0.1,-0.09168081494057727,0.009168081494057727,0.5,0.5045838160018501,0.004583816001850094,0.4583816001850094,0.1008,0.0,improvement
0.75,0.5,3.0,0.145,0.0,0.1,-0.09235668789808917,0.009235668789808917,0.5,0.5046176046427632,0.004617604642763173,0.46176046427631734,0.10149999999999999,0.0,improvement
0.75,0.5,3.0,0.146,0.0,0.1,-0.09303313508920984,0.009303313508920984,0.5,0.5046514219171961,0.004651421917196141,0.46514219171961413,0.1022,0.0,improvement
0.75,0.5,3.0,0.147,0.0,0.1,-0.09371015724606885,0.009371015724606885,0.5,0.5046852678610195,0.004685267861019526,0.46852678610195264,0.10289999999999999,0.0,improvement
0.75,0.5,3.0,0.148,0.0,0.1,-0.09438775510204081,0.009438775510204082,0.5,0.5047191425101629,0.004719142510162921,0.47191425101629214,0.1036,0.0,improvement
0.75,0.5,3.0,0.149,0.0,0.1,-0.09506592939174818,0.009506592939174819,0.5,0.5047530459006151,0.004753045900615094,0.4753045900615094,0.10429999999999999,0.0,improvement
0.75,0.5,3.0,0.15,0.0,0.1,-0.09574468085106382,0.009574468085106383,0.5,0.5047869780684241,0.004786978068424097,0.4786978068424097,0.10500000000000001,0.0,improvement
0.75,0.5,3.0,0.151,0.0,0.1,-0.09642401021711365,0.009642401021711365,0.5,0.5048209390496972,0.004820939049697159,0.48209390496971594,0.10569999999999999,0.0,improvement
0.75,0.5,3.0,0.152,0.0,0.1,-0.09710391822827938,0.009710391822827938,0.5,0.504854928880601,0.004854928880601017,0.4854928880601017,0.10640000000000001,0.0,improvement
0.75,0.5,3.0,0.153,0.0,0.1,-0.0977844056242011,0.00977844056242011,0.5,0.5048889475973624,0.004888947597362359,0.48889475973623586,0.1071,0.0,improvement
0.75,0.5,3.0,0.154,0.0,0.1,-0.09846547314578004,0.009846547314578005,0.5,0.504922995236267,0.004922995236267047,0.4922995236267047,0.1078,0.0,improvement
0.75,0.5,3.0,0.155,0.0,0.1,-0.09914712153518124,0.009914712153518124,0.5,0.5049570718336612,0.004957071833661231,0.49570718336612307,0.1085,0.0,improvement
0.75,0.5,3.0,0.156,0.0,0.1,-0.09982935153583618,0.009982935153583618,0.5,0.5049911774259508,0.004991177425950788,0.4991177425950788,0.1092,0.0,improvement
0.75,0.5,3.0,0.157,0.0,0.1,-0.10051216389244558,0.010051216389244558,0.5,0.505025312049602,0.005025312049601993,0.5025312049601993,0.1099,0.0,improvement
0.75,0.5,3.0,0.158,0.0,0.1,-0.10119555935098205,0.010119555935098206,0.5,0.5050594757411409,0.005059475741140851,0.5059475741140851,0.1106,0.0,improvement
0.75,0.5,3.0,0.159,0.0,0.1,-0.10187953865869286,0.010187953865869286,0.5,0.505093668537154,0.005093668537153984,0.5093668537153984,0.1113,0.0,improvement
0.75,0.5,3.0,0.16,0.0,0.1,-0.10256410256410256,0.010256410256410256,0.5,0.5051278904742886,0.005127890474288632,0.5127890474288632,0.11200000000000002,0.0,improvement
0.75,0.5,3.0,0.161,0.0,0.1,-0.10324925181701582,0.010324925181701583,0.5,0.5051621415892522,0.0051621415892522116,0.5162141589252212,0.1127,0.0,improvement
0.75,0.5,3.0,0.162,0.0,0.1,-0.1039349871685201,0.01039349871685201,0.5,0.5051964219188132,0.005196421918813199,0.5196421918813199,0.11340000000000001,0.0,improvement
0.75,0.5,3.0,0.163,0.0,0.1,-0.10462130937098846,0.010462130937098846,0.5,0.5052307314998008,0.0052307314998008,0.52307314998008,0.11410000000000001,0.0,improvement
0.75,0.5,3.0,0.164,0.0,0.1,-0.1053082191780822,0.010530821917808221,0.5,0.5052650703691051,0.005265070369105063,0.5265070369105063,0.11480000000000001,0.0,improvement
0.75,0.5,3.0,0.165,0.0,0.1,-0.10599571734475374,0.010599571734475375,0.5,0.5052994385636771,0.005299438563677095,0.5299438563677095,0.1155,0.0,improvement
0.75,0.5,3.0,0.166,0.0,0.1,-0.10668380462724936,0.010668380462724936,0.5,0.5053338361205295,0.0053338361205295115,0.5333836120529512,0.11620000000000001,0.0,improvement
0.75,0.5,3.0,0.167,0.0,0.1,-0.10737248178311186,0.010737248178311187,0.5,0.5053682630767355,0.005368263076735547,0.5368263076735547,0.1169,0.0,improvement
0.75,0.5,3.0,0.168,0.0,0.1,-0.10806174957118354,0.010806174957118355,0.5,0.505402719469431,0.00540271946943105,0.540271946943105,0.11760000000000001,0.0,improvement
0.75,0.5,3.0,0.169,0.0,0.1,-0.10875160875160876,0.010875160875160876,0.5,0.5054372053358122,0.005437205335812156,0.5437205335812156,0.1183,0.0,improvement
0.75,0.5,3.0,0.17,0.0,0.1,-0.10944206008583691,0.010944206008583693,0.5,0.5054717207131374,0.005471720713137396,0.5471720713137396,0.11900000000000002,0.0,improvement
0.75,0.5,3.0,0.171,0.0,0.1,-0.11013310433662518,0.01101331043366252,0.5,0.5055062656387275,0.00550626563872747,0.550626563872747,0.1197,0.0,improvement
0.75,0.5,3.0,0.17200000000000001,0.0,0.1,-0.11082474226804125,0.011082474226804126,0.5,0.5055408401499639,0.0055408401499639215,0.5540840149963921,0.12040000000000002,0.0,improvement
0.75,0.5,3.0,0.17300000000000001,0.0,0.1,-0.11151697464546627,0.011151697464546627,0.5,0.5055754442842915,0.005575444284291464,0.5575444284291464,0.12110000000000001,0.0,improvement
0.75,0.5,3.0,0.17400000000000002,0.0,0.1,-0.1122098022355976,0.01122098022355976,0.5,0.5056100780792163,0.0056100780792163185,0.5610078079216319,0.12180000000000002,0.0,improvement
0.75,0.5,3.0,0.17500000000000002,0.0,0.1,-0.11290322580645161,0.011290322580645162,0.5,0.5056447415723075,0.005644741572307543,0.5644741572307543,0.12250000000000001,0.0,improvement
0.75,0.5,3.0,0.176,0.0,0.1,-0.11359724612736662,0.011359724612736662,0.5,0.5056794348011961,0.005679434801196148,0.5679434801196148,0.1232,0.0,improvement
0.75,0.5,3.0,0.177,0.0,0.1,-0.11429186396900558,0.011429186396900558,0.5,0.5057141578035762,0.005714157803576203,0.5714157803576203,0.12389999999999998,0.0,improvement
0.75,0.5,3.0,0.178,0.0,0.1,-0.11498708010335917,0.011498708010335918,0.5,0.5057489106172042,0.005748910617204173,0.5748910617204173,0.1246,0.0,improvement
0.75,0.5,3.0,0.179,0.0,0.1,-0.11568289530374838,0.011568289530374838,0.5,0.5057836932798994,0.00578369327989936,0.578369327989936,0.1253,0.0,improvement
0.75,0.5,3.0,0.18,0.0,0.1,-0.11637931034482758,0.01163793103448276,0.5,0.5058185058295441,0.005818505829544129,0.5818505829544129,0.126,0.0,improvement
0.75,0.5,3.0,0.181,0.0,0.1,-0.11707632600258731,0.011707632600258732,0.5,0.5058533483040843,0.005853348304084349,0.5853348304084349,0.12669999999999998,0.0,improvement
0.75,0.5,3.0,0.182,0.0,0.1,-0.1177739430543572,0.011777394305435722,0.5,0.5058882207415283,0.005888220741528283,0.5888220741528283,0.1274,0.0,improvement
0.75,0.5,3.0,0.183,0.0,0.1,-0.11847216227880879,0.01184721622788088,0.5,0.5059231231799479,0.00592312317994792,0.592312317994792,0.1281,0.0,improvement
0.75,0.5,3.0,0.184,0.0,0.1,-0.11917098445595857,0.011917098445595858,0.5,0.5059580556574792,0.0059580556574792,0.59580556574792,0.1288,0.0,improvement
0.75,0.5,3.0,0.185,0.0,0.1,-0.11987041036717061,0.011987041036717062,0.5,0.5059930182123211,0.005993018212321122,0.5993018212321122,0.1295,0.0,improvement
0.75,0.5,3.0,0.186,0.0,0.1,-0.12057044079515991,0.012057044079515992,0.5,0.5060280108827364,0.006028010882736412,0.6028010882736412,0.1302,0.0,improvement
0.75,0.5,3.0,0.187,0.0,0.1,-0.12127107652399481,0.012127107652399481,0.5,0.506063033707052,0.006063033707051968,0.6063033707051968,0.1309,0.0,improvement
0.75,0.5,3.0,0.188,0.0,0.1,-0.12197231833910034,0.012197231833910034,0.5,0.5060980867236586,0.006098086723658636,0.6098086723658636,0.1316,0.0,improvement
0.75,0.5,3.0,0.189,0.0,0.1,-0.12267416702726092,0.012267416702726092,0.5,0.5061331699710114,0.006133169971011432,0.6133169971011432,0.1323,0.0,improvement
0.75,0.5,3.0,0.19,0.0,0.1,-0.12337662337662339,0.01233766233766234,0.5,0.5061682834876292,0.006168283487629211,0.6168283487629211,0.133,0.0,improvement
0.75,0.5,3.0,0.191,0.0,0.1,-0.12407968817669986,0.012407968817669986,0.5,0.5062034273120959,0.006203427312095888,0.6203427312095888,0.13369999999999999,0.0,improvement
0.75,0.5,3.0,0.192,0.0,0.1,-0.12478336221837091,0.012478336221837092,0.5,0.5062386014830595,0.006238601483059547,0.6238601483059547,0.13440000000000002,0.0,improvement
0.75,0.5,3.0,0.193,0.0,0.1,-0.12548764629388817,0.012548764629388818,0.5,0.5062738060392329,0.006273806039232888,0.6273806039232888,0.1351,0.0,improvement
0.75,0.5,3.0,0.194,0.0,0.1,-0.12619254119687773,0.012619254119687773,0.5,0.5063090410193936,0.0063090410193935575,0.6309041019393558,0.1358,0.0,improvement
0.75,0.5,3.0,0.195,0.0,0.1,-0.12689804772234275,0.012689804772234275,0.5,0.5063443064623843,0.006344306462384264,0.6344306462384264,0.1365,0.0,improvement
0.75,0.5,3.0,0.196,0.0,0.1,-0.12760416666666666,0.012760416666666666,0.5,0.5063796024071124,0.006379602407112439,0.6379602407112439,0.13720000000000002,0.0,improvement
0.75,0.5,3.0,0.197,0.0,0.1,-0.12831089882761615,0.012831089882761616,0.5,0.506414928892551,0.0064149288925510195,0.641492889255102,0.1379,0.0,improvement
0.75,0.5,3.0,0.198,0.0,0.1,-0.12901824500434406,0.012901824500434407,0.5,0.506450285957738,0.006450285957738,0.6450285957738,0.1386,0.0,improvement
0.75,0.5,3.0,0.199,0.0,0.1,-0.12972620599739243,0.012972620599739243,0.5,0.5064856736417771,0.006485673641777101,0.6485673641777101,0.1393,0.0,improvement
0.75,0.5,3.0,0.2,0.0,0.1,-0.13043478260869568,0.013043478260869568,0.5,0.5065210919838377,0.006521091983837657,0.6521091983837657,0.14,0.0,improvement
0.75,0.5,3.0,0.201,0.0,0.1,-0.1311439756415833,0.013114397564158331,0.5,0.5065565410231545,0.006556541023154505,0.6556541023154505,0.1407,0.0,improvement
0.75,0.5,3.0,0.202,0.0,0.1,-0.1318537859007833,0.013185378590078331,0.5,0.5065920207990285,0.006592020799028542,0.6592020799028542,0.14140000000000003,0.0,improvement
0.75,0.5,3.0,0.203,0.0,0.1,-0.13256421419242492,0.013256421419242492,0.5,0.5066275313508266,0.00662753135082661,0.662753135082661,0.1421,0.0,improvement
0.75,0.5,3.0,0.20400000000000001,0.0,0.1,-0.13327526132404183,0.013327526132404184,0.5,0.5066630727179817,0.006663072717981722,0.6663072717981722,0.1428,0.0,improvement
0.75,0.5,3.0,0.20500000000000002,0.0,0.1,-0.13398692810457516,0.013398692810457517,0.5,0.5066986449399933,0.006698644939993281,0.6698644939993281,0.14350000000000002,0.0,improvement
0.75,0.5,3.0,0.20600000000000002,0.0,0.1,-0.13469921534437665,0.013469921534437665,0.5,0.5067342480564268,0.00673424805642675,0.673424805642675,0.14420000000000002,0.0,improvement
0.75,0.5,3.0,0.20700000000000002,0.0,0.1,-0.1354121238552115,0.013541212385521152,0.5,0.5067698821069146,0.006769882106914649,0.6769882106914649,0.1449,0.0,improvement
0.75,0.5,3.0,0.20800000000000002,0.0,0.1,-0.1361256544502618,0.013612565445026183,0.5,0.5068055471311559,0.006805547131155887,0.6805547131155887,0.1456,0.0,improvement
0.75,0.5,3.0,0.209,0.0,0.1,-0.1368398079441292,0.013683980794412921,0.5,0.5068412431689163,0.006841243168916322,0.6841243168916322,0.14629999999999999,0.0,improvement
0.75,0.5,3.0,0.21,0.0,0.1,-0.13755458515283842,0.013755458515283842,0.5,0.5068769702600286,0.0068769702600286475,0.6876970260028648,0.147,0.0,improvement
0.75,0.5,3.0,0.211,0.0,0.1,-0.1382699868938401,0.01382699868938401,0.5,0.5069127284443927,0.006912728444392724,0.6912728444392724,0.1477,0.0,improvement
0.75,0.5,3.0,0.212,0.0,0.1,-0.13898601398601398,0.013898601398601398,0.5,0.5069485177619757,0.006948517761975692,0.6948517761975692,0.1484,0.0,improvement
0.75,0.5,3.0,0.213,0.0,0.1,-0.13970266724967206,0.013970266724967206,0.5,0.5069843382528123,0.0069843382528123055,0.6984338252812305,0.14909999999999998,0.0,improvement
0.75,0.5,3.0,0.214,0.0,0.1,-0.14041994750656167,0.014041994750656168,0.5,0.5070201899570045,0.007020189957004486,0.7020189957004486,0.1498,0.0,improvement
0.75,0.5,3.0,0.215,0.0,0.1,-0.14113785557986872,0.014113785557986872,0.5,0.507056072914722,0.007056072914721989,0.7056072914721989,0.1505,0.0,improvement
0.75,0.5,3.0,0.216,0.0,0.1,-0.14185639229422067,0.014185639229422068,0.5,0.5070919871662022,0.007091987166202185,0.7091987166202185,0.1512,0.0,improvement
0.75,0.5,3.0,0.217,0.0,0.1,-0.1425755584756899,0.01425755584756899,0.5,0.5071279327517508,0.007127932751750832,0.7127932751750832,0.15189999999999998,0.0,improvement
0.75,0.5,3.0,0.218,0.0,0.1,-0.14329535495179668,0.014329535495179669,0.5,0.5071639097117413,0.007163909711741301,0.7163909711741301,0.1526,0.0,improvement
0.75,0.5,3.0,0.219,0.0,0.1,-0.14401578255151248,0.014401578255151249,0.5,0.5071999180866156,0.007199918086615575,0.7199918086615575,0.1533,0.0,improvement
0.75,0.5,3.0,0.22,0.0,0.1,-0.14473684210526314,0.014473684210526314,0.5,0.5072359579168837,0.007235957916883695,0.7235957916883695,0.154,0.0,improvement
0.75,0.5,3.0,0.221,0.0,0.1,-0.145458534444932,0.014545853444493202,0.5,0.5072720292431245,0.007272029243124534,0.7272029243124534,0.1547,0.0,improvement
0.75,0.5,3.0,0.222,0.0,0.1,-0.14618086040386305,0.014618086040386306,0.5,0.5073081321059854,0.007308132105985354,0.7308132105985354,0.1554,0.0,improvement
0.75,0.5,3.0,0.223,0.0,0.1,-0.1469038208168643,0.01469038208168643,0.5,0.5073442665461824,0.007344266546182365,0.7344266546182365,0.1561,0.0,improvement
0.75,0.5,3.0,0.224,0.0,0.1,-0.1476274165202109,0.014762741652021093,0.5,0.5073804326045006,0.0073804326045006086,0.7380432604500609,0.1568,0.0,improvement
0.75,0.5,3.0,0.225,0.0,0.1,-0.14835164835164838,0.014835164835164838,0.5,0.5074166303217943,0.007416630321794293,0.7416630321794293,0.1575,0.0,improvement
0.75,0.5,3.0,0.226,0.0,0.1,-0.1490765171503958,0.01490765171503958,0.5,0.5074528597389869,0.007452859738986906,0.7452859738986906,0.1582,0.0,improvement
0.75,0.5,3.0,0.227,0.0,0.1,-0.14980202375714916,0.014980202375714916,0.5,0.5074891208970711,0.0074891208970711,0.74891208970711,0.15889999999999999,0.0,improvement
0.75,0.5,3.0,0.228,0.0,0.1,-0.1505281690140845,0.015052816901408451,0.5,0.5075254138371095,0.007525413837109474,0.7525413837109474,0.15960000000000002,0.0,improvement
0.75,0.5,3.0,0.229,0.0,0.1,-0.1512549537648613,0.015125495376486131,0.5,0.5075617386002338,0.007561738600233792,0.7561738600233792,0.1603,0.0,improvement
0.75,0.5,3.0,0.23,0.0,0.1,-0.15198237885462557,0.015198237885462557,0.5,0.5075980952276458,0.0075980952276457625,0.7598095227645763,0.161,0.0,improvement
0.75,0.5,3.0,0.231,0.0,0.1,-0.15271044513001322,0.015271044513001323,0.5,0.5076344837606173,0.007634483760617261,0.7634483760617261,0.1617,0.0,improvement
0.75,0.5,3.0,0.232,0.0,0.1,-0.15343915343915346,0.015343915343915347,0.5,0.5076709042404903,0.007670904240490328,0.7670904240490328,0.16240000000000002,0.0,improvement
0.75,0.5,3.0,0.233,0.0,0.1,-0.15416850463167184,0.015416850463167184,0.5,0.5077073567086767,0.007707356708676727,0.7707356708676727,0.1631,0.0,improvement
0.75,0.5,3.0,0.234,0.0,0.1,-0.15489849955869375,0.015489849955869377,0.5,0.507743841206659,0.007743841206659052,0.7743841206659052,0.1638,0.0,improvement
0.75,0.5,3.0,0.23500000000000001,0.0,0.1,-0.1556291390728477,0.015562913907284771,0.5,0.5077803577759905,0.00778035777599051,0.778035777599051,0.1645,0.0,improvement
0.75,0.5,3.0,0.23600000000000002,0.0,0.1,-0.15636042402826855,0.015636042402826855,0.5,0.5078169064582945,0.00781690645829447,0.781690645829447,0.1652,0.0,improvement
0.75,0.5,3.0,0.23700000000000002,0.0,0.1,-0.157092355280601,0.0157092355280601,0.5,0.5078534872952658,0.007853487295265804,0.7853487295265804,0.1659,0.0,improvement
0.75,0.5,3.0,0.23800000000000002,0.0,0.1,-0.15782493368700268,0.01578249336870027,0.5,0.5078901003286698,0.007890100328669769,0.7890100328669769,0.16660000000000003,0.0,improvement
0.75,0.5,3.0,0.23900000000000002,0.0,0.1,-0.15855816010614773,0.015855816010614775,0.5,0.5079267456003433,0.007926745600343343,0.7926745600343343,0.1673,0.0,improvement
0.75,0.5,3.0,0.24,0.0,0.1,-0.1592920353982301,0.01592920353982301,0.5,0.5079634231521941,0.007963423152194116,0.7963423152194116,0.16799999999999998,0.0,improvement
0.75,0.5,3.0,0.241,0.0,0.1,-0.1600265604249668,0.01600265604249668,0.5,0.5080001330262017,0.008000133026201728,0.8000133026201728,0.1687,0.0,improvement
0.75,0.5,3.0,0.242,0.0,0.1,-0.16076173604960142,0.016076173604960144,0.5,0.508036875264417,0.008036875264416987,0.8036875264416987,0.1694,0.0,improvement
0.75,0.5,3.0,0.243,0.0,0.1,-0.16149756313690738,0.016149756313690738,0.5,0.5080736499089626,0.008073649908962643,0.8073649908962643,0.1701,0.0,improvement
0.75,0.5,3.0,0.244,0.0,0.1,-0.16223404255319146,0.016223404255319148,0.5,0.5081104570020332,0.008110457002033167,0.8110457002033167,0.1708,0.0,improvement
0.75,0.5,3.0,0.245,0.0,0.1,-0.1629711751662971,0.01629711751662971,0.5,0.5081472965858953,0.008147296585895303,0.8147296585895303,0.17149999999999999,0.0,improvement
0.75,0.5,3.0,0.246,0.0,0.1,-0.1637089618456078,0.01637089618456078,0.5,0.5081841687028876,0.008184168702887629,0.8184168702887629,0.1722,0.0,improvement
0.75,0.5,3.0,0.247,0.0,0.1,-0.16444740346205058,0.01644474034620506,0.5,0.5082210733954213,0.00822107339542133,0.822107339542133,0.1729,0.0,improvement
0.75,0.5,3.0,0.248,0.0,0.1,-0.16518650088809947,0.01651865008880995,0.5,0.5082580107059799,0.008258010705979868,0.8258010705979868,0.1736,0.0,improvement
0.75,0.5,3.0,0.249,0.0,0.1,-0.16592625499777877,0.01659262549977788,0.5,0.5082949806771195,0.008294980677119534,0.8294980677119534,0.17429999999999998,0.0,improvement
0.75,0.5,3.0,0.25,0.0,0.1,-0.16666666666666666,0.016666666666666666,0.5,0.5083319833514695,0.008331983351469452,0.8331983351469452,0.175,0.0,improvement
0.75,0.5,3.0,0.251,0.0,0.1,-0.1674077367718986,0.01674077367718986,0.5,0.5083690187717314,0.008369018771731351,0.8369018771731351,0.17570000000000002,0.0,improvement
0.75,0.5,3.0,0.252,0.0,0.1,-0.1681494661921708,0.01681494661921708,0.5,0.5084060869806803,0.00840608698068035,0.840608698068035,0.1764,0.0,improvement
0.75,0.5,3.0,0.253,0.0,0.1,-0.16889185580774366,0.016889185580774367,0.5,0.5084431880211648,0.008443188021164838,0.8443188021164838,0.17709999999999998,0.0,improvement
0.75,0.5,3.0,0.254,0.0,0.1,-0.16963490650044524,0.016963490650044526,0.5,0.5084803219361061,0.00848032193610615,0.848032193610615,0.1778,0.0,improvement
0.75,0.5,3.0,0.255,0.0,0.1,-0.17037861915367483,0.017037861915367485,0.5,0.5085174887684999,0.008517488768499892,0.8517488768499892,0.17850000000000002,0.0,improvement
0.75,0.5,3.0,0.256,0.0,0.1,-0.17112299465240643,0.017112299465240646,0.5,0.5085546885614148,0.008554688561414836,0.8554688561414836,0.1792,0.0,improvement
0.75,0.5,3.0,0.257,0.0,0.1,-0.17186803388319216,0.017186803388319218,0.5,0.5085919213579939,0.008591921357993915,0.8591921357993915,0.1799,0.0,improvement
0.75,0.5,3.0,0.258,0.0,0.1,-0.17261373773416594,0.017261373773416595,0.5,0.5086291872014537,0.00862918720145367,0.862918720145367,0.1806,0.0,improvement
0.75,0.5,3.0,0.259,0.0,0.1,-0.17336010709504684,0.017336010709504687,0.5,0.5086664861350854,0.00866648613508536,0.8666486135085361,0.18130000000000002,0.0,improvement
0.75,0.5,3.0,0.26,0.0,0.1,-0.17410714285714285,0.017410714285714286,0.5,0.5087038182022542,0.008703818202254188,0.8703818202254188,0.182,0.0,improvement
0.75,0.5,3.0,0.261,0.0,0.1,-0.17485484591335418,0.017485484591335417,0.5,0.5087411834464,0.008741183446399958,0.8741183446399958,0.1827,0.0,improvement
0.75,0.5,3.0,0.262,0.0,0.1,-0.17560321715817695,0.017560321715817697,0.5,0.5087785819110373,0.008778581911037309,0.8778581911037309,0.1834,0.0,improvement
0.75,0.5,3.0,0.263,0.0,0.1,-0.17635225748770675,0.017635225748770675,0.5,0.5088160136397554,0.008816013639755371,0.8816013639755371,0.1841,0.0,improvement
0.75,0.5,3.0,0.264,0.0,0.1,-0.17710196779964224,0.017710196779964226,0.5,0.5088534786762184,0.00885347867621844,0.885347867621844,0.18480000000000002,0.0,improvement
0.75,0.5,3.0,0.265,0.0,0.1,-0.1778523489932886,0.017785234899328862,0.5,0.5088909770641659,0.008890977064165861,0.8890977064165861,0.1855,0.0,improvement
0.75,0.5,3.0,0.266,0.0,0.1,-0.17860340196956134,0.017860340196956134,0.5,0.508928508847412,0.008928508847412031,0.8928508847412031,0.1862,0.0,improvement
0.75,0.5,3.0,0.267,0.0,0.1,-0.1793551276309897,0.01793551276309897,0.5,0.5089660740698473,0.008966074069847285,0.8966074069847285,0.1869,0.0,improvement
0.75,0.5,3.0,0.268,0.0,0.1,-0.18010752688172044,0.018010752688172045,0.5,0.5090036727754372,0.009003672775437233,0.9003672775437233,0.18760000000000002,0.0,improvement
0.75,0.5,3.0,0.269,0.0,0.1,-0.18086060062752132,0.018086060062752134,0.5,0.5090413050082232,0.0090413050082232,0.9041305008223199,0.1883,0.0,improvement
0.75,0.5,3.0,0.27,0.0,0.1,-0.18161434977578478,0.018161434977578477,0.5,0.5090789708123226,0.009078970812322562,0.9078970812322562,0.189,0.0,improvement
0.75,0.5,3.0,0.271,0.0,0.1,-0.18236877523553163,0.018236877523553165,0.5,0.5091166702319287,0.009116670231928747,0.9116670231928747,0.18970000000000004,0.0,improvement
0.75,0.5,3.0,0.272,0.0,0.1,-0.18312387791741475,0.018312387791741474,0.5,0.5091544033113113,0.009154403311311343,0.9154403311311343,0.1904,0.0,improvement
0.75,0.5,3.0,0.273,0.0,0.1,-0.18387965873372253,0.018387965873372252,0.5,0.5091921700948165,0.009192170094816543,0.9192170094816543,0.1911,0.0,improvement
0.75,0.5,3.0,0.274,0.0,0.1,-0.18463611859838278,0.01846361185983828,0.5,0.5092299706268666,0.00922997062686659,0.922997062686659,0.19180000000000003,0.0,improvement
0.75,0.5,3.0,0.275,0.0,0.1,-0.1853932584269663,0.01853932584269663,0.5,0.5092678049519612,0.009267804951961223,0.9267804951961223,0.19250000000000003,0.0,improvement
0.75,0.5,3.0,0.276,0.0,0.1,-0.18615107913669066,0.018615107913669066,0.5,0.5093056731146763,0.009305673114676338,0.9305673114676338,0.1932,0.0,improvement
0.75,0.5,3.0,0.277,0.0,0.1,-0.18690958164642377,0.018690958164642377,0.5,0.5093435751596653,0.00934357515966533,0.9343575159665329,0.19390000000000002,0.0,improvement
0.75,0.5,3.0,0.278,0.0,0.1,-0.18766876687668768,0.01876687668766877,0.5,0.5093815111316587,0.009381511131658749,0.9381511131658749,0.19460000000000002,0.0,improvement
0.75,0.5,3.0,0.279,0.0,0.1,-0.18842863574966232,0.018842863574966232,0.5,0.5094194810754642,0.009419481075464198,0.9419481075464198,0.19530000000000003,0.0,improvement
0.75,0.5,3.0,0.28,0.0,0.1,-0.18918918918918923,0.018918918918918923,0.5,0.5094574850359672,0.009457485035967217,0.9457485035967217,0.196,0.0,improvement
0.75,0.5,3.0,0.281,0.0,0.1,-0.18995042812077514,0.018995042812077517,0.5,0.5094955230581308,0.00949552305813084,0.9495523058130839,0.1967,0.0,improvement
0.75,0.5,3.0,0.28200000000000003,0.0,0.1,-0.19071235347159604,0.019071235347159605,0.5,0.5095335951869961,0.009533595186996147,0.9533595186996147,0.19740000000000002,0.0,improvement
0.75,0.5,3.0,0.28300000000000003,0.0,0.1,-0.1914749661705007,0.01914749661705007,0.5,0.5095717014676818,0.009571701467681826,0.9571701467681826,0.19810000000000003,0.0,improvement
0.75,0.5,3.0,0.28400000000000003,0.0,0.1,-0.19223826714801445,0.019223826714801447,0.5,0.5096098419453853,0.009609841945385278,0.9609841945385278,0.19880000000000003,0.0,improvement
0.75,0.5,3.0,0.28500000000000003,0.0,0.1,-0.19300225733634316,0.019300225733634317,0.5,0.5096480166653821,0.009648016665382064,0.9648016665382064,0.1995,0.0,improvement
0.75,0.5,3.0,0.28600000000000003,0.0,0.1,-0.19376693766937672,0.019376693766937673,0.5,0.5096862256730261,0.009686225673026128,0.9686225673026128,0.20020000000000002,0.0,improvement
0.75,0.5,3.0,0.28700000000000003,0.0,0.1,-0.1945323090826932,0.019453230908269323,0.5,0.5097244690137503,0.009724469013750348,0.9724469013750348,0.20090000000000002,0.0,improvement
0.75,0.5,3.0,0.28800000000000003,0.0,0.1,-0.19529837251356244,0.019529837251356246,0.5,0.5097627467330664,0.00976274673306643,0.976274673306643,0.2016,0.0,improvement
0.75,0.5,3.0,0.289,0.0,0.1,-0.19606512890094976,0.019606512890094976,0.5,0.5098010588765648,0.009801058876564794,0.9801058876564794,0.20229999999999998,0.0,improvement
0.75,0.5,3.0,0.29,0.0,0.1,-0.19683257918552033,0.019683257918552036,0.5,0.5098394054899157,0.009839405489915687,0.9839405489915687,0.20299999999999999,0.0,improvement
0.75,0.5,3.0,0.291,0.0,0.1,-0.19760072430964237,0.01976007243096424,0.5,0.509877786618868,0.009877786618867956,0.9877786618867956,0.2037,0.0,improvement
0.75,0.5,3.0,0.292,0.0,0.1,-0.19836956521739127,0.019836956521739127,0.5,0.5099162023092507,0.009916202309250721,0.9916202309250721,0.2044,0.0,improvement
0.75,0.5,3.0,0.293,0.0,0.1,-0.19913910285455372,0.019913910285455375,0.5,0.5099546526069725,0.00995465260697248,0.9954652606972481,0.20509999999999998,0.0,improvement
0.75,0.5,3.0,0.294,0.0,0.1,-0.199909338168631,0.0199909338168631,0.5,0.5099931375580216,0.009993137558021559,0.9993137558021559,0.20579999999999998,0.0,improvement
0.75,0.5,3.0,0.295,0.0,0.1,-0.20068027210884354,0.020068027210884354,0.5,0.5100316572084662,0.010031657208466216,1.0031657208466216,0.2065,0.0,improvement
0.75,0.5,3.0,0.296,0.0,0.1,-0.2014519056261343,0.020145190562613432,0.5,0.5100702116044553,0.010070211604455315,1.0070211604455315,0.2072,0.0,improvement
0.75,0.5,3.0,0.297,0.0,0.1,-0.20222423967317293,0.020222423967317295,0.5,0.5101088007922178,0.010108800792217765,1.0108800792217765,0.20789999999999997,0.0,improvement
0.75,0.5,3.0,0.298,0.0,0.1,-0.20299727520435965,0.020299727520435965,0.5,0.5101474248180634,0.01014742481806341,1.014742481806341,0.20859999999999998,0.0,improvement
0.75,0.5,3.0,0.299,0.0,0.1,-0.20377101317582916,0.020377101317582916,0.5,0.5101860837283824,0.010186083728382367,1.0186083728382367,0.20929999999999999,0.0,improvement
0.75,0.5,3.0,0.3,0.0,0.1,-0.2045454545454545,0.02045454545454545,0.5,0.510224777569646,0.010224777569646015,1.0224777569646015,0.21000000000000002,0.0,improvement
0.75,0.5,3.0,0.301,0.0,0.1,-0.20532060027285132,0.020532060027285134,0.5,0.5102635063884067,0.010263506388406674,1.0263506388406674,0.21069999999999997,0.0,improvement
0.75,0.5,3.0,0.302,0.0,0.1,-0.20609645131938123,0.020609645131938123,0.5,0.510302270231298,0.010302270231298039,1.0302270231298039,0.21139999999999998,0.0,improvement
0.75,0.5,3.0,0.303,0.0,0.1,-0.20687300864815658,0.02068730086481566,0.5,0.510341069145035,0.010341069145034965,1.0341069145034965,0.2121,0.0,improvement
0.75,0.5,3.0,0.304,0.0,0.1,-0.20765027322404372,0.020765027322404372,0.5,0.5103799031764142,0.01037990317641424,1.037990317641424,0.21280000000000002,0.0,improvement
0.75,0.5,3.0,0.305,0.0,0.1,-0.2084282460136674,0.020842824601366744,0.5,0.5104187723723141,0.010418772372314145,1.0418772372314145,0.21349999999999997,0.0,improvement
0.75,0.5,3.0,0.306,0.0,0.1,-0.20920692798541476,0.020920692798541477,0.5,0.5104576767796951,0.010457676779695113,1.0457676779695113,0.2142,0.0,improvement
0.75,0.5,3.0,0.307,0.0,0.1,-0.20998632010943913,0.020998632010943916,0.5,0.5104966164455995,0.010496616445599516,1.0496616445599516,0.2149,0.0,improvement
0.75,0.5,3.0,0.308,0.0,0.1,-0.2107664233576642,0.02107664233576642,0.5,0.5105355914171525,0.010535591417152546,1.0535591417152546,0.2156,0.0,improvement
0.75,0.5,3.0,0.309,0.0,0.1,-0.21154723870378825,0.021154723870378825,0.5,0.5105746017415611,0.010574601741561107,1.0574601741561107,0.2163,0.0,improvement
0.75,0.5,3.0,0.31,0.0,0.1,-0.21232876712328766,0.021232876712328767,0.5,0.5106136474661153,0.010613647466115261,1.0613647466115261,0.217,0.0,improvement
0.75,0.5,3.0,0.311,0.0,0.1,-0.21311100959342166,0.021311100959342168,0.5,0.5106527286381878,0.01065272863818778,1.065272863818778,0.2177,0.0,improvement
0.75,0.5,3.0,0.312,0.0,0.1,-0.21389396709323585,0.021389396709323587,0.5,0.5106918453052345,0.010691845305234482,1.0691845305234482,0.2184,0.0,improvement
0.75,0.5,3.0,0.313,0.0,0.1,-0.2146776406035665,0.02146776406035665,0.5,0.5107309975147942,0.010730997514794227,1.0730997514794227,0.2191,0.0,improvement
0.75,0.5,3.0,0.314,0.0,0.1,-0.21546203110704482,0.021546203110704484,0.5,0.5107701853144897,0.0107701853144897,1.07701853144897,0.2198,0.0,improvement
0.75,0.5,3.0,0.315,0.0,0.1,-0.21624713958810068,0.02162471395881007,0.5,0.5108094087520264,0.010809408752026406,1.0809408752026406,0.2205,0.0,improvement
0.75,0.5,3.0,0.316,0.0,0.1,-0.217032967032967,0.021703296703296703,0.5,0.5108486678751942,0.010848667875194229,1.084866787519423,0.2212,0.0,improvement
0.75,0.5,3.0,0.317,0.0,0.1,-0.21781951442968395,0.021781951442968395,0.5,0.5108879627318667,0.010887962731866652,1.0887962731866652,0.2219,0.0,improvement
0.75,0.5,3.0,0.318,0.0,0.1,-0.21860678276810266,0.021860678276810267,0.5,0.5109272933700013,0.010927293370001312,1.0927293370001312,0.2226,0.0,improvement
0.75,0.5,3.0,0.319,0.0,0.1,-0.21939477303988997,0.021939477303989,0.5,0.5109666598376402,0.010966659837640225,1.0966659837640225,0.2233,0.0,improvement
0.75,0.5,3.0,0.32,0.0,0.1,-0.22018348623853212,0.022018348623853212,0.5,0.5110060621829096,0.01100606218290956,1.100606218290956,0.22400000000000003,0.0,improvement
0.75,0.5,3.0,0.321,0.0,0.1,-0.22097292335933913,0.022097292335933914,0.5,0.5110455004540204,0.011045500454020418,1.1045500454020418,0.22469999999999998,0.0,improvement
0.75,0.5,3.0,0.322,0.0,0.1,-0.22176308539944903,0.022176308539944904,0.5,0.5110849746992687,0.011084974699268724,1.1084974699268724,0.2254,0.0,improvement
0.75,0.5,3.0,0.323,0.0,0.1,-0.2225539733578319,0.02225539733578319,0.5,0.5111244849670351,0.011124484967035109,1.1124484967035109,0.22610000000000002,0.0,improvement
0.75,0.5,3.0,0.324,0.0,0.1,-0.2233455882352941,0.022334558823529412,0.5,0.5111640313057856,0.011164031305785582,1.1164031305785582,0.22680000000000003,0.0,improvement
0.75,0.5,3.0,0.325,0.0,0.1,-0.2241379310344828,0.02241379310344828,0.5,0.5112036137640716,0.01120361376407164,1.120361376407164,0.22749999999999998,0.0,improvement
0.75,0.5,3.0,0.326,0.0,0.1,-0.22493100275988961,0.022493100275988963,0.5,0.5112432323905302,0.011243232390530156,1.1243232390530156,0.22820000000000001,0.0,improvement
0.75,0.5,3.0,0.327,0.0,0.1,-0.22572480441785553,0.022572480441785555,0.5,0.5112828872338837,0.01128288723388371,1.128288723388371,0.22890000000000002,0.0,improvement
0.75,0.5,3.0,0.328,0.0,0.1,-0.22651933701657462,0.022651933701657464,0.5,0.5113225783429409,0.011322578342940925,1.1322578342940925,0.22960000000000003,0.0,improvement
0.75,0.5,3.0,0.329,0.0,0.1,-0.22731460156609856,0.02273146015660986,0.5,0.5113623057665966,0.011362305766596581,1.136230576659658,0.2303,0.0,improvement
0.75,0.5,3.0,0.33,0.0,0.1,-0.22811059907834103,0.022811059907834105,0.5,0.5114020695538316,0.011402069553831606,1.1402069553831606,0.231,0.0,improvement
0.75,0.5,3.0,0.331,0.0,0.1,-0.22890733056708162,0.022890733056708162,0.5,0.5114418697537133,0.011441869753713307,1.1441869753713307,0.23170000000000002,0.0,improvement
0.75,0.5,3.0,0.332,0.0,0.1,-0.22970479704797045,0.022970479704797046,0.5,0.511481706415396,0.011481706415396031,1.1481706415396031,0.23240000000000002,0.0,improvement
0.75,0.5,3.0,0.333,0.0,0.1,-0.23050299953853257,0.023050299953853257,0.5,0.5115215795881206,0.011521579588120612,1.1521579588120612,0.2331,0.0,improvement
0.75,0.5,3.0,0.334,0.0,0.1,-0.23130193905817176,0.02313019390581718,0.5,0.5115614893212151,0.011561489321215146,1.1561489321215146,0.2338,0.0,improvement
0.75,0.5,3.0,0.335,0.0,0.1,-0.23210161662817555,0.023210161662817558,0.5,0.5116014356640948,0.011601435664094772,1.1601435664094772,0.23450000000000001,0.0,improvement
0.75,0.5,3.0,0.336,0.0,0.1,-0.23290203327171907,0.02329020332717191,0.5,0.5116414186662623,0.011641418666262338,1.1641418666262338,0.23520000000000002,0.0,improvement
0.75,0.5,3.0,0.337,0.0,0.1,-0.23370319001386963,0.023370319001386964,0.5,0.5116814383773078,0.01168143837730784,1.168143837730784,0.2359,0.0,improvement
0.75,0.5,3.0,0.338,0.0,0.1,-0.23450508788159113,0.023450508788159116,0.5,0.5117214948469098,0.011721494846909764,1.1721494846909764,0.2366,0.0,improvement
0.75,0.5,3.0,0.339,0.0,0.1,-0.2353077279037483,0.02353077279037483,0.5,0.5117615881248339,0.011761588124833855,1.1761588124833855,0.2373,0.0,improvement
0.75,0.5,3.0,0.34,0.0,0.1,-0.2361111111111111,0.02361111111111111,0.5,0.5118017182609346,0.011801718260934568,1.1801718260934568,0.23800000000000004,0.0,improvement
0.75,0.5,3.0,0.341,0.0,0.1,-0.23691523853635948,0.02369152385363595,0.5,0.5118418853051543,0.011841885305154287,1.1841885305154287,0.2387,0.0,improvement
0.75,0.5,3.0,0.342,0.0,0.1,-0.23772011121408712,0.023772011121408712,0.5,0.5118820893075244,0.011882089307524435,1.1882089307524435,0.2394,0.0,improvement
0.75,0.5,3.0,0.343,0.0,0.1,-0.2385257301808067,0.02385257301808067,0.5,0.5119223303181648,0.011922330318164809,1.1922330318164809,0.24010000000000004,0.0,improvement
0.75,0.5,3.0,0.34400000000000003,0.0,0.1,-0.23933209647495365,0.023933209647495367,0.5,0.5119626083872844,0.011962608387284357,1.1962608387284357,0.24080000000000004,0.0,improvement
0.75,0.5,3.0,0.34500000000000003,0.0,0.1,-0.24013921113689096,0.024013921113689097,0.5,0.5120029235651812,0.012002923565181178,1.2002923565181178,0.2415,0.0,improvement
0.75,0.5,3.0,0.34600000000000003,0.0,0.1,-0.24094707520891367,0.024094707520891368,0.5,0.5120432759022425,0.012043275902242523,1.2043275902242523,0.24220000000000003,0.0,improvement
0.75,0.5,3.0,0.34700000000000003,0.0,0.1,-0.24175568973525316,0.024175568973525317,0.5,0.5120836654489453,0.012083665448945347,1.2083665448945347,0.24290000000000003,0.0,improvement
0.75,0.5,3.0,0.34800000000000003,0.0,0.1,-0.2425650557620818,0.02425650557620818,0.5,0.5121240922558563,0.012124092255856311,1.2124092255856311,0.24360000000000004,0.0,improvement
0.75,0.5,3.0,0.34900000000000003,0.0,0.1,-0.24337517433751749,0.02433751743375175,0.5,0.5121645563736318,0.012164556373631785,1.2164556373631785,0.24430000000000002,0.0,improvement
0.75,0.5,3.0,0.35000000000000003,0.0,0.1,-0.24418604651162792,0.024418604651162794,0.5,0.5122050578530186,0.01220505785301862,1.220505785301862,0.24500000000000002,0.0,improvement
0.75,0.5,3.0,0.35100000000000003,0.0,0.1,-0.24499767333643557,0.02449976733364356,0.5,0.5122455967448538,0.012245596744853815,1.2245596744853815,0.24570000000000003,0.0,improvement
0.75,0.5,3.0,0.352,0.0,0.1,-0.24581005586592178,0.02458100558659218,0.5,0.5122861731000645,0.012286173100064524,1.2286173100064524,0.2464,0.0,improvement
0.75,0.5,3.0,0.353,0.0,0.1,-0.24662319515603162,0.024662319515603163,0.5,0.5123267869696695,0.01232678696966949,1.232678696966949,0.24710000000000001,0.0,improvement
0.75,0.5,3.0,0.354,0.0,0.1,-0.24743709226467844,0.024743709226467847,0.5,0.5123674384047772,0.012367438404777165,1.2367438404777165,0.24779999999999996,0.0,improvement
0.75,0.5,3.0,0.355,0.0,0.1,-0.24825174825174823,0.024825174825174823,0.5,0.5124081274565884,0.01240812745658837,1.240812745658837,0.2485,0.0,improvement
0.75,0.5,3.0,0.356,0.0,0.1,-0.2490671641791045,0.02490671641791045,0.5,0.5124488541763942,0.012448854176394186,1.2448854176394186,0.2492,0.0,improvement
0.75,0.5,3.0,0.357,0.0,0.1,-0.24988334111059263,0.024988334111059263,0.5,0.5124896186155776,0.012489618615577625,1.2489618615577625,0.24989999999999996,0.0,improvement
0.75,0.5,3.0,0.358,0.0,0.1,-0.2507002801120448,0.025070028011204483,0.5,0.5125304208256137,0.01253042082561373,1.253042082561373,0.2506,0.0,improvement
0.75,0.5,3.0,0.359,0.0,0.1,-0.2515179822512844,0.025151798225128443,0.5,0.5125712608580688,0.012571260858068811,1.2571260858068811,0.25129999999999997,0.0,improvement
0.75,0.5,3.0,0.36,0.0,0.1,-0.25233644859813087,0.02523364485981309,0.5,0.5126121387646015,0.012612138764601544,1.2612138764601544,0.252,0.0,improvement
0.75,0.5,3.0,0.361,0.0,0.1,-0.2531556802244039,0.02531556802244039,0.5,0.512653054596963,0.012653054596962976,1.2653054596962976,0.25270000000000004,0.0,improvement
0.75,0.5,3.0,0.362,0.0,0.1,-0.25397567820392886,0.02539756782039289,0.5,0.5126940084069969,0.01269400840699686,1.269400840699686,0.25339999999999996,0.0,improvement
0.75,0.5,3.0,0.363,0.0,0.1,-0.25479644361254095,0.025479644361254095,0.5,0.5127350002466391,0.012735000246639094,1.2735000246639094,0.2541,0.0,improvement
0.75,0.5,3.0,0.364,0.0,0.1,-0.2556179775280899,0.025561797752808993,0.5,0.512776030167919,0.01277603016791895,1.277603016791895,0.2548,0.0,improvement
0.75,0.5,3.0,0.365,0.0,0.1,-0.25644028103044497,0.0256440281030445,0.5,0.5128170982229587,0.012817098222958734,1.2817098222958734,0.25549999999999995,0.0,improvement
0.75,0.5,3.0,0.366,0.0,0.1,-0.2572633552014995,0.025726335520149954,0.5,0.5128582044639739,0.012858204463973899,1.28582044639739,0.2562,0.0,improvement
0.75,0.5,3.0,0.367,0.0,0.1,-0.2580872011251758,0.025808720112517582,0.5,0.5128993489432736,0.012899348943273603,1.2899348943273603,0.2569,0.0,improvement
0.75,0.5,3.0,0.368,0.0,0.1,-0.2589118198874297,0.02589118198874297,0.5,0.5129405317132605,0.012940531713260484,1.2940531713260484,0.2576,0.0,improvement
0.75,0.5,3.0,0.369,0.0,0.1,-0.25973721257625526,0.025973721257625527,0.5,0.5129817528264315,0.012981752826431547,1.2981752826431547,0.25830000000000003,0.0,improvement
0.75,0.5,3.0,0.37,0.0,0.1,-0.2605633802816901,0.026056338028169014,0.5,0.5130230123353776,0.013023012335377615,1.3023012335377615,0.259,0.0,improvement
0.75,0.5,3.0,0.371,0.0,0.1,-0.26139032409581964,0.026139032409581965,0.5,0.5130643102927838,0.013064310292783765,1.3064310292783765,0.2597,0.0,improvement
0.75,0.5,3.0,0.372,0.0,0.1,-0.26221804511278196,0.026221804511278198,0.5,0.5131056467514299,0.013105646751429889,1.310564675142989,0.2604,0.0,improvement
0.75,0.5,3.0,0.373,0.0,0.1,-0.26304654442877295,0.026304654442877298,0.5,0.5131470217641905,0.01314702176419047,1.314702176419047,0.2611,0.0,improvement
0.75,0.5,3.0,0.374,0.0,0.1,-0.26387582314205077,0.02638758231420508,0.5,0.5131884353840352,0.013188435384035246,1.3188435384035246,0.2618,0.0,improvement
0.75,0.5,3.0,0.375,0.0,0.1,-0.2647058823529412,0.02647058823529412,0.5,0.5132298876640287,0.013229887664028661,1.3229887664028661,0.2625,0.0,improvement
0.75,0.5,3.0,0.376,0.0,0.1,-0.2655367231638418,0.026553672316384183,0.5,0.5132713786573309,0.013271378657330857,1.3271378657330857,0.2632,0.0,improvement
0.75,0.5,3.0,0.377,0.0,0.1,-0.2663683466792275,0.02663683466792275,0.5,0.5133129084171976,0.013312908417197566,1.3312908417197566,0.2639,0.0,improvement
0.75,0.5,3.0,0.378,0.0,0.1,-0.267200754005655,0.026720075400565504,0.5,0.5133544769969802,0.013354476996980225,1.3354476996980225,0.2646,0.0,improvement
0.75,0.5,3.0,0.379,0.0,0.1,-0.268033946251768,0.026803394625176804,0.5,0.5133960844501264,0.013396084450126411,1.339608445012641,0.2653,0.0,improvement
0.75,0.5,3.0,0.38,0.0,0.1,-0.2688679245283019,0.02688679245283019,0.5,0.5134377308301796,0.013437730830179628,1.3437730830179628,0.266,0.0,improvement
0.75,0.5,3.0,0.381,0.0,0.1,-0.26970268994808877,0.02697026899480888,0.5,0.5134794161907803,0.013479416190780302,1.3479416190780302,0.2667,0.0,improvement
0.75,0.5,3.0,0.382,0.0,0.1,-0.2705382436260623,0.027053824362606234,0.5,0.5135211405856652,0.013521140585665226,1.3521140585665226,0.26739999999999997,0.0,improvement
0.75,0.5,3.0,0.383,0.0,0.1,-0.2713745866792631,0.027137458667926315,0.5,0.5135629040686679,0.013562904068667891,1.3562904068667891,0.2681,0.0,improvement
0.75,0.5,3.0,0.384,0.0,0.1,-0.27221172022684315,0.027221172022684315,0.5,0.5136047066937193,0.01360470669371927,1.360470669371927,0.26880000000000004,0.0,improvement
0.75,0.5,3.0,0.385,0.0,0.1,-0.2730496453900709,0.027304964539007093,0.5,0.5136465485148474,0.013646548514847368,1.3646548514847368,0.2695,0.0,improvement
0.75,0.5,3.0,0.386,0.0,0.1,-0.2738883632923368,0.02738883632923368,0.5,0.5136884295861779,0.013688429586177886,1.3688429586177886,0.2702,0.0,improvement
0.75,0.5,3.0,0.387,0.0,0.1,-0.2747278750591576,0.02747278750591576,0.5,0.5137303499619338,0.013730349961933785,1.3730349961933785,0.27090000000000003,0.0,improvement
0.75,0.5,3.0,0.388,0.0,0.1,-0.2755681818181818,0.027556818181818182,0.5,0.5137723096964366,0.013772309696436613,1.3772309696436613,0.2716,0.0,improvement
0.75,0.5,3.0,0.389,0.0,0.1,-0.27640928469919473,0.027640928469919473,0.5,0.5138143088441058,0.013814308844105838,1.3814308844105838,0.2723,0.0,improvement
0.75,0.5,3.0,0.39,0.0,0.1,-0.2772511848341232,0.02772511848341232,0.5,0.5138563474594589,0.013856347459458851,1.385634745945885,0.273,0.0,improvement
0.75,0.5,3.0,0.391,0.0,0.1,-0.27809388335704127,0.02780938833570413,0.5,0.5138984255971124,0.013898425597112407,1.3898425597112407,0.2737,0.0,improvement
0.75,0.5,3.0,0.392,0.0,0.1,-0.2789373814041746,0.027893738140417464,0.5,0.5139405433117816,0.013940543311781628,1.3940543311781628,0.27440000000000003,0.0,improvement
0.75,0.5,3.0,0.393,0.0,0.1,-0.27978168011390603,0.027978168011390605,0.5,0.5139827006582804,0.013982700658280445,1.3982700658280445,0.2751,0.0,improvement
0.75,0.5,3.0,0.394,0.0,0.1,-0.28062678062678065,0.028062678062678065,0.5,0.5140248976915226,0.014024897691522598,1.4024897691522598,0.2758,0.0,improvement
0.75,0.5,3.0,0.395,0.0,0.1,-0.2814726840855107,0.02814726840855107,0.5,0.5140671344665209,0.014067134466520859,1.4067134466520859,0.2765,0.0,improvement
0.75,0.5,3.0,0.396,0.0,0.1,-0.28231939163498104,0.028231939163498105,0.5,0.5141094110383879,0.01410941103838792,1.410941103838792,0.2772,0.0,improvement
0.75,0.5,3.0,0.397,0.0,0.1,-0.28316690442225395,0.028316690442225397,0.5,0.5141517274623362,0.014151727462336172,1.4151727462336172,0.2779,0.0,improvement
0.75,0.5,3.0,0.398,0.0,0.1,-0.2840152235965747,0.028401522359657472,0.5,0.5141940837936785,0.01419408379367848,1.419408379367848,0.2786,0.0,improvement
0.75,0.5,3.0,0.399,0.0,0.1,-0.2848643503093765,0.028486435030937653,0.5,0.5142364800878277,0.014236480087827741,1.423648008782774,0.2793,0.0,improvement
0.75,0.5,3.0,0.4,0.0,0.1,-0.28571428571428575,0.028571428571428577,0.5,0.5142789164002974,0.014278916400297437,1.4278916400297437,0.28,0.0,improvement
0.75,0.5,3.0,0.401,0.0,0.1,-0.2865650309671272,0.02865650309671272,0.5,0.514321392786702,0.01432139278670197,1.432139278670197,0.28070000000000006,0.0,improvement
0.75,0.5,3.0,0.402,0.0,0.1,-0.28741658722592944,0.028741658722592947,0.5,0.5143639093027569,0.014363909302756883,1.4363909302756883,0.2814,0.0,improvement
0.75,0.5,3.0,0.403,0.0,0.1,-0.2882689556509299,0.02882689556509299,0.5,0.5144064660042786,0.01440646600427864,1.440646600427864,0.2821,0.0,improvement
0.75,0.5,3.0,0.404,0.0,0.1,-0.2891221374045802,0.02891221374045802,0.5,0.5144490629471854,0.014449062947185398,1.4449062947185398,0.28280000000000005,0.0,improvement
0.75,0.5,3.0,0.405,0.0,0.1,-0.2899761336515514,0.02899761336515514,0.5,0.5144917001874971,0.014491700187497125,1.4491700187497125,0.2835,0.0,improvement
0.75,0.5,3.0,0.406,0.0,0.1,-0.2908309455587393,0.02908309455587393,0.5,0.5145343777813354,0.014534377781335373,1.4534377781335373,0.2842,0.0,improvement
0.75,0.5,3.0,0.40700000000000003,0.0,0.1,-0.29168657429526995,0.029168657429526998,0.5,0.514577095784924,0.014577095784924055,1.4577095784924055,0.28490000000000004,0.0,improvement
0.75,0.5,3.0,0.40800000000000003,0.0,0.1,-0.2925430210325048,0.02925430210325048,0.5,0.5146198542545896,0.01461985425458956,1.461985425458956,0.2856,0.0,improvement
0.75,0.5,3.0,0.40900000000000003,0.0,0.1,-0.2934002869440459,0.029340028694404593,0.5,0.5146626532467606,0.014662653246760637,1.4662653246760637,0.28630000000000005,0.0,improvement
0.75,0.5,3.0,0.41000000000000003,0.0,0.1,-0.29425837320574166,0.029425837320574168,0.5,0.5147054928179691,0.014705492817969068,1.4705492817969068,0.28700000000000003,0.0,improvement
0.75,0.5,3.0,0.41100000000000003,0.0,0.1,-0.29511728099569173,0.029511728099569173,0.5,0.5147483730248494,0.014748373024849437,1.4748373024849437,0.2877,0.0,improvement
0.75,0.5,3.0,0.41200000000000003,0.0,0.1,-0.29597701149425293,0.029597701149425296,0.5,0.5147912939241401,0.014791293924140136,1.4791293924140136,0.28840000000000005,0.0,improvement
0.75,0.5,3.0,0.41300000000000003,0.0,0.1,-0.29683756588404414,0.029683756588404414,0.5,0.5148342555726824,0.014834255572682364,1.4834255572682364,0.2891,0.0,improvement
0.75,0.5,3.0,0.41400000000000003,0.0,0.1,-0.29769894534995206,0.029769894534995206,0.5,0.5148772580274218,0.014877258027421791,1.4877258027421791,0.2898,0.0,improvement
0.75,0.5,3.0,0.41500000000000004,0.0,0.1,-0.2985611510791367,0.029856115107913674,0.5,0.5149203013454074,0.01492030134540745,1.492030134540745,0.29050000000000004,0.0,improvement
0.75,0.5,3.0,0.41600000000000004,0.0,0.1,-0.2994241842610365,0.02994241842610365,0.5,0.5149633855837931,0.014963385583793065,1.4963385583793065,0.2912,0.0,improvement
0.75,0.5,3.0,0.417,0.0,0.1,-0.3002880460873739,0.030028804608737393,0.5,0.5150065107998366,0.015006510799836614,1.5006510799836614,0.2919,0.0,improvement
0.75,0.5,3.0,0.418,0.0,0.1,-0.3011527377521614,0.03011527377521614,0.5,0.5150496770509008,0.015049677050900767,1.5049677050900767,0.29259999999999997,0.0,improvement
0.75,0.5,3.0,0.419,0.0,0.1,-0.3020182604517059,0.03020182604517059,0.5,0.5150928843944529,0.015092884394452888,1.5092884394452888,0.2933,0.0,improvement
0.75,0.5,3.0,0.42,0.0,0.1,-0.30288461538461536,0.03028846153846154,0.5,0.515136132888066,0.015136132888066034,1.5136132888066034,0.294,0.0,improvement
0.75,0.5,3.0,0.421,0.0,0.1,-0.3037518037518038,0.030375180375180378,0.5,0.5151794225894182,0.015179422589418179,1.517942258941818,0.2947,0.0,improvement
0.75,0.5,3.0,0.422,0.0,0.1,-0.30461982675649657,0.03046198267564966,0.5,0.5152227535562932,0.015222753556293211,1.5222753556293211,0.2954,0.0,improvement
0.75,0.5,3.0,0.423,0.0,0.1,-0.30548868560423686,0.030548868560423686,0.5,0.5152661258465806,0.015266125846580603,1.5266125846580603,0.2961,0.0,improvement
0.75,0.5,3.0,0.424,0.0,0.1,-0.3063583815028902,0.03063583815028902,0.5,0.5153095395182761,0.015309539518276072,1.5309539518276072,0.2968,0.0,improvement
0.75,0.5,3.0,0.425,0.0,0.1,-0.30722891566265054,0.030722891566265054,0.5,0.5153529946294816,0.015352994629481587,1.5352994629481587,0.2975,0.0,improvement
0.75,0.5,3.0,0.426,0.0,0.1,-0.3081002892960463,0.030810028929604633,0.5,0.5153964912384059,0.015396491238405918,1.5396491238405918,0.29819999999999997,0.0,improvement
0.75,0.5,3.0,0.427,0.0,0.1,-0.308972503617945,0.030897250361794498,0.5,0.5154400294033645,0.01544002940336453,1.544002940336453,0.2989,0.0,improvement
0.75,0.5,3.0,0.428,0.0,0.1,-0.30984555984555984,0.030984555984555986,0.5,0.5154836091827797,0.01548360918277969,1.548360918277969,0.2996,0.0,improvement
0.75,0.5,3.0,0.429,0.0,0.1,-0.3107194591984549,0.03107194591984549,0.5,0.5155272306351814,0.015527230635181355,1.5527230635181355,0.3003,0.0,improvement
0.75,0.5,3.0,0.43,0.0,0.1,-0.31159420289855067,0.031159420289855067,0.5,0.5155708938192067,0.015570893819206733,1.5570893819206733,0.301,0.0,improvement
0.75,0.5,3.0,0.431,0.0,0.1,-0.3124697921701305,0.03124697921701305,0.5,0.5156145987936009,0.015614598793600942,1.5614598793600942,0.30169999999999997,0.0,improvement
0.75,0.5,3.0,0.432,0.0,0.1,-0.31334622823984526,0.031334622823984526,0.5,0.515658345617217,0.015658345617217018,1.5658345617217018,0.3024,0.0,improvement
0.75,0.5,3.0,0.433,0.0,0.1,-0.31422351233671986,0.031422351233671986,0.5,0.5157021343490162,0.01570213434901624,1.570213434901624,0.30310000000000004,0.0,improvement
0.75,0.5,3.0,0.434,0.0,0.1,-0.3151016456921588,0.03151016456921588,0.5,0.5157459650480687,0.01574596504806869,1.5745965048068689,0.30379999999999996,0.0,improvement
0.75,0.5,3.0,0.435,0.0,0.1,-0.31598062953995154,0.03159806295399516,0.5,0.5157898377735528,0.015789837773552806,1.5789837773552806,0.3045,0.0,improvement
0.75,0.5,3.0,0.436,0.0,0.1,-0.3168604651162791,0.03168604651162791,0.5,0.5158337525847563,0.015833752584756278,1.5833752584756278,0.3052,0.0,improvement
0.75,0.5,3.0,0.437,0.0,0.1,-0.3177411536597189,0.03177411536597189,0.5,0.5158777095410756,0.01587770954107559,1.587770954107559,0.3059,0.0,improvement
0.75,0.5,3.0,0.438,0.0,0.1,-0.3186226964112512,0.03186226964112512,0.5,0.5159217087020176,0.01592170870201759,1.592170870201759,0.3066,0.0,improvement
0.75,0.5,3.0,0.439,0.0,0.1,-0.3195050946142649,0.03195050946142649,0.5,0.5159657501271978,0.01596575012719781,1.5965750127197809,0.3073,0.0,improvement
0.75,0.5,3.0,0.44,0.0,0.1,-0.32038834951456313,0.03203883495145631,0.5,0.5160098338763425,0.016009833876342472,1.6009833876342472,0.308,0.0,improvement
0.75,0.5,3.0,0.441,0.0,0.1,-0.32127246236036905,0.032127246236036903,0.5,0.5160539600092877,0.016053960009287715,1.6053960009287715,0.30870000000000003,0.0,improvement
0.75,0.5,3.0,0.442,0.0,0.1,-0.3221574344023324,0.032215743440233244,0.5,0.5160981285859805,0.016098128585980476,1.6098128585980476,0.3094,0.0,improvement
0.75,0.5,3.0,0.443,0.0,0.1,-0.3230432668935343,0.03230432668935343,0.5,0.5161423396664778,0.016142339666477823,1.6142339666477823,0.3101,0.0,improvement
0.75,0.5,3.0,0.444,0.0,0.1,-0.3239299610894942,0.03239299610894942,0.5,0.5161865933109484,0.016186593310948405,1.6186593310948405,0.3108,0.0,improvement
0.75,0.5,3.0,0.445,0.0,0.1,-0.32481751824817523,0.03248175182481752,0.5,0.5162308895796717,0.01623088957967167,1.623088957967167,0.3115,0.0,improvement
0.75,0.5,3.0,0.446,0.0,0.1,-0.3257059396299902,0.03257059396299902,0.5,0.5162752285330388,0.016275228533038755,1.6275228533038755,0.3122,0.0,improvement
0.75,0.5,3.0,0.447,0.0,0.1,-0.3265952264978081,0.03265952264978081,0.5,0.5163196102315524,0.016319610231552373,1.6319610231552373,0.3129,0.0,improvement
0.75,0.5,3.0,0.448,0.0,0.1,-0.3274853801169591,0.03274853801169591,0.5,0.5163640347358274,0.01636403473582737,1.636403473582737,0.3136,0.0,improvement
0.75,0.5,3.0,0.449,0.0,0.1,-0.3283764017552413,0.03283764017552413,0.5,0.516408502106591,0.01640850210659095,1.640850210659095,0.3143,0.0,improvement
0.75,0.5,3.0,0.45,0.0,0.1,-0.3292682926829269,0.03292682926829269,0.5,0.5164530124046822,0.01645301240468222,1.6453012404682221,0.315,0.0,improvement
0.75,0.5,3.0,0.451,0.0,0.1,-0.3301610541727672,0.033016105417276724,0.5,0.5164975656910538,0.01649756569105376,1.6497565691053762,0.3157,0.0,improvement
0.75,0.5,3.0,0.452,0.0,0.1,-0.3310546875,0.03310546875,0.5,0.5165421620267705,0.0165421620267705,1.6542162026770502,0.3164,0.0,improvement
0.75,0.5,3.0,0.453,0.0,0.1,-0.3319491939423547,0.033194919394235474,0.5,0.516586801473011,0.016586801473010948,1.6586801473010948,0.31710000000000005,0.0,improvement
0.75,0.5,3.0,0.454,0.0,0.1,-0.33284457478005863,0.03328445747800587,0.5,0.5166314840910673,0.016631484091067295,1.6631484091067295,0.31779999999999997,0.0,improvement
0.75,0.5,3.0,0.455,0.0,0.1,-0.33374083129584353,0.033374083129584356,0.5,0.516676209942345,0.016676209942344977,1.6676209942344977,0.3185,0.0,improvement
0.75,0.5,3.0,0.456,0.0,0.1,-0.3346379647749511,0.03346379647749511,0.5,0.5167209790883639,0.016720979088363896,1.6720979088363896,0.31920000000000004,0.0,improvement
0.75,0.5,3.0,0.457,0.0,0.1,-0.3355359765051395,0.03355359765051395,0.5,0.5167657915907582,0.016765791590758194,1.6765791590758194,0.3199,0.0,improvement
0.75,0.5,3.0,0.458,0.0,0.1,-0.3364348677766896,0.03364348677766896,0.5,0.5168106475112763,0.016810647511276255,1.6810647511276255,0.3206,0.0,improvement
0.75,0.5,3.0,0.459,0.0,0.1,-0.3373346398824106,0.03373346398824106,0.5,0.5168555469117814,0.01685554691178137,1.6855546911781372,0.32130000000000003,0.0,improvement
0.75,0.5,3.0,0.46,0.0,0.1,-0.3382352941176471,0.03382352941176471,0.5,0.5169004898542522,0.016900489854252188,1.6900489854252188,0.322,0.0,improvement
0.75,0.5,3.0,0.461,0.0,0.1,-0.33913683178028453,0.03391368317802845,0.5,0.5169454764007823,0.016945476400782256,1.6945476400782256,0.32270000000000004,0.0,improvement
0.75,0.5,3.0,0.462,0.0,0.1,-0.34003925417075564,0.034003925417075566,0.5,0.5169905066135809,0.016990506613580925,1.6990506613580925,0.3234,0.0,improvement
0.75,0.5,3.0,0.463,0.0,0.1,-0.34094256259204714,0.03409425625920472,0.5,0.5170355805549736,0.01703558055497356,1.7035580554973562,0.3241,0.0,improvement
0.75,0.5,3.0,0.464,0.0,0.1,-0.34184675834970535,0.034184675834970535,0.5,0.5170806982874012,0.01708069828740122,1.708069828740122,0.32480000000000003,0.0,improvement
0.75,0.5,3.0,0.465,0.0,0.1,-0.34275184275184273,0.03427518427518427,0.5,0.5171258598734214,0.017125859873421412,1.7125859873421412,0.3255,0.0,improvement
0.75,0.5,3.0,0.466,0.0,0.1,-0.3436578171091446,0.034365781710914464,0.5,0.5171710653757087,0.017171065375708672,1.7171065375708672,0.3262,0.0,improvement
0.75,0.5,3.0,0.467,0.0,0.1,-0.3445646827348746,0.034456468273487466,0.5,0.5172163148570541,0.017216314857054105,1.7216314857054105,0.3269,0.0,improvement
0.75,0.5,3.0,0.468,0.0,0.1,-0.34547244094488194,0.03454724409448819,0.5,0.5172616083803661,0.017261608380366056,1.7261608380366056,0.3276,0.0,improvement
0.75,0.5,3.0,0.46900000000000003,0.0,0.1,-0.34638109305760717,0.034638109305760716,0.5,0.5173069460086701,0.01730694600867011,1.730694600867011,0.32830000000000004,0.0,improvement
0.75,0.5,3.0,0.47000000000000003,0.0,0.1,-0.3472906403940887,0.03472906403940887,0.5,0.5173523278051101,0.01735232780511009,1.735232780511009,0.329,0.0,improvement
0.75,0.5,3.0,0.47100000000000003,0.0,0.1,-0.3482010842779695,0.034820108427796946,0.5,0.5173977538329472,0.01739775383294717,1.7397753832947171,0.3297,0.0,improvement
0.75,0.5,3.0,0.47200000000000003,0.0,0.1,-0.34911242603550297,0.034911242603550295,0.5,0.5174432241555611,0.0174432241555611,1.74432241555611,0.3304,0.0,improvement
0.75,0.5,3.0,0.47300000000000003,0.0,0.1,-0.35002466699555995,0.035002466699556,0.5,0.51748873883645,0.01748873883644997,1.7488738836449969,0.33110000000000006,0.0,improvement
0.75,0.5,3.0,0.47400000000000003,0.0,0.1,-0.3509378084896348,0.03509378084896348,0.5,0.5175342979392311,0.017534297939231114,1.7534297939231114,0.3318,0.0,improvement
0.75,0.5,3.0,0.47500000000000003,0.0,0.1,-0.35185185185185186,0.03518518518518519,0.5,0.5175799015276401,0.017579901527640107,1.7579901527640107,0.3325,0.0,improvement
0.75,0.5,3.0,0.47600000000000003,0.0,0.1,-0.35276679841897235,0.03527667984189724,0.5,0.5176255496655326,0.017625549665532647,1.7625549665532647,0.33320000000000005,0.0,improvement
0.75,0.5,3.0,0.47700000000000004,0.0,0.1,-0.35368264953040046,0.035368264953040046,0.5,0.5176712424168834,0.017671242416883448,1.7671242416883448,0.33390000000000003,0.0,improvement
0.75,0.5,3.0,0.47800000000000004,0.0,0.1,-0.3545994065281899,0.03545994065281899,0.5,0.5177169798457872,0.01771697984578724,1.771697984578724,0.3346,0.0,improvement
0.75,0.5,3.0,0.47900000000000004,0.0,0.1,-0.35551707075705097,0.0355517070757051,0.5,0.5177627620164592,0.01776276201645921,1.776276201645921,0.33530000000000004,0.0,improvement
0.75,0.5,3.0,0.48,0.0,0.1,-0.3564356435643564,0.03564356435643564,0.5,0.5178085889932347,0.017808588993234675,1.7808588993234675,0.33599999999999997,0.0,improvement
0.75,0.5,3.0,0.481,0.0,0.1,-0.3573551263001486,0.035735512630014864,0.5,0.5178544608405696,0.01785446084056963,1.785446084056963,0.3367,0.0,improvement
0.75,0.5,3.0,0.482,0.0,0.1,-0.3582755203171457,0.035827552031714574,0.5,0.5179003776230411,0.017900377623041086,1.7900377623041086,0.3374,0.0,improvement
0.75,0.5,3.0,0.483,0.0,0.1,-0.3591968269707486,0.035919682697074864,0.5,0.5179463394053473,0.01794633940534729,1.794633940534729,0.33809999999999996,0.0,improvement
0.75,0.5,3.0,0.484,0.0,0.1,-0.3601190476190476,0.036011904761904766,0.5,0.5179923462523082,0.017992346252308167,1.7992346252308167,0.3388,0.0,improvement
0.75,0.5,3.0,0.485,0.0,0.1,-0.3610421836228288,0.036104218362282885,0.5,0.518038398228865,0.018038398228864994,1.8038398228864994,0.3395,0.0,improvement
0.75,0.5,3.0,0.486,0.0,0.1,-0.3619662363455809,0.03619662363455809,0.5,0.5180844954000818,0.018084495400081835,1.8084495400081835,0.3402,0.0,improvement
0.75,0.5,3.0,0.487,0.0,0.1,-0.3628912071535022,0.036289120715350225,0.5,0.5181306378311445,0.018130637831144547,1.8130637831144547,0.3409,0.0,improvement
0.75,0.5,3.0,0.488,0.0,0.1,-0.36381709741550694,0.036381709741550694,0.5,0.5181768255873618,0.018176825587361778,1.8176825587361778,0.3416,0.0,improvement
0.75,0.5,3.0,0.489,0.0,0.1,-0.36474390850323224,0.036474390850323224,0.5,0.5182230587341652,0.018223058734165187,1.8223058734165187,0.3423,0.0,improvement
0.75,0.5,3.0,0.49,0.0,0.1,-0.36567164179104483,0.03656716417910449,0.5,0.5182693373371097,0.01826933733710967,1.826933733710967,0.34299999999999997,0.0,improvement
0.75,0.5,3.0,0.491,0.0,0.1,-0.36660029865604776,0.03666002986560478,0.5,0.5183156614618734,0.018315661461873356,1.8315661461873356,0.3437,0.0,improvement
0.75,0.5,3.0,0.492,0.0,0.1,-0.36752988047808766,0.036752988047808764,0.5,0.5183620311742583,0.018362031174258275,1.8362031174258275,0.3444,0.0,improvement
0.75,0.5,3.0,0.493,0.0,0.1,-0.3684603886397608,0.03684603886397608,0.5,0.5184084465401906,0.01840844654019058,1.8408446540190582,0.3451,0.0,improvement
0.75,0.5,3.0,0.494,0.0,0.1,-0.36939182452642066,0.03693918245264207,0.5,0.518454907625721,0.018454907625720995,1.8454907625720995,0.3458,0.0,improvement
0.75,0.5,3.0,0.495,0.0,0.1,-0.3703241895261845,0.037032418952618454,0.5,0.5185014144970242,0.01850141449702425,1.850141449702425,0.3465,0.0,improvement
0.75,0.5,3.0,0.496,0.0,0.1,-0.3712574850299401,0.037125748502994015,0.5,0.5185479672204005,0.01854796722040053,1.854796722040053,0.3472,0.0,improvement
0.75,0.5,3.0,0.497,0.0,0.1,-0.37219171243135296,0.0372191712431353,0.5,0.518594565862275,0.018594565862275036,1.8594565862275036,0.3479,0.0,improvement
0.75,0.5,3.0,0.498,0.0,0.1,-0.37312687312687315,0.03731268731268732,0.5,0.5186412104891984,0.018641210489198423,1.8641210489198423,0.34859999999999997,0.0,improvement
0.75,0.5,3.0,0.499,0.0,0.1,-0.3740629685157421,0.03740629685157421,0.5,0.5186879011678471,0.018687901167847132,1.8687901167847132,0.3493,0.0,improvement
0.75,0.5,3.0,0.5,0.0,0.1,-0.375,0.037500000000000006,0.5,0.518734637965024,0.018734637965023948,1.8734637965023948,0.35,0.0,improvement
0.75,0.5,10.0,0.0,0.0,0.1,0.35,-0.034999999999999996,0.5,0.4523166571012148,-0.047683342898785175,-4.768334289878517,0.0,0.175,harm
0.75,0.5,10.0,0.001,0.0,0.1,0.34813925570228094,-0.034813925570228096,0.5,0.45256555844699303,-0.04743444155300697,-4.743444155300697,0.0007,0.175,harm
0.75,0.5,10.0,0.002,0.0,0.1,0.3462770216172938,-0.03462770216172938,0.5,0.45281473160528274,-0.04718526839471726,-4.718526839471727,0.0014,0.175,harm
0.75,0.5,10.0,0.003,0.0,0.1,0.34441329595514614,-0.034441329595514616,0.5,0.4530641766320074,-0.046935823367992624,-4.693582336799262,0.0021000000000000003,0.175,harm
0.75,0.5,10.0,0.004,0.0,0.1,0.3425480769230769,-0.034254807692307696,0.5,0.45331389358169216,-0.04668610641830784,-4.668610641830783,0.0028,0.175,harm
0.75,0.5,10.0,0.005,0.0,0.1,0.3406813627254509,-0.03406813627254509,0.5,0.4535638825074574,-0.04643611749254262,-4.643611749254262,0.0035000000000000005,0.175,harm
0.75,0.5,10.0,0.006,0.0,0.1,0.338813151563753,-0.033881315156375304,0.5,0.45381414346101145,-0.046185856538988546,-4.618585653898855,0.004200000000000001,0.175,harm
0.75,0.5,10.0,0.007,0.0,0.1,0.3369434416365824,-0.03369434416365824,0.5,0.45406467649264437,-0.04593532350735563,-4.593532350735563,0.0049,0.175,harm
0.75,0.5,10.0,0.008,0.0,0.1,0.33507223113964685,-0.03350722311396469,0.5,0.4543154816512208,-0.04568451834877918,-4.5684518348779175,0.0056,0.175,harm
0.75,0.5,10.0,0.009000000000000001,0.0,0.1,0.3331995182657567,-0.033319951826575676,0.5,0.45456655898417375,-0.04543344101582625,-4.543344101582624,0.0063,0.175,harm
0.75,0.5,10.0,0.01,0.0,0.1,0.33132530120481923,-0.03313253012048192,0.5,0.45481790853749726,-0.04518209146250274,-4.518209146250274,0.007000000000000001,0.175,harm
0.75,0.5,10.0,0.011,0.0,0.1,0.3294495781438328,-0.03294495781438328,0.5,0.4550695303557397,-0.044930469644260285,-4.4930469644260285,0.0077,0.175,harm
0.75,0.5,10.0,0.012,0.0,0.1,0.327572347266881,-0.0327572347266881,0.5,0.4553214244819975,-0.04467857551800247,-4.467857551800247,0.008400000000000001,0.175,harm
0.75,0.5,10.0,0.013000000000000001,0.0,0.1,0.32569360675512665,-0.032569360675512665,0.5,0.4555735909579077,-0.044426409042092274,-4.442640904209227,0.0091,0.175,harm
0.75,0.5,10.0,0.014,0.0,0.1,0.3238133547868061,-0.03238133547868061,0.5,0.45582602982364157,-0.044173970176358435,-4.417397017635843,0.0098,0.175,harm
0.75,0.5,10.0,0.015,0.0,0.1,0.3219315895372233,-0.03219315895372233,0.5,0.45607874111789737,-0.04392125888210263,-4.392125888210263,0.010499999999999999,0.175,harm
0.75,0.5,10.0,0.016,0.0,0.1,0.32004830917874394,-0.03200483091787439,0.5,0.4563317248778939,-0.04366827512210608,-4.366827512210608,0.0112,0.175,harm
0.75,0.5,10.0,0.017,0.0,0.1,0.3181635118807894,-0.03181635118807894,0.5,0.4565849811393635,-0.04341501886063648,-4.341501886063648,0.0119,0.175,harm
0.75,0.5,10.0,0.018000000000000002,0.0,0.1,0.3162771958098307,-0.03162771958098307,0.5,0.45683850993654507,-0.04316149006345493,-4.316149006345493,0.0126,0.175,harm
0.75,0.5,10.0,0.019,0.0,0.1,0.3143893591293833,-0.03143893591293833,0.5,0.4570923113021773,-0.04290768869782269,-4.290768869782269,0.013300000000000001,0.175,harm
0.75,0.5,10.0,0.02,0.0,0.1,0.31250000000000006,-0.03125000000000001,0.5,0.45734638526749194,-0.04265361473250806,-4.265361473250806,0.014000000000000002,0.175,harm
0.75,0.5,10.0,0.021,0.0,0.1,0.3106091165792658,-0.031060911657926585,0.5,0.4576007318622064,-0.0423992681377936,-4.23992681377936,0.014700000000000001,0.175,harm
0.75,0.5,10.0,0.022,0.0,0.1,0.3087167070217918,-0.030871670702179183,0.5,0.4578553511145173,-0.042144648885482694,-4.214464888548269,0.0154,0.175,harm
0.75,0.5,10.0,0.023,0.0,0.1,0.3068227694792087,-0.030682276947920875,0.5,0.4581102430510935,-0.04188975694890651,-4.188975694890651,0.0161,0.175,harm
0.75,0.5,10.0,0.024,0.0,0.1,0.3049273021001616,-0.030492730210016163,0.5,0.4583654076970689,-0.041634592302931095,-4.1634592302931095,0.016800000000000002,0.175,harm
0.75,0.5,10.0,0.025,0.0,0.1,0.30303030303030304,-0.030303030303030304,0.5,0.4586208450760358,-0.04137915492396421,-4.137915492396421,0.0175,0.175,harm
0.75,0.5,10.0,0.026000000000000002,0.0,0.1,0.30113177041228784,-0.030113177041228786,0.5,0.4588765552100375,-0.04112344478996249,-4.112344478996249,0.0182,0.175,harm
0.75,0.5,10.0,0.027,0.0,0.1,0.2992317023857663,-0.02992317023857663,0.5,0.4591325381195619,-0.040867461880438105,-4.0867461880438105,0.0189,0.175,harm
0.75,0.5,10.0,0.028,0.0,0.1,0.2973300970873787,-0.029733009708737868,0.5,0.45938879382353404,-0.040611206176465964,-4.061120617646596,0.0196,0.175,harm
0.75,0.5,10.0,0.029,0.0,0.1,0.29542695265074864,-0.029542695265074866,0.5,0.4596453223393095,-0.04035467766069051,-4.0354677660690506,0.020300000000000002,0.175,harm
0.75,0.5,10.0,0.03,0.0,0.1,0.2935222672064778,-0.02935222672064778,0.5,0.4599021236826668,-0.04009787631733319,-4.009787631733319,0.020999999999999998,0.175,harm
0.75,0.5,10.0,0.031,0.0,0.1,0.29161603888213855,-0.029161603888213858,0.5,0.46015919786780124,-0.03984080213219876,-3.984080213219876,0.0217,0.175,harm
0.75,0.5,10.0,0.032,0.0,0.1,0.2897082658022691,-0.028970826580226913,0.5,0.46041654490731704,-0.03958345509268296,-3.9583455092682964,0.0224,0.175,harm
0.75,0.5,10.0,0.033,0.0,0.1,0.2877989460883664,-0.028779894608836645,0.5,0.46067416481222084,-0.03932583518777916,-3.932583518777916,0.023100000000000002,0.175,harm
0.75,0.5,10.0,0.034,0.0,0.1,0.28588807785888076,-0.028588807785888078,0.5,0.46093205759191436,-0.03906794240808564,-3.9067942408085643,0.0238,0.175,harm
0.75,0.5,10.0,0.035,0.0,0.1,0.2839756592292089,-0.028397565922920892,0.5,0.46119022325418746,-0.03880977674581254,-3.880977674581254,0.0245,0.175,harm
0.75,0.5,10.0,0.036000000000000004,0.0,0.1,0.2820616883116883,-0.028206168831168832,0.5,0.46144866180521127,-0.03855133819478873,-3.855133819478873,0.0252,0.175,harm
0.75,0.5,10.0,0.037,0.0,0.1,0.2801461632155907,-0.028014616321559074,0.5,0.4617073732495307,-0.038292626750469294,-3.8292626750469294,0.0259,0.175,harm
0.75,0.5,10.0,0.038,0.0,0.1,0.2782290820471162,-0.027822908204711623,0.5,0.4619663575900575,-0.0380336424099425,-3.8033642409942505,0.026600000000000002,0.175,harm
0.75,0.5,10.0,0.039,0.0,0.1,0.27631044290938644,-0.027631044290938645,0.5,0.46222561482806346,-0.03777438517193654,-3.777438517193654,0.0273,0.175,harm
0.75,0.5,10.0,0.04,0.0,0.1,0.27439024390243905,-0.027439024390243906,0.5,0.4624851449631728,-0.03751485503682722,-3.751485503682722,0.028000000000000004,0.175,harm
0.75,0.5,10.0,0.041,0.0,0.1,0.2724684831232208,-0.027246848312322082,0.5,0.4627449479933555,-0.037255052006644473,-3.7255052006644473,0.028700000000000003,0.175,harm
0.75,0.5,10.0,0.042,0.0,0.1,0.27054515866558176,-0.027054515866558177,0.5,0.46300502391491993,-0.03699497608508007,-3.6994976085080067,0.029400000000000003,0.175,harm
0.75,0.5,10.0,0.043000000000000003,0.0,0.1,0.2686202686202686,-0.026862026862026864,0.5,0.4632653727225057,-0.036734627277494325,-3.6734627277494325,0.030100000000000005,0.175,harm
0.75,0.5,10.0,0.044,0.0,0.1,0.2666938110749186,-0.026669381107491858,0.5,0.4635259944090766,-0.0364740055909234,-3.6474005590923397,0.0308,0.175,harm
0.75,0.5,10.0,0.045,0.0,0.1,0.264765784114053,-0.0264765784114053,0.5,0.46378688896591347,-0.03621311103408653,-3.621311103408653,0.0315,0.175,harm
0.75,0.5,10.0,0.046,0.0,0.1,0.2628361858190709,-0.026283618581907094,0.5,0.46404805638260693,-0.03595194361739307,-3.5951943617393067,0.0322,0.175,harm
0.75,0.5,10.0,0.047,0.0,0.1,0.26090501426824303,-0.026090501426824304,0.5,0.4643094966470503,-0.03569050335294971,-3.569050335294971,0.0329,0.175,harm
0.75,0.5,10.0,0.048,0.0,0.1,0.2589722675367047,-0.025897226753670472,0.5,0.46457120974543226,-0.035428790254567744,-3.5428790254567746,0.033600000000000005,0.175,harm
0.75,0.5,10.0,0.049,0.0,0.1,0.25703794369645044,-0.025703794369645046,0.5,0.46483319566222997,-0.03516680433777003,-3.516680433777003,0.034300000000000004,0.175,harm
0.75,0.5,10.0,0.05,0.0,0.1,0.25510204081632654,-0.025510204081632654,0.5,0.4650954543802015,-0.0349045456197985,-3.49045456197985,0.035,0.175,harm
0.75,0.5,10.0,0.051000000000000004,0.0,0.1,0.2531645569620254,-0.02531645569620254,0.5,0.4653579858803788,-0.0346420141196212,-3.46420141196212,0.0357,0.175,harm
0.75,0.5,10.0,0.052000000000000005,0.0,0.1,0.2512254901960784,-0.025122549019607844,0.5,0.4656207901420606,-0.03437920985793941,-3.437920985793941,0.0364,0.175,harm
0.75,0.5,10.0,0.053,0.0,0.1,0.24928483857785047,-0.02492848385778505,0.5,0.46588386714280494,-0.03411613285719506,-3.411613285719506,0.0371,0.175,harm
0.75,0.5,10.0,0.054,0.0,0.1,0.24734260016353232,-0.024734260016353232,0.5,0.4661472168584221,-0.03385278314157791,-3.3852783141577913,0.0378,0.175,harm
0.75,0.5,10.0,0.055,0.0,0.1,0.24539877300613502,-0.024539877300613504,0.5,0.46641083926296717,-0.03358916073703283,-3.3589160737032833,0.0385,0.175,harm
0.75,0.5,10.0,0.056,0.0,0.1,0.2434533551554828,-0.02434533551554828,0.5,0.4666747343287332,-0.03332526567126681,-3.3325265671266813,0.0392,0.175,harm
0.75,0.5,10.0,0.057,0.0,0.1,0.24150634465820714,-0.024150634465820716,0.5,0.46693890202624355,-0.03306109797375645,-3.306109797375645,0.039900000000000005,0.175,harm
0.75,0.5,10.0,0.058,0.0,0.1,0.2395577395577395,-0.023955773955773953,0.5,0.46720334232424465,-0.03279665767575535,-3.2796657675755347,0.040600000000000004,0.175,harm
0.75,0.5,10.0,0.059000000000000004,0.0,0.1,0.23760753789430566,-0.02376075378943057,0.5,0.46746805518969886,-0.03253194481030114,-3.253194481030114,0.0413,0.175,harm
0.75,0.5,10.0,0.06,0.0,0.1,0.23565573770491802,-0.0235655737704918,0.5,0.4677330405877774,-0.03226695941222257,-3.2266959412222573,0.041999999999999996,0.175,harm
0.75,0.5,10.0,0.061,0.0,0.1,0.23370233702337026,-0.023370233702337026,0.5,0.4679982984818525,-0.03200170151814752,-3.200170151814752,0.0427,0.175,harm
0.75,0.5,10.0,0.062,0.0,0.1,0.2317473338802297,-0.02317473338802297,0.5,0.46826382883349055,-0.03173617116650945,-3.173617116650945,0.0434,0.175,harm
0.75,0.5,10.0,0.063,0.0,0.1,0.22979072630283134,-0.022979072630283134,0.5,0.4685296316024447,-0.03147036839755529,-3.147036839755529,0.0441,0.175,harm
0.75,0.5,10.0,0.064,0.0,0.1,0.2278325123152709,-0.022783251231527094,0.5,0.4687957067466475,-0.0312042932533525,-3.12042932533525,0.0448,0.175,harm
0.75,0.5,10.0,0.065,0.0,0.1,0.22587268993839837,-0.022587268993839837,0.5,0.4690620542222036,-0.030937945777796405,-3.0937945777796405,0.0455,0.175,harm
0.75,0.5,10.0,0.066,0.0,0.1,0.22391125718981097,-0.022391125718981098,0.5,0.4693286739833824,-0.030671326016617595,-3.0671326016617595,0.046200000000000005,0.175,harm
0.75,0.5,10.0,0.067,0.0,0.1,0.22194821208384713,-0.022194821208384716,0.5,0.4695955659826109,-0.030404434017389126,-3.0404434017389126,0.046900000000000004,0.175,harm
0.75,0.5,10.0,0.068,0.0,0.1,0.21998355263157893,-0.021998355263157895,0.5,0.46986273017046587,-0.03013726982953413,-3.013726982953413,0.0476,0.175,harm
0.75,0.5,10.0,0.069,0.0,0.1,0.21801727684080627,-0.02180172768408063,0.5,0.47013016649566736,-0.029869833504332644,-2.986983350433264,0.0483,0.175,harm
0.75,0.5,10.0,0.07,0.0,0.1,0.21604938271604937,-0.021604938271604937,0.5,0.47039787490507046,-0.029602125094929543,-2.9602125094929543,0.049,0.175,harm
0.75,0.5,10.0,0.07100000000000001,0.0,0.1,0.21407986825854258,-0.02140798682585426,0.5,0.47066585534365835,-0.029334144656341654,-2.9334144656341654,0.04970000000000001,0.175,harm
0.75,0.5,10.0,0.07200000000000001,0.0,0.1,0.2121087314662273,-0.021210873146622733,0.5,0.47093410775453526,-0.02906589224546474,-2.906589224546474,0.0504,0.175,harm
0.75,0.5,10.0,0.073,0.0,0.1,0.21013597033374537,-0.021013597033374538,0.5,0.47120263207891844,-0.028797367921081563,-2.8797367921081563,0.0511,0.175,harm
0.75,0.5,10.0,0.074,0.0,0.1,0.20816158285243194,-0.020816158285243195,0.5,0.4714714282561312,-0.028528571743868802,-2.8528571743868802,0.0518,0.175,harm
0.75,0.5,10.0,0.075,0.0,0.1,0.2061855670103093,-0.02061855670103093,0.5,0.47174049622359554,-0.02825950377640446,-2.8259503776404458,0.052500000000000005,0.175,harm
0.75,0.5,10.0,0.076,0.0,0.1,0.20420792079207917,-0.020420792079207918,0.5,0.47200983591682455,-0.02799016408317545,-2.799016408317545,0.053200000000000004,0.175,harm
0.75,0.5,10.0,0.077,0.0,0.1,0.2022286421791168,-0.020222864217911682,0.5,0.4722794472694153,-0.027720552730584713,-2.7720552730584713,0.0539,0.175,harm
0.75,0.5,10.0,0.078,0.0,0.1,0.20024772914946318,-0.02002477291494632,0.5,0.47254933021304135,-0.027450669786958648,-2.745066978695865,0.0546,0.175,harm
0.75,0.5,10.0,0.079,0.0,0.1,0.19826517967781906,-0.01982651796778191,0.5,0.47281948467744506,-0.027180515322554943,-2.7180515322554943,0.0553,0.175,harm
0.75,0.5,10.0,0.08,0.0,0.1,0.19628099173553715,-0.019628099173553716,0.5,0.47308991059043076,-0.026910089409569238,-2.691008940956924,0.05600000000000001,0.175,harm
0.75,0.5,10.0,0.081,0.0,0.1,0.19429516329061594,-0.019429516329061595,0.5,0.47336060787785683,-0.02663939212214317,-2.663939212214317,0.05670000000000001,0.175,harm
0.75,0.5,10.0,0.082,0.0,0.1,0.19230769230769224,-0.019230769230769225,0.5,0.4736315764636285,-0.026368423536371477,-2.6368423536371477,0.05740000000000001,0.175,harm
0.75,0.5,10.0,0.083,0.0,0.1,0.19031857674803476,-0.019031857674803476,0.5,0.47390281626969055,-0.026097183730309448,-2.609718373030945,0.058100000000000006,0.175,harm
0.75,0.5,10.0,0.084,0.0,0.1,0.18832781456953637,-0.018832781456953638,0.5,0.4741743272160198,-0.02582567278398018,-2.582567278398018,0.058800000000000005,0.175,harm
0.75,0.5,10.0,0.085,0.0,0.1,0.18633540372670807,-0.018633540372670808,0.5,0.4744461092206176,-0.025553890779382415,-2.5553890779382415,0.05950000000000001,0.175,harm
0.75,0.5,10.0,0.08600000000000001,0.0,0.1,0.184341342170671,-0.0184341342170671,0.5,0.47471816219950236,-0.025281837800497642,-2.528183780049764,0.06020000000000001,0.175,harm
0.75,0.5,10.0,0.08700000000000001,0.0,0.1,0.1823456278491504,-0.018234562784915042,0.5,0.4749904860667024,-0.02500951393329759,-2.5009513933297587,0.06090000000000001,0.175,harm
0.75,0.5,10.0,0.088,0.0,0.1,0.1803482587064677,-0.01803482587064677,0.5,0.4752630807342484,-0.02473691926575161,-2.473691926575161,0.0616,0.175,harm
0.75,0.5,10.0,0.089,0.0,0.1,0.1783492326835338,-0.01783492326835338,0.5,0.47553594611216576,-0.024464053887834236,-2.4464053887834236,0.0623,0.175,harm
0.75,0.5,10.0,0.09,0.0,0.1,0.17634854771784234,-0.017634854771784236,0.5,0.47580908210846756,-0.024190917891532437,-2.419091789153244,0.063,0.175,harm
0.75,0.5,10.0,0.091,0.0,0.1,0.17434620174346205,-0.017434620174346206,0.5,0.47608248862914676,-0.02391751137085324,-2.3917511370853237,0.0637,0.175,harm
0.75,0.5,10.0,0.092,0.0,0.1,0.17234219269102993,-0.017234219269102995,0.5,0.47635616557816884,-0.023643834421831156,-2.3643834421831156,0.0644,0.175,harm
0.75,0.5,10.0,0.093,0.0,0.1,0.1703365184877441,-0.01703365184877441,0.5,0.4766301128574647,-0.023369887142535295,-2.3369887142535295,0.0651,0.175,harm
0.75,0.5,10.0,0.094,0.0,0.1,0.16832917705735662,-0.016832917705735664,0.5,0.47690433036692254,-0.023095669633077465,-2.3095669633077467,0.0658,0.175,harm
0.75,0.5,10.0,0.095,0.0,0.1,0.1663201663201663,-0.01663201663201663,0.5,0.4771788180043812,-0.022821181995618778,-2.282118199561878,0.0665,0.175,harm
0.75,0.5,10.0,0.096,0.0,0.1,0.16430948419301167,-0.016430948419301167,0.5,0.477453575665622,-0.02254642433437798,-2.254642433437798,0.06720000000000001,0.175,harm
0.75,0.5,10.0,0.097,0.0,0.1,0.16229712858926343,-0.016229712858926344,0.5,0.47772860324436184,-0.022271396755638162,-2.227139675563816,0.0679,0.175,harm
0.75,0.5,10.0,0.098,0.0,0.1,0.16028309741881766,-0.016028309741881765,0.5,0.4780039006322455,-0.021996099367754485,-2.1996099367754485,0.06860000000000001,0.175,harm
0.75,0.5,10.0,0.099,0.0,0.1,0.1582673885880883,-0.015826738858808833,0.5,0.47827946771883806,-0.02172053228116194,-2.1720532281161944,0.0693,0.175,harm
0.75,0.5,10.0,0.1,0.0,0.1,0.15625,-0.015625,0.5,0.4785553043916177,-0.021444695608382303,-2.14446956083823,0.07,0.175,harm
0.75,0.5,10.0,0.101,0.0,0.1,0.15423092955398082,-0.015423092955398083,0.5,0.4788314105359682,-0.021168589464031773,-2.1168589464031773,0.07070000000000001,0.175,harm
0.75,0.5,10.0,0.10200000000000001,0.0,0.1,0.15221017514595495,-0.015221017514595495,0.5,0.4791077860351714,-0.0208922139648286,-2.08922139648286,0.0714,0.175,harm
0.75,0.5,10.0,0.10300000000000001,0.0,0.1,0.1501877346683354,-0.015018773466833541,0.5,0.4793844307703996,-0.020615569229600395,-2.0615569229600395,0.07210000000000001,0.175,harm
0.75,0.5,10.0,0.10400000000000001,0.0,0.1,0.14816360601001669,-0.01481636060100167,0.5,0.4796613446207087,-0.020338655379291304,-2.03386553792913,0.0728,0.175,harm
0.75,0.5,10.0,0.105,0.0,0.1,0.14613778705636746,-0.014613778705636746,0.5,0.4799385274630298,-0.020061472536970215,-2.0061472536970215,0.0735,0.175,harm
0.75,0.5,10.0,0.106,0.0,0.1,0.14411027568922308,-0.014411027568922308,0.5,0.48021597917216274,-0.019784020827837256,-1.9784020827837256,0.0742,0.175,harm
0.75,0.5,10.0,0.107,0.0,0.1,0.14208106978687843,-0.014208106978687844,0.5,0.48049369962076793,-0.019506300379232067,-1.9506300379232067,0.0749,0.175,harm
0.75,0.5,10.0,0.108,0.0,0.1,0.1400501672240803,-0.014005016722408031,0.5,0.48077168867935915,-0.019228311320640845,-1.9228311320640845,0.0756,0.175,harm
0.75,0.5,10.0,0.109,0.0,0.1,0.1380175658720201,-0.013801756587202011,0.5,0.48104994621629626,-0.018950053783703735,-1.8950053783703735,0.0763,0.175,harm
0.75,0.5,10.0,0.11,0.0,0.1,0.13598326359832638,-0.013598326359832639,0.5,0.48132847209777735,-0.01867152790222265,-1.867152790222265,0.077,0.175,harm
0.75,0.5,10.0,0.111,0.0,0.1,0.13394725826705736,-0.013394725826705737,0.5,0.4816072661878317,-0.018392733812168327,-1.8392733812168327,0.0777,0.175,harm
0.75,0.5,10.0,0.112,0.0,0.1,0.13190954773869348,-0.013190954773869348,0.5,0.481886328348312,-0.01811367165168798,-1.811367165168798,0.0784,0.175,harm
0.75,0.5,10.0,0.113,0.0,0.1,0.12987012987012989,-0.01298701298701299,0.5,0.48216565843888726,-0.017834341561112743,-1.7834341561112743,0.0791,0.175,harm
0.75,0.5,10.0,0.114,0.0,0.1,0.12782900251466892,-0.012782900251466892,0.5,0.48244525631703505,-0.017554743682964946,-1.7554743682964946,0.07980000000000001,0.175,harm
0.75,0.5,10.0,0.115,0.0,0.1,0.1257861635220126,-0.012578616352201262,0.5,0.482725121838034,-0.01727487816196599,-1.727487816196599,0.0805,0.175,harm
0.75,0.5,10.0,0.116,0.0,0.1,0.12374161073825506,-0.012374161073825506,0.5,0.4830052548549568,-0.016994745145043177,-1.6994745145043177,0.08120000000000001,0.175,harm
0.75,0.5,10.0,0.117,0.0,0.1,0.12169534200587497,-0.012169534200587497,0.5,0.48328565521866235,-0.016714344781337653,-1.6714344781337653,0.0819,0.175,harm
0.75,0.5,10.0,0.11800000000000001,0.0,0.1,0.11964735516372797,-0.011964735516372798,0.5,0.4835663227777885,-0.016433677222211507,-1.6433677222211507,0.0826,0.175,harm
0.75,0.5,10.0,0.11900000000000001,0.0,0.1,0.11759764804703905,-0.011759764804703907,0.5,0.48384725737874434,-0.016152742621255656,-1.6152742621255656,0.08330000000000001,0.175,harm
0.75,0.5,10.0,0.12,0.0,0.1,0.11554621848739498,-0.011554621848739498,0.5,0.48412845886570344,-0.015871541134296563,-1.5871541134296563,0.08399999999999999,0.175,harm
0.75,0.5,10.0,0.121,0.0,0.1,0.11349306431273645,-0.011349306431273645,0.5,0.4844099270805956,-0.015590072919404396,-1.5590072919404396,0.0847,0.175,harm
0.75,0.5,10.0,0.122,0.0,0.1,0.11143818334735071,-0.011143818334735073,0.5,0.4846916618630999,-0.01530833813690008,-1.530833813690008,0.0854,0.175,harm
0.75,0.5,10.0,0.123,0.0,0.1,0.1093815734118637,-0.010938157341186371,0.5,0.48497366305063727,-0.015026336949362729,-1.5026336949362729,0.0861,0.175,harm
0.75,0.5,10.0,0.124,0.0,0.1,0.10732323232323233,-0.010732323232323234,0.5,0.485255930478363,-0.014744069521636982,-1.4744069521636982,0.0868,0.175,harm
0.75,0.5,10.0,0.125,0.0,0.1,0.10526315789473684,-0.010526315789473684,0.5,0.48553846397915923,-0.01446153602084077,-1.446153602084077,0.0875,0.175,harm
0.75,0.5,10.0,0.126,0.0,0.1,0.10320134793597303,-0.010320134793597304,0.5,0.4858212633836277,-0.014178736616372312,-1.4178736616372312,0.0882,0.175,harm
0.75,0.5,10.0,0.127,0.0,0.1,0.10113780025284448,-0.01011378002528445,0.5,0.486104328520082,-0.013895671479917993,-1.3895671479917993,0.0889,0.175,harm
0.75,0.5,10.0,0.128,0.0,0.1,0.0990725126475548,-0.00990725126475548,0.5,0.486387659214541,-0.013612340785458976,-1.3612340785458976,0.0896,0.175,harm
0.75,0.5,10.0,0.129,0.0,0.1,0.09700548291859974,-0.009700548291859975,0.5,0.48667125529072036,-0.013328744709279639,-1.3328744709279639,0.0903,0.175,harm
0.75,0.5,10.0,0.13,0.0,0.1,0.09493670886075949,-0.00949367088607595,0.5,0.48695511657002594,-0.013044883429974063,-1.3044883429974063,0.091,0.175,harm
0.75,0.5,10.0,0.131,0.0,0.1,0.09286618826509076,-0.009286618826509076,0.5,0.48723924287154624,-0.012760757128453759,-1.276075712845376,0.0917,0.175,harm
0.75,0.5,10.0,0.132,0.0,0.1,0.09079391891891891,-0.009079391891891891,0.5,0.4875236340120447,-0.012476365987955318,-1.2476365987955318,0.09240000000000001,0.175,harm
0.75,0.5,10.0,0.133,0.0,0.1,0.08871989860583016,-0.008871989860583017,0.5,0.4878082898059527,-0.0121917101940473,-1.21917101940473,0.0931,0.175,harm
0.75,0.5,10.0,0.134,0.0,0.1,0.08664412510566355,-0.008664412510566355,0.5,0.48809321006536205,-0.011906789934637951,-1.1906789934637951,0.09380000000000001,0.175,harm
0.75,0.5,10.0,0.135,0.0,0.1,0.08456659619450314,-0.008456659619450314,0.5,0.48837839460001764,-0.01162160539998236,-1.162160539998236,0.0945,0.175,harm
0.75,0.5,10.0,0.136,0.0,0.1,0.08248730964467003,-0.008248730964467004,0.5,0.48866384321731016,-0.011336156782689844,-1.1336156782689844,0.0952,0.175,harm
0.75,0.5,10.0,0.137,0.0,0.1,0.08040626322471432,-0.008040626322471432,0.5,0.4889495557222686,-0.011050444277731386,-1.1050444277731386,0.09590000000000001,0.175,harm
0.75,0.5,10.0,0.138,0.0,0.1,0.07832345469940726,-0.007832345469940726,0.5,0.489235531917553,-0.01076446808244702,-1.076446808244702,0.0966,0.175,harm
0.75,0.5,10.0,0.139,0.0,0.1,0.07623888182973315,-0.007623888182973316,0.5,0.4895217716034471,-0.01047822839655288,-1.047822839655288,0.09730000000000001,0.175,harm
0.75,0.5,10.0,0.14,0.0,0.1,0.07415254237288132,-0.007415254237288133,0.5,0.48980827457785125,-0.010191725422148745,-1.0191725422148745,0.098,0.175,harm
0.75,0.5,10.0,0.14100000000000001,0.0,0.1,0.07206443408223821,-0.007206443408223822,0.5,0.4900950406362745,-0.009904959363725485,-0.9904959363725485,0.09870000000000001,0.175,harm
0.75,0.5,10.0,0.14200000000000002,0.0,0.1,0.0699745547073791,-0.00699745547073791,0.5,0.49038206957182795,-0.00961793042817205,-0.961793042817205,0.09940000000000002,0.175,harm
0.75,0.5,10.0,0.14300000000000002,0.0,0.1,0.0678829019940602,-0.006788290199406021,0.5,0.4906693611752172,-0.0093306388247828,-0.93306388247828,0.10010000000000001,0.175,harm
0.75,0.5,10.0,0.14400000000000002,0.0,0.1,0.0657894736842105,-0.00657894736842105,0.5,0.4909569152347347,-0.009043084765265275,-0.9043084765265275,0.1008,0.175,harm
0.75,0.5,10.0,0.145,0.0,0.1,0.06369426751592358,-0.006369426751592359,0.5,0.49124473153625325,-0.008755268463746746,-0.8755268463746746,0.10149999999999999,0.175,harm
0.75,0.5,10.0,0.146,0.0,0.1,0.06159728122344945,-0.0061597281223449455,0.5,0.49153280986321785,-0.008467190136782154,-0.8467190136782154,0.1022,0.175,harm
0.75,0.5,10.0,0.147,0.0,0.1,0.05949851253718658,-0.005949851253718659,0.5,0.4918211499966392,-0.008178850003360827,-0.8178850003360827,0.10289999999999999,0.175,harm
0.75,0.5,10.0,0.148,0.0,0.1,0.05739795918367348,-0.005739795918367348,0.5,0.492109751715086,-0.007890248284914025,-0.7890248284914025,0.1036,0.175,harm
0.75,0.5,10.0,0.149,0.0,0.1,0.05529561888558061,-0.005529561888558061,0.5,0.4923986147946776,-0.007601385205322386,-0.7601385205322386,0.10429999999999999,0.175,harm
0.75,0.5,10.0,0.15,0.0,0.1,0.05319148936170213,-0.0053191489361702135,0.5,0.49268773900907736,-0.007312260990922637,-0.7312260990922637,0.10500000000000001,0.175,harm
0.75,0.5,10.0,0.151,0.0,0.1,0.051085568326947633,-0.005108556832694764,0.5,0.49297712412948475,-0.007022875870515255,-0.7022875870515255,0.10569999999999999,0.175,harm
0.75,0.5,10.0,0.152,0.0,0.1,0.0489778534923339,-0.0048977853492333905,0.5,0.4932667699246286,-0.00673323007537141,-0.673323007537141,0.10640000000000001,0.175,harm
0.75,0.5,10.0,0.153,0.0,0.1,0.04686834256497656,-0.004686834256497656,0.5,0.4935566761607597,-0.006443323839240289,-0.6443323839240289,0.1071,0.175,harm
0.75,0.5,10.0,0.154,0.0,0.1,0.044757033248081834,-0.004475703324808184,0.5,0.4938468426016436,-0.006153157398356424,-0.6153157398356424,0.1078,0.175,harm
0.75,0.5,10.0,0.155,0.0,0.1,0.04264392324093816,-0.004264392324093816,0.5,0.49413726900855337,-0.00586273099144663,-0.586273099144663,0.1085,0.175,harm
0.75,0.5,10.0,0.156,0.0,0.1,0.04052901023890784,-0.0040529010238907846,0.5,0.49442795514026283,-0.0055720448597371686,-0.5572044859737169,0.1092,0.175,harm
0.75,0.5,10.0,0.157,0.0,0.1,0.038412291933418684,-0.0038412291933418684,0.5,0.4947189007530389,-0.005281099246961074,-0.5281099246961074,0.1099,0.175,harm
0.75,0.5,10.0,0.158,0.0,0.1,0.03629376601195558,-0.0036293766011955583,0.5,0.49501010560063463,-0.004989894399365369,-0.4989894399365369,0.1106,0.175,harm
0.75,0.5,10.0,0.159,0.0,0.1,0.0341734301580521,-0.0034173430158052098,0.5,0.4953015694342823,-0.004698430565717726,-0.4698430565717726,0.1113,0.175,harm
0.75,0.5,10.0,0.16,0.0,0.1,0.032051282051282035,-0.0032051282051282037,0.5,0.49559329200268576,-0.004406707997314241,-0.4406707997314241,0.11200000000000002,0.175,harm
0.75,0.5,10.0,0.161,0.0,0.1,0.029927319367250942,-0.0029927319367250944,0.5,0.495885273052014,-0.0041147269479859805,-0.41147269479859805,0.1127,0.175,harm
0.75,0.5,10.0,0.162,0.0,0.1,0.027801539777587658,-0.002780153977758766,0.5,0.4961775123258936,-0.003822487674106423,-0.3822487674106423,0.11340000000000001,0.175,harm
0.75,0.5,10.0,0.163,0.0,0.1,0.025673940949935792,-0.0025673940949935796,0.5,0.49647000956540155,-0.003529990434598451,-0.3529990434598451,0.11410000000000001,0.175,harm
0.75,0.5,10.0,0.164,0.0,0.1,0.02354452054794518,-0.0023544520547945182,0.5,0.4967627645090589,-0.003237235490941126,-0.3237235490941126,0.11480000000000001,0.175,harm
0.75,0.5,10.0,0.165,0.0,0.1,0.021413276231263354,-0.0021413276231263354,0.5,0.4970557768928229,-0.002944223107177124,-0.2944223107177124,0.1155,0.175,harm
0.75,0.5,10.0,0.166,0.0,0.1,0.01928020565552696,-0.0019280205655526962,0.5,0.4973490464500801,-0.002650953549919899,-0.2650953549919899,0.11620000000000001,0.175,harm
0.75,0.5,10.0,0.167,0.0,0.1,0.01714530647235316,-0.001714530647235316,0.5,0.49764257291163994,-0.0023574270883600645,-0.23574270883600645,0.1169,0.175,harm
0.75,0.5,10.0,0.168,0.0,0.1,0.015008576329331013,-0.0015008576329331013,0.5,0.49793635600572717,-0.0020636439942728346,-0.20636439942728346,0.11760000000000001,0.175,harm
0.75,0.5,10.0,0.169,0.0,0.1,0.012870012870012834,-0.0012870012870012835,0.5,0.4982303954579747,-0.0017696045420252937,-0.17696045420252937,0.1183,0.175,harm
0.75,0.5,10.0,0.17,0.0,0.1,0.010729613733905541,-0.0010729613733905542,0.5,0.4985246909914175,-0.0014753090085825038,-0.14753090085825038,0.11900000000000002,0.175,harm
0.75,0.5,10.0,0.171,0.0,0.1,0.008587376556461962,-0.0008587376556461962,0.5,0.49881924232648445,-0.0011807576735155534,-0.11807576735155534,0.1197,0.175,harm
0.75,0.5,10.0,0.17200000000000001,0.0,0.1,0.006443298969072123,-0.0006443298969072124,0.5,0.49911404918099267,-0.0008859508190073306,-0.08859508190073306,0.12040000000000002,0.175,harm
0.75,0.5,10.0,0.17300000000000001,0.0,0.1,0.004297378599054533,-0.0004297378599054533,0.5,0.4994091112701393,-0.0005908887298606835,-0.05908887298606835,0.12110000000000001,0.175,harm
0.75,0.5,10.0,0.17400000000000002,0.0,0.1,0.0021496130696474175,-0.00021496130696474177,0.5,0.49970442830649575,-0.0002955716935042485,-0.02955716935042485,0.12180000000000002,0.175,harm
0.75,0.5,10.0,0.17500000000000002,0.0,0.1,-4.775152794086694e-17,4.7751527940866944e-18,0.5,0.5,0.0,0.0,0.12250000000000001,0.175,zero
0.75,0.5,10.0,0.176,0.0,0.1,-0.002151462994836467,0.0002151462994836467,0.5,0.5002958260579501,0.0002958260579500882,0.02958260579500882,0.1232,0.175,improvement
0.75,0.5,10.0,0.177,0.0,0.1,-0.004304778303917328,0.0004304778303917329,0.5,0.5005919061849973,0.0005919061849972707,0.059190618499727066,0.12389999999999998,0.175,improvement
0.75,0.5,10.0,0.178,0.0,0.1,-0.006459948320413418,0.0006459948320413419,0.5,0.5008882400831389,0.0008882400831389248,0.08882400831389248,0.1246,0.175,improvement
0.75,0.5,10.0,0.179,0.0,0.1,-0.008616975441619976,0.0008616975441619976,0.5,0.5011848274517121,0.0011848274517121116,0.11848274517121116,0.1253,0.175,improvement
0.75,0.5,10.0,0.18,0.0,0.1,-0.010775862068965502,0.0010775862068965502,0.5,0.5014816679873861,0.0014816679873861371,0.14816679873861371,0.126,0.175,improvement
0.75,0.5,10.0,0.181,0.0,0.1,-0.012936610608020687,0.0012936610608020689,0.5,0.5017787613841568,0.0017787613841567795,0.17787613841567795,0.12669999999999998,0.175,improvement
0.75,0.5,10.0,0.182,0.0,0.1,-0.015099223468507323,0.0015099223468507325,0.5,0.5020761073333386,0.002076107333338628,0.20761073333386282,0.1274,0.175,improvement
0.75,0.5,10.0,0.183,0.0,0.1,-0.017263703064307283,0.0017263703064307285,0.5,0.5023737055235584,0.0023737055235584226,0.23737055235584226,0.1281,0.175,improvement
0.75,0.5,10.0,0.184,0.0,0.1,-0.0194300518134715,0.00194300518134715,0.5,0.5026715556407488,0.002671555640748835,0.2671555640748835,0.1288,0.175,improvement
0.75,0.5,10.0,0.185,0.0,0.1,-0.021598272138228937,0.002159827213822894,0.5,0.5029696573681415,0.002969657368141476,0.2969657368141476,0.1295,0.175,improvement
0.75,0.5,10.0,0.186,0.0,0.1,-0.023768366464995676,0.0023768366464995676,0.5,0.5032680103862601,0.003268010386260123,0.3268010386260123,0.1302,0.175,improvement
0.75,0.5,10.0,0.187,0.0,0.1,-0.02594033722438392,0.002594033722438392,0.5,0.5035666143729141,0.0035666143729140565,0.35666143729140565,0.1309,0.175,improvement
0.75,0.5,10.0,0.188,0.0,0.1,-0.02811418685121107,0.002811418685121107,0.5,0.5038654690031917,0.003865469003191735,0.3865469003191735,0.1316,0.175,improvement
0.75,0.5,10.0,0.189,0.0,0.1,-0.030289917784508874,0.0030289917784508875,0.5,0.5041645739494537,0.004164573949453687,0.4164573949453687,0.1323,0.175,improvement
0.75,0.5,10.0,0.19,0.0,0.1,-0.03246753246753247,0.0032467532467532474,0.5,0.5044639288813262,0.004463928881326185,0.44639288813261846,0.133,0.175,improvement
0.75,0.5,10.0,0.191,0.0,0.1,-0.0346470333477696,0.00346470333477696,0.5,0.5047635334656948,0.0047635334656948025,0.47635334656948025,0.13369999999999999,0.175,improvement
0.75,0.5,10.0,0.192,0.0,0.1,-0.03682842287694975,0.003682842287694975,0.5,0.5050633873666976,0.005063387366697647,0.5063387366697647,0.13440000000000002,0.175,improvement
0.75,0.5,10.0,0.193,0.0,0.1,-0.039011703511053326,0.003901170351105333,0.5,0.5053634902457188,0.005363490245718805,0.5363490245718805,0.1351,0.175,improvement
0.75,0.5,10.0,0.194,0.0,0.1,-0.04119687771032091,0.004119687771032092,0.5,0.5056638417613818,0.005663841761381794,0.5663841761381794,0.1358,0.175,improvement
0.75,0.5,10.0,0.195,0.0,0.1,-0.04338394793926249,0.004338394793926249,0.5,0.5059644415695433,0.005964441569543344,0.5964441569543344,0.1365,0.175,improvement
0.75,0.5,10.0,0.196,0.0,0.1,-0.04557291666666668,0.004557291666666668,0.5,0.5062652893232868,0.006265289323286849,0.6265289323286849,0.13720000000000002,0.175,improvement
0.75,0.5,10.0,0.197,0.0,0.1,-0.04776378636561009,0.00477637863656101,0.5,0.5065663846729156,0.006566384672915593,0.6566384672915593,0.1379,0.175,improvement
0.75,0.5,10.0,0.198,0.0,0.1,-0.04995655951346657,0.004995655951346658,0.5,0.5068677272659468,0.006867727265946755,0.6867727265946755,0.1386,0.175,improvement
0.75,0.5,10.0,0.199,0.0,0.1,-0.052151238591916574,0.005215123859191657,0.5,0.5071693167471047,0.007169316747104748,0.7169316747104748,0.1393,0.175,improvement
0.75,0.5,10.0,0.2,0.0,0.1,-0.05434782608695655,0.0054347826086956555,0.5,0.5074711527583151,0.007471152758315114,0.7471152758315114,0.14,0.175,improvement
0.75,0.5,10.0,0.201,0.0,0.1,-0.05654632448890825,0.005654632448890825,0.5,0.5077732349386976,0.007773234938697637,0.7773234938697637,0.1407,0.175,improvement
0.75,0.5,10.0,0.202,0.0,0.1,-0.05874673629242823,0.005874673629242823,0.5,0.5080755629245608,0.008075562924560797,0.8075562924560797,0.14140000000000003,0.175,improvement
0.75,0.5,10.0,0.203,0.0,0.1,-0.060949063996517235,0.006094906399651724,0.5,0.5083781363493951,0.008378136349395104,0.8378136349395104,0.1421,0.175,improvement
0.75,0.5,10.0,0.20400000000000001,0.0,0.1,-0.06315331010452964,0.006315331010452964,0.5,0.5086809548438664,0.00868095484386644,0.868095484386644,0.1428,0.175,improvement
0.75,0.5,10.0,0.20500000000000002,0.0,0.1,-0.06535947712418304,0.006535947712418304,0.5,0.5089840180358105,0.008984018035810504,0.8984018035810504,0.14350000000000002,0.175,improvement
0.75,0.5,10.0,0.20600000000000002,0.0,0.1,-0.0675675675675676,0.006756756756756761,0.5,0.509287325550226,0.009287325550226044,0.9287325550226044,0.14420000000000002,0.175,improvement
0.75,0.5,10.0,0.20700000000000002,0.0,0.1,-0.06977758395115573,0.006977758395115573,0.5,0.5095908770092692,0.009590877009269194,0.9590877009269194,0.1449,0.175,improvement
0.75,0.5,10.0,0.20800000000000002,0.0,0.1,-0.07198952879581157,0.007198952879581157,0.5,0.509894672032247,0.009894672032247032,0.9894672032247032,0.1456,0.175,improvement
0.75,0.5,10.0,0.209,0.0,0.1,-0.0742034046268005,0.007420340462680051,0.5,0.5101987102356111,0.010198710235611141,1.0198710235611141,0.14629999999999999,0.175,improvement
0.75,0.5,10.0,0.21,0.0,0.1,-0.07641921397379911,0.007641921397379911,0.5,0.510502991232952,0.010502991232951953,1.0502991232951953,0.147,0.175,improvement
0.75,0.5,10.0,0.211,0.0,0.1,-0.0786369593709043,0.00786369593709043,0.5,0.5108075146349929,0.010807514634992854,1.0807514634992854,0.1477,0.175,improvement
0.75,0.5,10.0,0.212,0.0,0.1,-0.08085664335664333,0.008085664335664334,0.5,0.5111122800495835,0.011112280049583534,1.1112280049583534,0.1484,0.175,improvement
0.75,0.5,10.0,0.213,0.0,0.1,-0.08307826847398338,0.008307826847398338,0.5,0.5114172870816942,0.011417287081694205,1.1417287081694205,0.14909999999999998,0.175,improvement
0.75,0.5,10.0,0.214,0.0,0.1,-0.0853018372703412,0.00853018372703412,0.5,0.51172253533341,0.011722535333409945,1.1722535333409945,0.1498,0.175,improvement
0.75,0.5,10.0,0.215,0.0,0.1,-0.08752735229759298,0.008752735229759298,0.5,0.5120280244039244,0.012028024403924364,1.2028024403924364,0.1505,0.175,improvement
0.75,0.5,10.0,0.216,0.0,0.1,-0.08975481611208407,0.008975481611208407,0.5,0.5123337538895334,0.012333753889533394,1.2333753889533394,0.1512,0.175,improvement
0.75,0.5,10.0,0.217,0.0,0.1,-0.09198423127463863,0.009198423127463863,0.5,0.5126397233836308,0.012639723383630841,1.263972338363084,0.15189999999999998,0.175,improvement
0.75,0.5,10.0,0.218,0.0,0.1,-0.09421560035056967,0.009421560035056967,0.5,0.5129459324767003,0.012945932476700284,1.2945932476700284,0.1526,0.175,improvement
0.75,0.5,10.0,0.219,0.0,0.1,-0.09644892590968873,0.009644892590968873,0.5,0.5132523807563112,0.013252380756311188,1.3252380756311188,0.1533,0.175,improvement
0.75,0.5,10.0,0.22,0.0,0.1,-0.09868421052631578,0.009868421052631578,0.5,0.513559067807112,0.013559067807112024,1.3559067807112024,0.154,0.175,improvement
0.75,0.5,10.0,0.221,0.0,0.1,-0.10092145677928917,0.010092145677928918,0.5,0.5138659932108252,0.013865993210825156,1.3865993210825156,0.1547,0.175,improvement
0.75,0.5,10.0,0.222,0.0,0.1,-0.10316066725197542,0.010316066725197543,0.5,0.5141731565462402,0.014173156546240184,1.4173156546240184,0.1554,0.175,improvement
0.75,0.5,10.0,0.223,0.0,0.1,-0.10540184453227931,0.010540184453227932,0.5,0.5144805573892095,0.014480557389209503,1.4480557389209503,0.1561,0.175,improvement
0.75,0.5,10.0,0.224,0.0,0.1,-0.10764499121265379,0.01076449912126538,0.5,0.5147881953126414,0.014788195312641417,1.4788195312641417,0.1568,0.175,improvement
0.75,0.5,10.0,0.225,0.0,0.1,-0.10989010989010989,0.01098901098901099,0.5,0.5150960698864955,0.015096069886495478,1.5096069886495478,0.1575,0.175,improvement
0.75,0.5,10.0,0.226,0.0,0.1,-0.11213720316622691,0.011213720316622692,0.5,0.515404180677776,0.015404180677776047,1.5404180677776047,0.1582,0.175,improvement
0.75,0.5,10.0,0.227,0.0,0.1,-0.11438627364716233,0.011438627364716234,0.5,0.5157125272505274,0.01571252725052741,1.5712527250527408,0.15889999999999999,0.175,improvement
0.75,0.5,10.0,0.228,0.0,0.1,-0.11663732394366197,0.011663732394366197,0.5,0.5160211091658279,0.016021109165827885,1.6021109165827885,0.15960000000000002,0.175,improvement
0.75,0.5,10.0,0.229,0.0,0.1,-0.11889035667107002,0.011889035667107003,0.5,0.5163299259817844,0.0163299259817844,1.63299259817844,0.1603,0.175,improvement
0.75,0.5,10.0,0.23,0.0,0.1,-0.12114537444933922,0.012114537444933923,0.5,0.5166389772535267,0.0166389772535267,1.6638977253526699,0.161,0.175,improvement
0.75,0.5,10.0,0.231,0.0,0.1,-0.123402379903041,0.0123402379903041,0.5,0.5169482625332029,0.016948262533202918,1.6948262533202918,0.1617,0.175,improvement
0.75,0.5,10.0,0.232,0.0,0.1,-0.1256613756613757,0.01256613756613757,0.5,0.5172577813699729,0.017257781369972913,1.7257781369972913,0.16240000000000002,0.175,improvement
0.75,0.5,10.0,0.233,0.0,0.1,-0.12792236435818263,0.012792236435818264,0.5,0.5175675333100036,0.017567533310003602,1.7567533310003602,0.1631,0.175,improvement
0.75,0.5,10.0,0.234,0.0,0.1,-0.13018534863195058,0.013018534863195059,0.5,0.5178775178964639,0.017877517896463857,1.7877517896463857,0.1638,0.175,improvement
0.75,0.5,10.0,0.23500000000000001,0.0,0.1,-0.13245033112582782,0.013245033112582783,0.5,0.5181877346695187,0.01818773466951873,1.818773466951873,0.1645,0.175,improvement
0.75,0.5,10.0,0.23600000000000002,0.0,0.1,-0.13471731448763252,0.013471731448763253,0.5,0.5184981831663241,0.018498183166324123,1.8498183166324123,0.1652,0.175,improvement
0.75,0.5,10.0,0.23700000000000002,0.0,0.1,-0.13698630136986303,0.013698630136986304,0.5,0.5188088629210221,0.01880886292102213,1.880886292102213,0.1659,0.175,improvement
0.75,0.5,10.0,0.23800000000000002,0.0,0.1,-0.13925729442970824,0.013925729442970824,0.5,0.5191197734647355,0.01911977346473548,1.911977346473548,0.16660000000000003,0.175,improvement
0.75,0.5,10.0,0.23900000000000002,0.0,0.1,-0.14153029632905795,0.014153029632905795,0.5,0.5194309143255624,0.01943091432556243,1.9430914325562432,0.1673,0.175,improvement
0.75,0.5,10.0,0.24,0.0,0.1,-0.14380530973451328,0.014380530973451329,0.5,0.519742285028572,0.019742285028572004,1.9742285028572004,0.16799999999999998,0.175,improvement
0.75,0.5,10.0,0.241,0.0,0.1,-0.14608233731739706,0.014608233731739707,0.5,0.5200538850957984,0.02005388509579842,2.005388509579842,0.1687,0.175,improvement
0.75,0.5,10.0,0.242,0.0,0.1,-0.14836138175376437,0.014836138175376438,0.5,0.5203657140462363,0.020365714046236327,2.0365714046236327,0.1694,0.175,improvement
0.75,0.5,10.0,0.243,0.0,0.1,-0.1506424457244129,0.015064244572441291,0.5,0.520677771395836,0.020677771395836042,2.067777139583604,0.1701,0.175,improvement
0.75,0.5,10.0,0.244,0.0,0.1,-0.15292553191489358,0.01529255319148936,0.5,0.5209900566574981,0.02099005665749809,2.099005665749809,0.1708,0.175,improvement
0.75,0.5,10.0,0.245,0.0,0.1,-0.15521064301552107,0.015521064301552107,0.5,0.5213025693410691,0.02130256934106911,2.130256934106911,0.17149999999999999,0.175,improvement
0.75,0.5,10.0,0.246,0.0,0.1,-0.1574977817213842,0.01574977817213842,0.5,0.5216153089533359,0.021615308953335854,2.1615308953335854,0.1722,0.175,improvement
0.75,0.5,10.0,0.247,0.0,0.1,-0.15978695073235685,0.015978695073235686,0.5,0.5219282749980216,0.021928274998021635,2.1928274998021635,0.1729,0.175,improvement
0.75,0.5,10.0,0.248,0.0,0.1,-0.16207815275310836,0.016207815275310837,0.5,0.5222414669757809,0.022241466975780888,2.224146697578089,0.1736,0.175,improvement
0.75,0.5,10.0,0.249,0.0,0.1,-0.16437139049311417,0.016437139049311416,0.5,0.5225548843841941,0.022554884384194063,2.2554884384194063,0.17429999999999998,0.175,improvement
0.75,0.5,10.0,0.25,0.0,0.1,-0.16666666666666666,0.016666666666666666,0.5,0.5228685267177642,0.02286852671776418,2.286852671776418,0.175,0.175,improvement
0.75,0.5,10.0,0.251,0.0,0.1,-0.16896398399288573,0.016896398399288574,0.5,0.5231823934679107,0.023182393467910734,2.3182393467910734,0.17570000000000002,0.175,improvement
0.75,0.5,10.0,0.252,0.0,0.1,-0.17126334519572953,0.017126334519572954,0.5,0.5234964841229658,0.02349648412296579,2.349648412296579,0.1764,0.175,improvement
0.75,0.5,10.0,0.253,0.0,0.1,-0.17356475300400537,0.017356475300400537,0.5,0.52381079816817,0.02381079816817,2.381079816817,0.17709999999999998,0.175,improvement
0.75,0.5,10.0,0.254,0.0,0.1,-0.17586821015138024,0.017586821015138025,0.5,0.5241253350856669,0.024125335085666944,2.4125335085666944,0.1778,0.175,improvement
0.75,0.5,10.0,0.255,0.0,0.1,-0.17817371937639198,0.017817371937639197,0.5,0.5244400943544998,0.024440094354499786,2.4440094354499786,0.17850000000000002,0.175,improvement
0.75,0.5,10.0,0.256,0.0,0.1,-0.18048128342245992,0.018048128342245992,0.5,0.5247550754506055,0.024755075450605513,2.4755075450605513,0.1792,0.175,improvement
0.75,0.5,10.0,0.257,0.0,0.1,-0.1827909050378957,0.01827909050378957,0.5,0.5250702778468119,0.025070277846811928,2.507027784681193,0.1799,0.175,improvement
0.75,0.5,10.0,0.258,0.0,0.1,-0.1851025869759144,0.01851025869759144,0.5,0.5253857010128329,0.025385701012832884,2.5385701012832884,0.1806,0.175,improvement
0.75,0.5,10.0,0.259,0.0,0.1,-0.18741633199464525,0.018741633199464525,0.5,0.5257013444152634,0.025701344415263394,2.5701344415263394,0.18130000000000002,0.175,improvement
0.75,0.5,10.0,0.26,0.0,0.1,-0.18973214285714285,0.018973214285714288,0.5,0.526017207517576,0.02601720751757597,2.601720751757597,0.182,0.175,improvement
0.75,0.5,10.0,0.261,0.0,0.1,-0.19205002233139798,0.019205002233139798,0.5,0.5263332897801165,0.02633328978011651,2.633328978011651,0.1827,0.175,improvement
0.75,0.5,10.0,0.262,0.0,0.1,-0.19436997319034854,0.019436997319034855,0.5,0.5266495906600999,0.026649590660099864,2.6649590660099864,0.1834,0.175,improvement
0.75,0.5,10.0,0.263,0.0,0.1,-0.19669199821189096,0.019669199821189098,0.5,0.5269661096116061,0.02696610961160606,2.696610961160606,0.1841,0.175,improvement
0.75,0.5,10.0,0.264,0.0,0.1,-0.19901610017889093,0.019901610017889093,0.5,0.5272828460855757,0.02728284608557574,2.728284608557574,0.18480000000000002,0.175,improvement
0.75,0.5,10.0,0.265,0.0,0.1,-0.20134228187919467,0.02013422818791947,0.5,0.5275997995298065,0.027599799529806512,2.7599799529806512,0.1855,0.175,improvement
0.75,0.5,10.0,0.266,0.0,0.1,-0.20367054610564014,0.020367054610564015,0.5,0.5279169693889492,0.027916969388949164,2.7916969388949164,0.1862,0.175,improvement
0.75,0.5,10.0,0.267,0.0,0.1,-0.2060008956560681,0.020600089565606813,0.5,0.5282343551045035,0.02823435510450345,2.823435510450345,0.1869,0.175,improvement
0.75,0.5,10.0,0.268,0.0,0.1,-0.20833333333333334,0.020833333333333336,0.5,0.5285519561148142,0.028551956114814203,2.8551956114814203,0.18760000000000002,0.175,improvement
0.75,0.5,10.0,0.269,0.0,0.1,-0.21066786194531606,0.021066786194531607,0.5,0.5288697718550681,0.028869771855068116,2.8869771855068116,0.1883,0.175,improvement
0.75,0.5,10.0,0.27,0.0,0.1,-0.21300448430493277,0.02130044843049328,0.5,0.5291878017572891,0.029187801757289078,2.918780175728908,0.189,0.175,improvement
0.75,0.5,10.0,0.271,0.0,0.1,-0.21534320323014808,0.02153432032301481,0.5,0.5295060452503353,0.02950604525033529,2.950604525033529,0.18970000000000004,0.175,improvement
0.75,0.5,10.0,0.272,0.0,0.1,-0.2176840215439857,0.02176840215439857,0.5,0.529824501759895,0.02982450175989504,2.982450175989504,0.1904,0.175,improvement
0.75,0.5,10.0,0.273,0.0,0.1,-0.2200269420745398,0.02200269420745398,0.5,0.5301431707084838,0.030143170708483824,3.0143170708483824,0.1911,0.175,improvement
0.75,0.5,10.0,0.274,0.0,0.1,-0.22237196765498657,0.022237196765498658,0.5,0.5304620515154397,0.03046205151543968,3.046205151543968,0.19180000000000003,0.175,improvement
0.75,0.5,10.0,0.275,0.0,0.1,-0.22471910112359555,0.022471910112359557,0.5,0.5307811435969209,0.030781143596920857,3.0781143596920857,0.19250000000000003,0.175,improvement
0.75,0.5,10.0,0.276,0.0,0.1,-0.22706834532374104,0.022706834532374105,0.5,0.5311004463659017,0.0311004463659017,3.11004463659017,0.1932,0.175,improvement
0.75,0.5,10.0,0.277,0.0,0.1,-0.22941970310391369,0.02294197031039137,0.5,0.5314199592321696,0.03141995923216956,3.141995923216956,0.19390000000000002,0.175,improvement
0.75,0.5,10.0,0.278,0.0,0.1,-0.23177317731773184,0.023177317731773187,0.5,0.5317396816023212,0.03173968160232121,3.1739681602321212,0.19460000000000002,0.175,improvement
0.75,0.5,10.0,0.279,0.0,0.1,-0.23412877082395323,0.023412877082395325,0.5,0.5320596128797597,0.03205961287975967,3.205961287975967,0.19530000000000003,0.175,improvement
0.75,0.5,10.0,0.28,0.0,0.1,-0.23648648648648657,0.023648648648648657,0.5,0.5323797524646913,0.03237975246469127,3.237975246469127,0.196,0.175,improvement
0.75,0.5,10.0,0.281,0.0,0.1,-0.23884632717440296,0.023884632717440298,0.5,0.5327000997541219,0.032700099754121914,3.2700099754121914,0.1967,0.175,improvement
0.75,0.5,10.0,0.28200000000000003,0.0,0.1,-0.24120829576194777,0.02412082957619478,0.5,0.5330206541418546,0.03302065414185462,3.302065414185462,0.19740000000000002,0.175,improvement
0.75,0.5,10.0,0.28300000000000003,0.0,0.1,-0.24357239512855217,0.02435723951285522,0.5,0.5333414150184858,0.033341415018485754,3.3341415018485754,0.19810000000000003,0.175,improvement
0.75,0.5,10.0,0.28400000000000003,0.0,0.1,-0.24593862815884482,0.024593862815884483,0.5,0.533662381771403,0.033662381771403016,3.3662381771403016,0.19880000000000003,0.175,improvement
0.75,0.5,10.0,0.28500000000000003,0.0,0.1,-0.24830699774266374,0.024830699774266374,0.5,0.533983553784781,0.03398355378478102,3.3983553784781018,0.1995,0.175,improvement
0.75,0.5,10.0,0.28600000000000003,0.0,0.1,-0.25067750677506784,0.025067750677506787,0.5,0.5343049304395802,0.03430493043958016,3.430493043958016,0.20020000000000002,0.175,improvement
0.75,0.5,10.0,0.28700000000000003,0.0,0.1,-0.2530501581563489,0.025305015815634893,0.5,0.5346265111135424,0.034626511113542424,3.4626511113542424,0.20090000000000002,0.175,improvement
0.75,0.5,10.0,0.28800000000000003,0.0,0.1,-0.2554249547920435,0.025542495479204355,0.5,0.534948295181189,0.034948295181189026,3.4948295181189026,0.2016,0.175,improvement
0.75,0.5,10.0,0.289,0.0,0.1,-0.25780189959294425,0.025780189959294427,0.5,0.535270282013818,0.03527028201381799,3.527028201381799,0.20229999999999998,0.175,improvement
0.75,0.5,10.0,0.29,0.0,0.1,-0.2601809954751131,0.02601809954751131,0.5,0.5355924709795012,0.035592470979501245,3.5592470979501245,0.20299999999999999,0.175,improvement
0.75,0.5,10.0,0.291,0.0,0.1,-0.26256224535989126,0.026256224535989126,0.5,0.5359148614430822,0.0359148614430822,3.59148614430822,0.2037,0.175,improvement
0.75,0.5,10.0,0.292,0.0,0.1,-0.264945652173913,0.026494565217391304,0.5,0.5362374527661724,0.03623745276617241,3.6237452766172407,0.2044,0.175,improvement
0.75,0.5,10.0,0.293,0.0,0.1,-0.2673312188491164,0.026733121884911643,0.5,0.5365602443071504,0.036560244307150436,3.6560244307150436,0.20509999999999998,0.175,improvement
0.75,0.5,10.0,0.294,0.0,0.1,-0.2697189483227561,0.026971894832275613,0.5,0.5368832354211588,0.03688323542115879,3.688323542115879,0.20579999999999998,0.175,improvement
0.75,0.5,10.0,0.295,0.0,0.1,-0.2721088435374149,0.02721088435374149,0.5,0.5372064254601008,0.03720642546010078,3.720642546010078,0.2065,0.175,improvement
0.75,0.5,10.0,0.296,0.0,0.1,-0.27450090744101635,0.027450090744101638,0.5,0.5375298137726399,0.037529813772639864,3.7529813772639864,0.2072,0.175,improvement
0.75,0.5,10.0,0.297,0.0,0.1,-0.27689514298683604,0.027689514298683604,0.5,0.5378533997041959,0.03785339970419588,3.785339970419588,0.20789999999999997,0.175,improvement
0.75,0.5,10.0,0.298,0.0,0.1,-0.279291553133515,0.0279291553133515,0.5,0.5381771825969435,0.03817718259694347,3.817718259694347,0.20859999999999998,0.175,improvement
0.75,0.5,10.0,0.299,0.0,0.1,-0.2816901408450704,0.02816901408450704,0.5,0.5385011617898109,0.03850116178981089,3.850116178981089,0.20929999999999999,0.175,improvement
0.75,0.5,10.0,0.3,0.0,0.1,-0.28409090909090906,0.028409090909090908,0.5,0.538825336618476,0.03882533661847598,3.882533661847598,0.21000000000000002,0.175,improvement
0.75,0.5,10.0,0.301,0.0,0.1,-0.286493860845839,0.0286493860845839,0.5,0.5391497064153659,0.03914970641536586,3.914970641536586,0.21069999999999997,0.175,improvement
0.75,0.5,10.0,0.302,0.0,0.1,-0.2888989990900819,0.02888989990900819,0.5,0.5394742705096545,0.03947427050965446,3.9474270509654463,0.21139999999999998,0.175,improvement
0.75,0.5,10.0,0.303,0.0,0.1,-0.2913063268092853,0.029130632680928532,0.5,0.5397990282272603,0.039799028227260336,3.9799028227260336,0.2121,0.175,improvement
0.75,0.5,10.0,0.304,0.0,0.1,-0.29371584699453557,0.029371584699453557,0.5,0.5401239788908454,0.0401239788908454,4.01239788908454,0.21280000000000002,0.175,improvement
0.75,0.5,10.0,0.305,0.0,0.1,-0.29612756264236895,0.029612756264236897,0.5,0.5404491218198129,0.04044912181981286,4.044912181981286,0.21349999999999997,0.175,improvement
0.75,0.5,10.0,0.306,0.0,0.1,-0.2985414767547858,0.029854147675478584,0.5,0.5407744563303059,0.04077445633030585,4.077445633030585,0.2142,0.175,improvement
0.75,0.5,10.0,0.307,0.0,0.1,-0.3009575923392612,0.030095759233926125,0.5,0.5410999817352051,0.04109998173520513,4.109998173520513,0.2149,0.175,improvement
0.75,0.5,10.0,0.308,0.0,0.1,-0.3033759124087591,0.030337591240875914,0.5,0.5414256973441289,0.04142569734412893,4.142569734412893,0.2156,0.175,improvement
0.75,0.5,10.0,0.309,0.0,0.1,-0.3057964399817435,0.030579643998174352,0.5,0.5417516024634297,0.04175160246342968,4.175160246342968,0.2163,0.175,improvement
0.75,0.5,10.0,0.31,0.0,0.1,-0.3082191780821918,0.03082191780821918,0.5,0.5420776963961942,0.042077696396194186,4.207769639619419,0.217,0.175,improvement
0.75,0.5,10.0,0.311,0.0,0.1,-0.3106441297396071,0.03106441297396071,0.5,0.5424039784422414,0.04240397844224142,4.240397844224142,0.2177,0.175,improvement
0.75,0.5,10.0,0.312,0.0,0.1,-0.31307129798903116,0.03130712979890312,0.5,0.5427304478981215,0.042730447898121526,4.273044789812152,0.2184,0.175,improvement
0.75,0.5,10.0,0.313,0.0,0.1,-0.3155006858710562,0.03155006858710562,0.5,0.5430571040571145,0.04305710405711449,4.30571040571145,0.2191,0.175,improvement
0.75,0.5,10.0,0.314,0.0,0.1,-0.317932296431839,0.0317932296431839,0.5,0.5433839462092294,0.04338394620922936,4.338394620922936,0.2198,0.175,improvement
0.75,0.5,10.0,0.315,0.0,0.1,-0.3203661327231121,0.032036613272311214,0.5,0.5437109736412025,0.043710973641202466,4.371097364120247,0.2205,0.175,improvement
0.75,0.5,10.0,0.316,0.0,0.1,-0.3228021978021978,0.032280219780219783,0.5,0.5440381856364976,0.04403818563649764,4.403818563649764,0.2212,0.175,improvement
0.75,0.5,10.0,0.317,0.0,0.1,-0.32524049473202016,0.03252404947320202,0.5,0.5443655814753037,0.04436558147530367,4.436558147530367,0.2219,0.175,improvement
0.75,0.5,10.0,0.318,0.0,0.1,-0.3276810265811183,0.03276810265811183,0.5,0.5446931604345351,0.044693160434535084,4.469316043453508,0.2226,0.175,improvement
0.75,0.5,10.0,0.319,0.0,0.1,-0.33012379642365886,0.033012379642365884,0.5,0.54502092178783,0.045020921787830015,4.502092178783002,0.2233,0.175,improvement
0.75,0.5,10.0,0.32,0.0,0.1,-0.3325688073394496,0.03325688073394496,0.5,0.5453488648055506,0.04534886480555056,4.5348864805550555,0.22400000000000003,0.175,improvement
0.75,0.5,10.0,0.321,0.0,0.1,-0.3350160624139513,0.033501606241395136,0.5,0.5456769887547813,0.04567698875478132,4.567698875478133,0.22469999999999998,0.175,improvement
0.75,0.5,10.0,0.322,0.0,0.1,-0.3374655647382921,0.03374655647382921,0.5,0.5460052928993293,0.04600529289932931,4.600529289932931,0.2254,0.175,improvement
0.75,0.5,10.0,0.323,0.0,0.1,-0.33991731740927883,0.033991731740927886,0.5,0.5463337764997234,0.04633377649972337,4.633377649972337,0.22610000000000002,0.175,improvement
0.75,0.5,10.0,0.324,0.0,0.1,-0.3423713235294118,0.03423713235294118,0.5,0.5466624388132135,0.046662438813213525,4.6662438813213525,0.22680000000000003,0.175,improvement
0.75,0.5,10.0,0.325,0.0,0.1,-0.3448275862068966,0.03448275862068966,0.5,0.546991279093771,0.04699127909377099,4.699127909377099,0.22749999999999998,0.175,improvement
0.75,0.5,10.0,0.326,0.0,0.1,-0.34728610855565784,0.034728610855565785,0.5,0.5473202965920876,0.047320296592087585,4.7320296592087585,0.22820000000000001,0.175,improvement
0.75,0.5,10.0,0.327,0.0,0.1,-0.34974689369535206,0.034974689369535204,0.5,0.5476494905555755,0.04764949055557555,4.764949055557555,0.22890000000000002,0.175,improvement
0.75,0.5,10.0,0.328,0.0,0.1,-0.35220994475138134,0.035220994475138136,0.5,0.5479788602283677,0.047978860228367726,4.797886022836773,0.22960000000000003,0.175,improvement
0.75,0.5,10.0,0.329,0.0,0.1,-0.3546752648549055,0.03546752648549056,0.5,0.5483084048513172,0.048308404851317155,4.8308404851317155,0.2303,0.175,improvement
0.75,0.5,10.0,0.33,0.0,0.1,-0.3571428571428572,0.03571428571428572,0.5,0.5486381236619972,0.04863812366199716,4.863812366199715,0.231,0.175,improvement
0.75,0.5,10.0,0.331,0.0,0.1,-0.359612724757953,0.0359612724757953,0.5,0.5489680158947015,0.048968015894701455,4.8968015894701455,0.23170000000000002,0.175,improvement
0.75,0.5,10.0,0.332,0.0,0.1,-0.36208487084870855,0.03620848708487086,0.5,0.5492980807804446,0.04929808078044462,4.929808078044462,0.23240000000000002,0.175,improvement
0.75,0.5,10.0,0.333,0.0,0.1,-0.3645592985694509,0.03645592985694509,0.5,0.5496283175469618,0.04962831754696184,4.962831754696184,0.2331,0.175,improvement
0.75,0.5,10.0,0.334,0.0,0.1,-0.3670360110803325,0.03670360110803325,0.5,0.5499587254187093,0.04995872541870927,4.995872541870927,0.2338,0.175,improvement
0.75,0.5,10.0,0.335,0.0,0.1,-0.3695150115473441,0.03695150115473441,0.5,0.5502893036168648,0.05028930361686479,5.028930361686479,0.23450000000000001,0.175,improvement
0.75,0.5,10.0,0.336,0.0,0.1,-0.3719963031423291,0.037199630314232915,0.5,0.5506200513593287,0.05062005135932868,5.062005135932868,0.23520000000000002,0.175,improvement
0.75,0.5,10.0,0.337,0.0,0.1,-0.37447988904299584,0.03744798890429959,0.5,0.5509509678607232,0.05095096786072317,5.095096786072317,0.2359,0.175,improvement
0.75,0.5,10.0,0.338,0.0,0.1,-0.37696577243293256,0.037696577243293256,0.5,0.551282052332394,0.051282052332394024,5.128205233239402,0.2366,0.175,improvement
0.75,0.5,10.0,0.339,0.0,0.1,-0.37945395650161967,0.03794539565016197,0.5,0.5516133039824106,0.0516133039824106,5.161330398241059,0.2373,0.175,improvement
0.75,0.5,10.0,0.34,0.0,0.1,-0.3819444444444445,0.03819444444444445,0.5,0.5519447220155673,0.051944722015567324,5.194472201556732,0.23800000000000004,0.175,improvement
0.75,0.5,10.0,0.341,0.0,0.1,-0.3844372394627143,0.038443723946271435,0.5,0.5522763056333839,0.052276305633383924,5.227630563338392,0.2387,0.175,improvement
0.75,0.5,10.0,0.342,0.0,0.1,-0.38693234476367017,0.03869323447636702,0.5,0.5526080540341067,0.05260805403410673,5.260805403410673,0.2394,0.175,improvement
0.75,0.5,10.0,0.343,0.0,0.1,-0.38942976356050074,0.038942976356050076,0.5,0.5529399664127093,0.05293996641270926,5.293996641270926,0.24010000000000004,0.175,improvement
0.75,0.5,10.0,0.34400000000000003,0.0,0.1,-0.39192949907235636,0.03919294990723564,0.5,0.5532720419608941,0.05327204196089408,5.327204196089408,0.24080000000000004,0.175,improvement
0.75,0.5,10.0,0.34500000000000003,0.0,0.1,-0.39443155452436196,0.0394431554524362,0.5,0.5536042798670933,0.05360427986709326,5.360427986709326,0.2415,0.175,improvement
0.75,0.5,10.0,0.34600000000000003,0.0,0.1,-0.3969359331476324,0.03969359331476324,0.5,0.5539366793164698,0.05393667931646984,5.393667931646984,0.24220000000000003,0.175,improvement
0.75,0.5,10.0,0.34700000000000003,0.0,0.1,-0.39944263817928477,0.03994426381792848,0.5,0.5542692394909197,0.05426923949091966,5.426923949091966,0.24290000000000003,0.175,improvement
0.75,0.5,10.0,0.34800000000000003,0.0,0.1,-0.4019516728624536,0.040195167286245365,0.5,0.5546019595690717,0.054601959569071656,5.460195956907166,0.24360000000000004,0.175,improvement
0.75,0.5,10.0,0.34900000000000003,0.0,0.1,-0.40446304044630416,0.04044630404463042,0.5,0.5549348387262909,0.0549348387262909,5.49348387262909,0.24430000000000002,0.175,improvement
0.75,0.5,10.0,0.35000000000000003,0.0,0.1,-0.4069767441860466,0.04069767441860467,0.5,0.5552678761346788,0.05526787613467876,5.526787613467876,0.24500000000000002,0.175,improvement
0.75,0.5,10.0,0.35100000000000003,0.0,0.1,-0.40949278734295025,0.040949278734295026,0.5,0.5556010709630754,0.05560107096307543,5.560107096307543,0.24570000000000003,0.175,improvement
0.75,0.5,10.0,0.352,0.0,0.1,-0.4120111731843575,0.04120111731843575,0.5,0.5559344223770615,0.05593442237706148,5.593442237706148,0.2464,0.175,improvement
0.75,0.5,10.0,0.353,0.0,0.1,-0.4145319049836981,0.04145319049836981,0.5,0.5562679295389594,0.05626792953895943,5.626792953895943,0.24710000000000001,0.175,improvement
0.75,0.5,10.0,0.354,0.0,0.1,-0.4170549860205032,0.04170549860205033,0.5,0.556601591607836,0.056601591607835955,5.6601591607835955,0.24779999999999996,0.175,improvement
0.75,0.5,10.0,0.355,0.0,0.1,-0.41958041958041953,0.04195804195804195,0.5,0.5569354077395039,0.056935407739503896,5.69354077395039,0.2485,0.175,improvement
0.75,0.5,10.0,0.356,0.0,0.1,-0.42210820895522383,0.04221082089552239,0.5,0.5572693770865245,0.057269377086524464,5.7269377086524464,0.2492,0.175,improvement
0.75,0.5,10.0,0.357,0.0,0.1,-0.4246383574428371,0.042463835744283716,0.5,0.5576034987982087,0.0576034987982087,5.76034987982087,0.24989999999999996,0.175,improvement
0.75,0.5,10.0,0.358,0.0,0.1,-0.4271708683473389,0.042717086834733894,0.5,0.5579377720206207,0.05793777202062067,5.793777202062067,0.2506,0.175,improvement
0.75,0.5,10.0,0.359,0.0,0.1,-0.42970574497898173,0.04297057449789818,0.5,0.5582721958965794,0.05827219589657939,5.82721958965794,0.25129999999999997,0.175,improvement
0.75,0.5,10.0,0.36,0.0,0.1,-0.43224299065420557,0.04322429906542056,0.5,0.5586067695656611,0.05860676956566113,5.860676956566113,0.252,0.175,improvement
0.75,0.5,10.0,0.361,0.0,0.1,-0.4347826086956521,0.043478260869565216,0.5,0.5589414921642022,0.05894149216420219,5.894149216420219,0.25270000000000004,0.175,improvement
0.75,0.5,10.0,0.362,0.0,0.1,-0.4373246024321796,0.04373246024321796,0.5,0.559276362825301,0.05927636282530102,5.927636282530102,0.25339999999999996,0.175,improvement
0.75,0.5,10.0,0.363,0.0,0.1,-0.4398689751988769,0.04398689751988769,0.5,0.5596113806788219,0.05961138067882188,5.961138067882188,0.2541,0.175,improvement
0.75,0.5,10.0,0.364,0.0,0.1,-0.4424157303370786,0.04424157303370786,0.5,0.5599465448513964,0.05994654485139639,5.994654485139639,0.2548,0.175,improvement
0.75,0.5,10.0,0.365,0.0,0.1,-0.44496487119437944,0.04449648711943795,0.5,0.5602818544664276,0.06028185446642764,6.028185446642764,0.25549999999999995,0.175,improvement
0.75,0.5,10.0,0.366,0.0,0.1,-0.4475164011246486,0.04475164011246486,0.5,0.560617308644092,0.06061730864409198,6.061730864409198,0.2562,0.175,improvement
0.75,0.5,10.0,0.367,0.0,0.1,-0.450070323488045,0.0450070323488045,0.5,0.5609529065013429,0.060952906501342885,6.095290650134288,0.2569,0.175,improvement
0.75,0.5,10.0,0.368,0.0,0.1,-0.45262664165103184,0.04526266416510319,0.5,0.5612886471519137,0.06128864715191373,6.128864715191373,0.2576,0.175,improvement
0.75,0.5,10.0,0.369,0.0,0.1,-0.4551853589863913,0.045518535898639134,0.5,0.5616245297063212,0.06162452970632115,6.162452970632115,0.25830000000000003,0.175,improvement
0.75,0.5,10.0,0.37,0.0,0.1,-0.45774647887323944,0.045774647887323945,0.5,0.5619605532718682,0.061960553271868224,6.196055327186823,0.259,0.175,improvement
0.75,0.5,10.0,0.371,0.0,0.1,-0.46031000469704086,0.04603100046970409,0.5,0.5622967169526479,0.062296716952647935,6.229671695264793,0.2597,0.175,improvement
0.75,0.5,10.0,0.372,0.0,0.1,-0.46287593984962405,0.046287593984962405,0.5,0.5626330198495466,0.06263301984954661,6.263301984954661,0.2604,0.175,improvement
0.75,0.5,10.0,0.373,0.0,0.1,-0.4654442877291961,0.046544428772919616,0.5,0.5629694610602478,0.06296946106024781,6.296946106024781,0.2611,0.175,improvement
0.75,0.5,10.0,0.374,0.0,0.1,-0.4680150517403575,0.04680150517403575,0.5,0.5633060396792353,0.06330603967923532,6.3306039679235315,0.2618,0.175,improvement
0.75,0.5,10.0,0.375,0.0,0.1,-0.47058823529411764,0.047058823529411764,0.5,0.5636427547977978,0.0636427547977978,6.36427547977978,0.2625,0.175,improvement
0.75,0.5,10.0,0.376,0.0,0.1,-0.47316384180790955,0.047316384180790955,0.5,0.5639796055040317,0.0639796055040317,6.39796055040317,0.2632,0.175,improvement
0.75,0.5,10.0,0.377,0.0,0.1,-0.47574187470560525,0.047574187470560525,0.5,0.564316590882846,0.06431659088284603,6.4316590882846025,0.2639,0.175,improvement
0.75,0.5,10.0,0.378,0.0,0.1,-0.4783223374175307,0.04783223374175308,0.5,0.5646537100159661,0.06465371001596609,6.465371001596609,0.2646,0.175,improvement
0.75,0.5,10.0,0.379,0.0,0.1,-0.4809052333804809,0.04809052333804809,0.5,0.5649909619819371,0.0649909619819371,6.49909619819371,0.2653,0.175,improvement
0.75,0.5,10.0,0.38,0.0,0.1,-0.48349056603773577,0.04834905660377358,0.5,0.5653283458561295,0.06532834585612945,6.532834585612946,0.266,0.175,improvement
0.75,0.5,10.0,0.381,0.0,0.1,-0.4860783388390751,0.04860783388390751,0.5,0.5656658607107421,0.0656658607107421,6.56658607107421,0.2667,0.175,improvement
0.75,0.5,10.0,0.382,0.0,0.1,-0.4886685552407933,0.04886685552407933,0.5,0.5660035056148072,0.06600350561480717,6.600350561480717,0.26739999999999997,0.175,improvement
0.75,0.5,10.0,0.383,0.0,0.1,-0.49126121870571565,0.04912612187057157,0.5,0.5663412796341951,0.06634127963419512,6.634127963419512,0.2681,0.175,improvement
0.75,0.5,10.0,0.384,0.0,0.1,-0.49385633270321355,0.04938563327032136,0.5,0.5666791818316184,0.06667918183161836,6.667918183161836,0.26880000000000004,0.175,improvement
0.75,0.5,10.0,0.385,0.0,0.1,-0.49645390070921985,0.04964539007092199,0.5,0.5670172112666368,0.06701721126663684,6.701721126663685,0.2695,0.175,improvement
0.75,0.5,10.0,0.386,0.0,0.1,-0.49905392620624417,0.04990539262062442,0.5,0.567355366995662,0.06735536699566202,6.735536699566202,0.2702,0.175,improvement
0.75,0.5,10.0,0.387,0.0,0.1,-0.5016564126833886,0.05016564126833886,0.5,0.5676936480719623,0.06769364807196232,6.769364807196232,0.27090000000000003,0.175,improvement
0.75,0.5,10.0,0.388,0.0,0.1,-0.5042613636363635,0.050426136363636354,0.5,0.5680320535456678,0.06803205354566777,6.803205354566777,0.2716,0.175,improvement
0.75,0.5,10.0,0.389,0.0,0.1,-0.5068687825675037,0.05068687825675037,0.5,0.5683705824637757,0.0683705824637757,6.83705824637757,0.2723,0.175,improvement
0.75,0.5,10.0,0.39,0.0,0.1,-0.5094786729857821,0.05094786729857821,0.5,0.5687092338701547,0.0687092338701547,6.870923387015471,0.273,0.175,improvement
0.75,0.5,10.0,0.391,0.0,0.1,-0.5120910384068279,0.05120910384068279,0.5,0.5690480068055512,0.06904800680555123,6.904800680555123,0.2737,0.175,improvement
0.75,0.5,10.0,0.392,0.0,0.1,-0.5147058823529411,0.051470588235294115,0.5,0.569386900307594,0.06938690030759398,6.938690030759398,0.27440000000000003,0.175,improvement
0.75,0.5,10.0,0.393,0.0,0.1,-0.5173232083531086,0.05173232083531087,0.5,0.5697259134108001,0.06972591341080014,6.972591341080014,0.2751,0.175,improvement
0.75,0.5,10.0,0.394,0.0,0.1,-0.5199430199430201,0.05199430199430201,0.5,0.5700650451465801,0.07006504514658007,7.006504514658007,0.2758,0.175,improvement
0.75,0.5,10.0,0.395,0.0,0.1,-0.5225653206650832,0.05225653206650832,0.5,0.5704042945432435,0.07040429454324348,7.040429454324348,0.2765,0.175,improvement
0.75,0.5,10.0,0.396,0.0,0.1,-0.5251901140684411,0.05251901140684411,0.5,0.5707436606260057,0.07074366062600568,7.074366062600568,0.2772,0.175,improvement
0.75,0.5,10.0,0.397,0.0,0.1,-0.5278174037089872,0.05278174037089872,0.5,0.571083142416992,0.07108314241699198,7.1083142416991985,0.2779,0.175,improvement
0.75,0.5,10.0,0.398,0.0,0.1,-0.5304471931493817,0.05304471931493818,0.5,0.5714227389352453,0.07142273893524531,7.142273893524531,0.2786,0.175,improvement
0.75,0.5,10.0,0.399,0.0,0.1,-0.5330794859590672,0.05330794859590672,0.5,0.5717624491967308,0.0717624491967308,7.17624491967308,0.2793,0.175,improvement
0.75,0.5,10.0,0.4,0.0,0.1,-0.5357142857142857,0.053571428571428575,0.5,0.5721022722143431,0.07210227221434307,7.210227221434307,0.28,0.175,improvement
0.75,0.5,10.0,0.401,0.0,0.1,-0.5383515959980943,0.05383515959980944,0.5,0.5724422069979117,0.0724422069979117,7.244220699791171,0.28070000000000006,0.175,improvement
0.75,0.5,10.0,0.402,0.0,0.1,-0.5409914204003815,0.054099142040038156,0.5,0.5727822525542081,0.07278225255420812,7.278225255420812,0.2814,0.175,improvement
0.75,0.5,10.0,0.403,0.0,0.1,-0.5436337625178828,0.054363376251788276,0.5,0.5731224078869515,0.07312240788695146,7.312240788695146,0.2821,0.175,improvement
0.75,0.5,10.0,0.404,0.0,0.1,-0.5462786259541984,0.054627862595419845,0.5,0.5734626719968157,0.07346267199681566,7.3462671996815665,0.28280000000000005,0.175,improvement
0.75,0.5,10.0,0.405,0.0,0.1,-0.5489260143198093,0.05489260143198093,0.5,0.5738030438814358,0.07380304388143577,7.380304388143577,0.2835,0.175,improvement
0.75,0.5,10.0,0.406,0.0,0.1,-0.5515759312320918,0.055157593123209184,0.5,0.574143522535415,0.07414352253541501,7.414352253541501,0.2842,0.175,improvement
0.75,0.5,10.0,0.40700000000000003,0.0,0.1,-0.5542283803153369,0.055422838031533694,0.5,0.574484106950331,0.07448410695033103,7.448410695033103,0.28490000000000004,0.175,improvement
0.75,0.5,10.0,0.40800000000000003,0.0,0.1,-0.5568833652007649,0.05568833652007649,0.5,0.5748247961147432,0.07482479611474324,7.482479611474324,0.2856,0.175,improvement
0.75,0.5,10.0,0.40900000000000003,0.0,0.1,-0.5595408895265424,0.05595408895265424,0.5,0.5751655890142002,0.07516558901420023,7.516558901420023,0.28630000000000005,0.175,improvement
0.75,0.5,10.0,0.41000000000000003,0.0,0.1,-0.5622009569377993,0.05622009569377993,0.5,0.575506484631246,0.07550648463124598,7.550648463124599,0.28700000000000003,0.175,improvement
0.75,0.5,10.0,0.41100000000000003,0.0,0.1,-0.5648635710866444,0.056486357108664446,0.5,0.575847481945428,0.07584748194542801,7.584748194542801,0.2877,0.175,improvement
0.75,0.5,10.0,0.41200000000000003,0.0,0.1,-0.5675287356321839,0.05675287356321839,0.5,0.5761885799333042,0.07618857993330419,7.618857993330419,0.28840000000000005,0.175,improvement
0.75,0.5,10.0,0.41300000000000003,0.0,0.1,-0.5701964542405368,0.05701964542405368,0.5,0.5765297775684504,0.07652977756845036,7.652977756845036,0.2891,0.175,improvement
0.75,0.5,10.0,0.41400000000000003,0.0,0.1,-0.5728667305848516,0.057286673058485164,0.5,0.576871073821468,0.07687107382146796,7.687107382146796,0.2898,0.175,improvement
0.75,0.5,10.0,0.41500000000000004,0.0,0.1,-0.5755395683453238,0.057553956834532384,0.5,0.5772124676599912,0.07721246765999124,7.7212467659991235,0.29050000000000004,0.175,improvement
0.75,0.5,10.0,0.41600000000000004,0.0,0.1,-0.5782149712092131,0.05782149712092131,0.5,0.5775539580486957,0.07755395804869569,7.755395804869569,0.2912,0.175,improvement
0.75,0.5,10.0,0.417,0.0,0.1,-0.5808929428708592,0.058089294287085924,0.5,0.5778955439493058,0.07789554394930576,7.789554394930576,0.2919,0.175,improvement
0.75,0.5,10.0,0.418,0.0,0.1,-0.5835734870317003,0.05835734870317003,0.5,0.5782372243206022,0.0782372243206022,7.8237224320602206,0.29259999999999997,0.175,improvement
0.75,0.5,10.0,0.419,0.0,0.1,-0.5862566074002883,0.05862566074002883,0.5,0.5785789981184308,0.07857899811843083,7.857899811843083,0.2933,0.175,improvement
0.75,0.5,10.0,0.42,0.0,0.1,-0.5889423076923076,0.05889423076923076,0.5,0.5789208642957101,0.0789208642957101,7.892086429571011,0.294,0.175,improvement
0.75,0.5,10.0,0.421,0.0,0.1,-0.5916305916305917,0.059163059163059174,0.5,0.5792628218024402,0.07926282180244015,7.926282180244016,0.2947,0.175,improvement
0.75,0.5,10.0,0.422,0.0,0.1,-0.5943214629451394,0.059432146294513946,0.5,0.5796048695857106,0.07960486958571056,7.960486958571056,0.2954,0.175,improvement
0.75,0.5,10.0,0.423,0.0,0.1,-0.5970149253731344,0.05970149253731344,0.5,0.579947006589709,0.07994700658970899,7.994700658970899,0.2961,0.175,improvement
0.75,0.5,10.0,0.424,0.0,0.1,-0.5997109826589595,0.05997109826589595,0.5,0.5802892317557298,0.08028923175572977,8.028923175572977,0.2968,0.175,improvement
0.75,0.5,10.0,0.425,0.0,0.1,-0.6024096385542168,0.060240963855421686,0.5,0.5806315440221825,0.08063154402218253,8.063154402218252,0.2975,0.175,improvement
0.75,0.5,10.0,0.426,0.0,0.1,-0.6051108968177434,0.06051108968177435,0.5,0.5809739423246012,0.0809739423246012,8.09739423246012,0.29819999999999997,0.175,improvement
0.75,0.5,10.0,0.427,0.0,0.1,-0.6078147612156295,0.060781476121562955,0.5,0.5813164255956529,0.08131642559565289,8.13164255956529,0.2989,0.175,improvement
0.75,0.5,10.0,0.428,0.0,0.1,-0.6105212355212355,0.061052123552123555,0.5,0.5816589927651464,0.08165899276514643,8.165899276514644,0.2996,0.175,improvement
0.75,0.5,10.0,0.429,0.0,0.1,-0.6132303235152101,0.06132303235152101,0.5,0.5820016427600423,0.08200164276004229,8.20016427600423,0.3003,0.175,improvement
0.75,0.5,10.0,0.43,0.0,0.1,-0.6159420289855071,0.061594202898550714,0.5,0.5823443745044607,0.08234437450446075,8.234437450446075,0.301,0.175,improvement
0.75,0.5,10.0,0.431,0.0,0.1,-0.6186563557274045,0.061865635572740454,0.5,0.5826871869196923,0.08268718691969235,8.268718691969234,0.30169999999999997,0.175,improvement
0.75,0.5,10.0,0.432,0.0,0.1,-0.6213733075435203,0.06213733075435203,0.5,0.5830300789242067,0.08303007892420666,8.303007892420666,0.3024,0.175,improvement
0.75,0.5,10.0,0.433,0.0,0.1,-0.6240928882438316,0.06240928882438316,0.5,0.5833730494336618,0.08337304943366175,8.337304943366174,0.30310000000000004,0.175,improvement
0.75,0.5,10.0,0.434,0.0,0.1,-0.6268151016456922,0.06268151016456923,0.5,0.5837160973609139,0.0837160973609139,8.37160973609139,0.30379999999999996,0.175,improvement
0.75,0.5,10.0,0.435,0.0,0.1,-0.6295399515738499,0.06295399515738499,0.5,0.584059221616028,0.08405922161602797,8.405922161602797,0.3045,0.175,improvement
0.75,0.5,10.0,0.436,0.0,0.1,-0.632267441860465,0.0632267441860465,0.5,0.5844024211062862,0.08440242110628615,8.440242110628615,0.3052,0.175,improvement
0.75,0.5,10.0,0.437,0.0,0.1,-0.6349975763451285,0.06349975763451286,0.5,0.5847456947361989,0.08474569473619886,8.474569473619887,0.3059,0.175,improvement
0.75,0.5,10.0,0.438,0.0,0.1,-0.6377303588748786,0.06377303588748787,0.5,0.5850890414075144,0.08508904140751439,8.508904140751438,0.3066,0.175,improvement
0.75,0.5,10.0,0.439,0.0,0.1,-0.6404657933042213,0.06404657933042213,0.5,0.585432460019229,0.085432460019229,8.543246001922899,0.3073,0.175,improvement
0.75,0.5,10.0,0.44,0.0,0.1,-0.6432038834951456,0.06432038834951456,0.5,0.5857759494675975,0.08577594946759748,8.577594946759747,0.308,0.175,improvement
0.75,0.5,10.0,0.441,0.0,0.1,-0.6459446333171442,0.06459446333171442,0.5,0.5861195086461434,0.08611950864614337,8.611950864614338,0.30870000000000003,0.175,improvement
0.75,0.5,10.0,0.442,0.0,0.1,-0.6486880466472303,0.06486880466472304,0.5,0.5864631364456694,0.08646313644566939,8.646313644566938,0.3094,0.175,improvement
0.75,0.5,10.0,0.443,0.0,0.1,-0.6514341273699563,0.06514341273699563,0.5,0.5868068317542681,0.08680683175426807,8.680683175426807,0.3101,0.175,improvement
0.75,0.5,10.0,0.444,0.0,0.1,-0.6541828793774319,0.0654182879377432,0.5,0.5871505934573329,0.08715059345733289,8.71505934573329,0.3108,0.175,improvement
0.75,0.5,10.0,0.445,0.0,0.1,-0.6569343065693432,0.06569343065693432,0.5,0.5874944204375683,0.08749442043756828,8.749442043756828,0.3115,0.175,improvement
0.75,0.5,10.0,0.446,0.0,0.1,-0.6596884128529698,0.06596884128529698,0.5,0.5878383115750009,0.08783831157500088,8.783831157500089,0.3122,0.175,improvement
0.75,0.5,10.0,0.447,0.0,0.1,-0.6624452021432051,0.06624452021432052,0.5,0.5881822657469913,0.08818226574699128,8.818226574699128,0.3129,0.175,improvement
0.75,0.5,10.0,0.448,0.0,0.1,-0.6652046783625731,0.06652046783625731,0.5,0.588526281828244,0.08852628182824396,8.852628182824397,0.3136,0.175,improvement
0.75,0.5,10.0,0.449,0.0,0.1,-0.6679668454412482,0.06679668454412482,0.5,0.5888703586908195,0.0888703586908195,8.887035869081949,0.3143,0.175,improvement
0.75,0.5,10.0,0.45,0.0,0.1,-0.6707317073170732,0.06707317073170732,0.5,0.5892144952041451,0.08921449520414515,8.921449520414516,0.315,0.175,improvement
0.75,0.5,10.0,0.451,0.0,0.1,-0.6734992679355785,0.06734992679355785,0.5,0.5895586902350273,0.08955869023502727,8.955869023502727,0.3157,0.175,improvement
0.75,0.5,10.0,0.452,0.0,0.1,-0.67626953125,0.067626953125,0.5,0.5899029426476617,0.08990294264766174,8.990294264766174,0.3164,0.175,improvement
0.75,0.5,10.0,0.453,0.0,0.1,-0.6790425012212996,0.06790425012212996,0.5,0.5902472513036465,0.09024725130364653,9.024725130364653,0.31710000000000005,0.175,improvement
0.75,0.5,10.0,0.454,0.0,0.1,-0.6818181818181818,0.06818181818181818,0.5,0.5905916150619933,0.09059161506199331,9.059161506199331,0.31779999999999997,0.175,improvement
0.75,0.5,10.0,0.455,0.0,0.1,-0.684596577017115,0.0684596577017115,0.5,0.5909360327791389,0.09093603277913886,9.093603277913886,0.3185,0.175,improvement
0.75,0.5,10.0,0.456,0.0,0.1,-0.6873776908023483,0.06873776908023484,0.5,0.5912805033089577,0.09128050330895765,9.128050330895764,0.31920000000000004,0.175,improvement
0.75,0.5,10.0,0.457,0.0,0.1,-0.6901615271659325,0.06901615271659325,0.5,0.5916250255027738,0.09162502550277385,9.162502550277384,0.3199,0.175,improvement
0.75,0.5,10.0,0.458,0.0,0.1,-0.6929480901077376,0.06929480901077377,0.5,0.5919695982093731,0.09196959820937312,9.196959820937312,0.3206,0.175,improvement
0.75,0.5,10.0,0.459,0.0,0.1,-0.6957373836354729,0.06957373836354729,0.5,0.5923142202750156,0.09231422027501557,9.231422027501557,0.32130000000000003,0.175,improvement
0.75,0.5,10.0,0.46,0.0,0.1,-0.6985294117647058,0.06985294117647059,0.5,0.5926588905434478,0.09265889054344778,9.265889054344779,0.322,0.175,improvement
0.75,0.5,10.0,0.461,0.0,0.1,-0.701324178518882,0.0701324178518882,0.5,0.5930036078559155,0.09300360785591555,9.300360785591554,0.32270000000000004,0.175,improvement
0.75,0.5,10.0,0.462,0.0,0.1,-0.7041216879293424,0.07041216879293424,0.5,0.593348371051176,0.093348371051176,9.3348371051176,0.3234,0.175,improvement
0.75,0.5,10.0,0.463,0.0,0.1,-0.7069219440353463,0.07069219440353462,0.5,0.5936931789655114,0.09369317896551144,9.369317896551143,0.3241,0.175,improvement
0.75,0.5,10.0,0.464,0.0,0.1,-0.7097249508840865,0.07097249508840865,0.5,0.5940380304327413,0.09403803043274128,9.403803043274127,0.32480000000000003,0.175,improvement
0.75,0.5,10.0,0.465,0.0,0.1,-0.7125307125307125,0.07125307125307126,0.5,0.5943829242842353,0.09438292428423534,9.438292428423534,0.3255,0.175,improvement
0.75,0.5,10.0,0.466,0.0,0.1,-0.7153392330383482,0.07153392330383483,0.5,0.5947278593489269,0.09472785934892691,9.472785934892691,0.3262,0.175,improvement
0.75,0.5,10.0,0.467,0.0,0.1,-0.7181505164781112,0.07181505164781113,0.5,0.5950728344533263,0.09507283445332626,9.507283445332625,0.3269,0.175,improvement
0.75,0.5,10.0,0.468,0.0,0.1,-0.7209645669291339,0.0720964566929134,0.5,0.5954178484215333,0.09541784842153334,9.541784842153334,0.3276,0.175,improvement
0.75,0.5,10.0,0.46900000000000003,0.0,0.1,-0.7237813884785822,0.07237813884785822,0.5,0.5957629000752516,0.09576290007525157,9.576290007525156,0.32830000000000004,0.175,improvement
0.75,0.5,10.0,0.47000000000000003,0.0,0.1,-0.7266009852216748,0.07266009852216748,0.5,0.5961079882338016,0.09610798823380162,9.610798823380161,0.329,0.175,improvement
0.75,0.5,10.0,0.47100000000000003,0.0,0.1,-0.7294233612617054,0.07294233612617054,0.5,0.5964531117141344,0.0964531117141344,9.64531117141344,0.3297,0.175,improvement
0.75,0.5,10.0,0.47200000000000003,0.0,0.1,-0.7322485207100592,0.07322485207100592,0.5,0.5967982693308453,0.09679826933084534,9.679826933084534,0.3304,0.175,improvement
0.75,0.5,10.0,0.47300000000000003,0.0,0.1,-0.7350764676862359,0.07350764676862359,0.5,0.5971434598961881,0.09714345989618811,9.714345989618812,0.33110000000000006,0.175,improvement
0.75,0.5,10.0,0.47400000000000003,0.0,0.1,-0.7379072063178679,0.0737907206317868,0.5,0.5974886822200884,0.09748868222008844,9.748868222008845,0.3318,0.175,improvement
0.75,0.5,10.0,0.47500000000000003,0.0,0.1,-0.7407407407407409,0.0740740740740741,0.5,0.5978339351101583,0.09783393511015825,9.783393511015825,0.3325,0.175,improvement
0.75,0.5,10.0,0.47600000000000003,0.0,0.1,-0.7435770750988143,0.07435770750988144,0.5,0.59817921737171,0.09817921737170998,9.817921737170998,0.33320000000000005,0.175,improvement
0.75,0.5,10.0,0.47700000000000004,0.0,0.1,-0.7464162135442415,0.07464162135442415,0.5,0.5985245278077709,0.09852452780777088,9.852452780777089,0.33390000000000003,0.175,improvement
0.75,0.5,10.0,0.47800000000000004,0.0,0.1,-0.7492581602373887,0.07492581602373886,0.5,0.598869865219097,0.09886986521909702,9.886986521909702,0.3346,0.175,improvement
0.75,0.5,10.0,0.47900000000000004,0.0,0.1,-0.7521029193468581,0.07521029193468581,0.5,0.5992152284041883,0.09921522840418828,9.921522840418827,0.33530000000000004,0.175,improvement
0.75,0.5,10.0,0.48,0.0,0.1,-0.754950495049505,0.0754950495049505,0.5,0.5995606161593028,0.09956061615930278,9.956061615930277,0.33599999999999997,0.175,improvement
0.75,0.5,10.0,0.481,0.0,0.1,-0.7578008915304605,0.07578008915304606,0.5,0.5999060272784714,0.09990602727847142,9.990602727847142,0.3367,0.175,improvement
0.75,0.5,10.0,0.482,0.0,0.1,-0.7606541129831517,0.07606541129831518,0.5,0.6002514605535132,0.1002514605535132,10.02514605535132,0.3374,0.175,improvement
0.75,0.5,10.0,0.483,0.0,0.1,-0.7635101636093208,0.07635101636093208,0.5,0.6005969147740493,0.1005969147740493,10.05969147740493,0.33809999999999996,0.175,improvement
0.75,0.5,10.0,0.484,0.0,0.1,-0.7663690476190476,0.07663690476190477,0.5,0.6009423887275194,0.10094238872751937,10.094238872751937,0.3388,0.175,improvement
0.75,0.5,10.0,0.485,0.0,0.1,-0.769230769230769,0.07692307692307691,0.5,0.6012878811991955,0.10128788119919552,10.128788119919552,0.3395,0.175,improvement
0.75,0.5,10.0,0.486,0.0,0.1,-0.7720953326713008,0.07720953326713009,0.5,0.6016333909721983,0.10163339097219826,10.163339097219826,0.3402,0.175,improvement
0.75,0.5,10.0,0.487,0.0,0.1,-0.774962742175857,0.0774962742175857,0.5,0.6019789168275116,0.10197891682751159,10.197891682751159,0.3409,0.175,improvement
0.75,0.5,10.0,0.488,0.0,0.1,-0.7778330019880716,0.07778330019880716,0.5,0.6023244575439988,0.10232445754399877,10.232445754399876,0.3416,0.175,improvement
0.75,0.5,10.0,0.489,0.0,0.1,-0.7807061163600197,0.07807061163600199,0.5,0.6026700118984172,0.10267001189841718,10.267001189841718,0.3423,0.175,improvement
0.75,0.5,10.0,0.49,0.0,0.1,-0.7835820895522388,0.07835820895522388,0.5,0.6030155786654352,0.1030155786654352,10.30155786654352,0.34299999999999997,0.175,improvement
0.75,0.5,10.0,0.491,0.0,0.1,-0.7864609258337482,0.07864609258337482,0.5,0.603361156617647,0.103361156617647,10.3361156617647,0.3437,0.175,improvement
0.75,0.5,10.0,0.492,0.0,0.1,-0.7893426294820717,0.07893426294820717,0.5,0.6037067445255889,0.10370674452558892,10.370674452558893,0.3444,0.175,improvement
0.75,0.5,10.0,0.493,0.0,0.1,-0.7922272047832585,0.07922272047832585,0.5,0.6040523411577554,0.10405234115775541,10.405234115775542,0.3451,0.175,improvement
0.75,0.5,10.0,0.494,0.0,0.1,-0.7951146560319042,0.07951146560319043,0.5,0.6043979452806152,0.10439794528061519,10.439794528061519,0.3458,0.175,improvement
0.75,0.5,10.0,0.495,0.0,0.1,-0.7980049875311721,0.07980049875311722,0.5,0.6047435556586273,0.10474355565862725,10.474355565862725,0.3465,0.175,improvement
0.75,0.5,10.0,0.496,0.0,0.1,-0.8008982035928144,0.08008982035928144,0.5,0.6050891710542576,0.10508917105425764,10.508917105425763,0.3472,0.175,improvement
0.75,0.5,10.0,0.497,0.0,0.1,-0.8037943085371941,0.08037943085371942,0.5,0.6054347902279953,0.10543479022799529,10.543479022799529,0.3479,0.175,improvement
0.75,0.5,10.0,0.498,0.0,0.1,-0.8066933066933067,0.08066933066933069,0.5,0.6057804119383694,0.1057804119383694,10.57804119383694,0.34859999999999997,0.175,improvement
0.75,0.5,10.0,0.499,0.0,0.1,-0.8095952023988007,0.08095952023988007,0.5,0.6061260349419655,0.10612603494196549,10.612603494196549,0.3493,0.175,improvement
0.75,0.5,10.0,0.5,0.0,0.1,-0.8125,0.08125,0.5,0.6064716579934419,0.10647165799344194,10.647165799344194,0.35,0.175,improvement
0.75,0.5,20.0,0.0,0.0,0.1,0.85,-0.085,0.5,0.3166140250586303,-0.1833859749413697,-18.33859749413697,0.0,0.2125,harm
0.75,0.5,20.0,0.001,0.0,0.1,0.8463385354141657,-0.08463385354141657,0.5,0.31713913041315434,-0.18286086958684566,-18.286086958684567,0.0007,0.2125,harm
0.75,0.5,20.0,0.002,0.0,0.1,0.8426741393114491,-0.08426741393114491,0.5,0.3176670853633242,-0.18233291463667578,-18.233291463667577,0.0014,0.2125,harm
0.75,0.5,20.0,0.003,0.0,0.1,0.8390068081698037,-0.08390068081698038,0.5,0.3181979017055083,-0.18180209829449168,-18.18020982944917,0.0021000000000000003,0.2125,harm
0.75,0.5,20.0,0.004,0.0,0.1,0.8353365384615384,-0.08353365384615385,0.5,0.3187315912005725,-0.18126840879942752,-18.12684087994275,0.0028,0.2125,harm
0.75,0.5,20.0,0.005,0.0,0.1,0.8316633266533067,-0.08316633266533068,0.5,0.31926816557218607,-0.18073183442781393,-18.073183442781392,0.0035000000000000005,0.2125,harm
0.75,0.5,20.0,0.006,0.0,0.1,0.8279871692060947,-0.08279871692060947,0.5,0.31980763650510485,-0.18019236349489515,-18.019236349489514,0.004200000000000001,0.2125,harm
0.75,0.5,20.0,0.007,0.0,0.1,0.8243080625752105,-0.08243080625752106,0.5,0.3203500156434323,-0.1796499843565677,-17.96499843565677,0.0049,0.2125,harm
0.75,0.5,20.0,0.008,0.0,0.1,0.8206260032102728,-0.08206260032102729,0.5,0.3208953145888581,-0.17910468541114188,-17.910468541114188,0.0056,0.2125,harm
0.75,0.5,20.0,0.009000000000000001,0.0,0.1,0.8169409875551987,-0.08169409875551988,0.5,0.321443544898874,-0.178556455101126,-17.8556455101126,0.0063,0.2125,harm
0.75,0.5,20.0,0.01,0.0,0.1,0.8132530120481927,-0.08132530120481928,0.5,0.3219947180849674,-0.17800528191503262,-17.80052819150326,0.007000000000000001,0.2125,harm
0.75,0.5,20.0,0.011,0.0,0.1,0.8095620731217356,-0.08095620731217357,0.5,0.32254884561079217,-0.17745115438920783,-17.745115438920784,0.0077,0.2125,harm
0.75,0.5,20.0,0.012,0.0,0.1,0.8058681672025723,-0.08058681672025723,0.5,0.32310593889031675,-0.17689406110968325,-17.689406110968324,0.008400000000000001,0.2125,harm
0.75,0.5,20.0,0.013000000000000001,0.0,0.1,0.8021712907117009,-0.0802171290711701,0.5,0.3236660092859499,-0.1763339907140501,-17.63339907140501,0.0091,0.2125,harm
0.75,0.5,20.0,0.014,0.0,0.1,0.7984714400643604,-0.07984714400643605,0.5,0.32422906810664354,-0.17577093189335646,-17.577093189335645,0.0098,0.2125,harm
0.75,0.5,20.0,0.015,0.0,0.1,0.79476861167002,-0.079476861167002,0.5,0.3247951266059731,-0.1752048733940269,-17.520487339402692,0.010499999999999999,0.2125,harm
0.75,0.5,20.0,0.016,0.0,0.1,0.7910628019323671,-0.07910628019323672,0.5,0.3253641959801949,-0.1746358040198051,-17.46358040198051,0.0112,0.2125,harm
0.75,0.5,20.0,0.017,0.0,0.1,0.7873540072492952,-0.07873540072492952,0.5,0.3259362873662812,-0.17406371263371878,-17.406371263371877,0.0119,0.2125,harm
0.75,0.5,20.0,0.018000000000000002,0.0,0.1,0.7836422240128927,-0.07836422240128928,0.5,0.32651141183993265,-0.17348858816006735,-17.348858816006736,0.0126,0.2125,harm
0.75,0.5,20.0,0.019,0.0,0.1,0.7799274486094318,-0.07799274486094318,0.5,0.3270895804135674,-0.1729104195864326,-17.291041958643262,0.013300000000000001,0.2125,harm
0.75,0.5,20.0,0.02,0.0,0.1,0.776209677419355,-0.0776209677419355,0.5,0.32767080403428883,-0.17232919596571117,-17.232919596571115,0.014000000000000002,0.2125,harm
0.75,0.5,20.0,0.021,0.0,0.1,0.772488906817265,-0.07724889068172651,0.5,0.32825509358182925,-0.17174490641817075,-17.174490641817076,0.014700000000000001,0.2125,harm
0.75,0.5,20.0,0.022,0.0,0.1,0.768765133171913,-0.07687651331719131,0.5,0.32884245986647226,-0.17115754013352774,-17.115754013352774,0.0154,0.2125,harm
0.75,0.5,20.0,0.023,0.0,0.1,0.7650383528461849,-0.0765038352846185,0.5,0.3294329136269521,-0.1705670863730479,-17.05670863730479,0.0161,0.2125,harm
0.75,0.5,20.0,0.024,0.0,0.1,0.7613085621970922,-0.07613085621970922,0.5,0.33002646552833026,-0.16997353447166974,-16.997353447166972,0.016800000000000002,0.2125,harm
0.75,0.5,20.0,0.025,0.0,0.1,0.7575757575757576,-0.07575757575757576,0.5,0.3306231261598505,-0.1693768738401495,-16.93768738401495,0.0175,0.2125,harm
0.75,0.5,20.0,0.026000000000000002,0.0,0.1,0.753839935327405,-0.0753839935327405,0.5,0.3312229060327709,-0.16877709396722912,-16.877709396722913,0.0182,0.2125,harm
0.75,0.5,20.0,0.027,0.0,0.1,0.7501010917913465,-0.07501010917913466,0.5,0.3318258155781739,-0.16817418442182608,-16.817418442182607,0.0189,0.2125,harm
0.75,0.5,20.0,0.028,0.0,0.1,0.7463592233009709,-0.0746359223300971,0.5,0.3324318651447544,-0.16756813485524558,-16.756813485524557,0.0196,0.2125,harm
0.75,0.5,20.0,0.029,0.0,0.1,0.7426143261837312,-0.07426143261837313,0.5,0.3330410649965854,-0.16695893500341458,-16.69589350034146,0.020300000000000002,0.2125,harm
0.75,0.5,20.0,0.03,0.0,0.1,0.7388663967611337,-0.07388663967611338,0.5,0.3336534253108623,-0.16634657468913772,-16.634657468913773,0.020999999999999998,0.2125,harm
0.75,0.5,20.0,0.031,0.0,0.1,0.7351154313487241,-0.07351154313487242,0.5,0.33426895617562463,-0.16573104382437537,-16.57310438243754,0.0217,0.2125,harm
0.75,0.5,20.0,0.032,0.0,0.1,0.7313614262560779,-0.07313614262560779,0.5,0.3348876675874569,-0.16511233241254308,-16.51123324125431,0.0224,0.2125,harm
0.75,0.5,20.0,0.033,0.0,0.1,0.7276043777867855,-0.07276043777867856,0.5,0.33550956944916743,-0.16449043055083257,-16.44904305508326,0.023100000000000002,0.2125,harm
0.75,0.5,20.0,0.034,0.0,0.1,0.7238442822384428,-0.07238442822384428,0.5,0.33613467156744575,-0.16386532843255425,-16.386532843255424,0.0238,0.2125,harm
0.75,0.5,20.0,0.035,0.0,0.1,0.7200811359026369,-0.0720081135902637,0.5,0.3367629836504989,-0.1632370163495011,-16.323701634950112,0.0245,0.2125,harm
0.75,0.5,20.0,0.036000000000000004,0.0,0.1,0.7163149350649352,-0.07163149350649352,0.5,0.3373945153056668,-0.16260548469433322,-16.260548469433324,0.0252,0.2125,harm
0.75,0.5,20.0,0.037,0.0,0.1,0.7125456760048721,-0.0712545676004872,0.5,0.3380292760370163,-0.16197072396298368,-16.197072396298367,0.0259,0.2125,harm
0.75,0.5,20.0,0.038,0.0,0.1,0.7087733549959384,-0.07087733549959384,0.5,0.3386672752429148,-0.1613327247570852,-16.13327247570852,0.026600000000000002,0.2125,harm
0.75,0.5,20.0,0.039,0.0,0.1,0.7049979683055668,-0.07049979683055668,0.5,0.3393085222135834,-0.16069147778641663,-16.069147778641664,0.0273,0.2125,harm
0.75,0.5,20.0,0.04,0.0,0.1,0.701219512195122,-0.0701219512195122,0.5,0.33995302612862927,-0.16004697387137073,-16.004697387137075,0.028000000000000004,0.2125,harm
0.75,0.5,20.0,0.041,0.0,0.1,0.697437982919886,-0.06974379829198861,0.5,0.3406007960545586,-0.15939920394544138,-15.939920394544139,0.028700000000000003,0.2125,harm
0.75,0.5,20.0,0.042,0.0,0.1,0.693653376729048,-0.0693653376729048,0.5,0.34125184094226935,-0.15874815905773065,-15.874815905773065,0.029400000000000003,0.2125,harm
0.75,0.5,20.0,0.043000000000000003,0.0,0.1,0.6898656898656899,-0.06898656898656899,0.5,0.34190616962452386,-0.15809383037547614,-15.809383037547613,0.030100000000000005,0.2125,harm
0.75,0.5,20.0,0.044,0.0,0.1,0.6860749185667753,-0.06860749185667753,0.5,0.3425637908134029,-0.15743620918659712,-15.743620918659712,0.0308,0.2125,harm
0.75,0.5,20.0,0.045,0.0,0.1,0.6822810590631365,-0.06822810590631366,0.5,0.3432247130977402,-0.15677528690225978,-15.677528690225978,0.0315,0.2125,harm
0.75,0.5,20.0,0.046,0.0,0.1,0.6784841075794622,-0.06784841075794622,0.5,0.3438889449405384,-0.1561110550594616,-15.61110550594616,0.0322,0.2125,harm
0.75,0.5,20.0,0.047,0.0,0.1,0.6746840603342847,-0.06746840603342848,0.5,0.3445564946763656,-0.15544350532363438,-15.544350532363438,0.0329,0.2125,harm
0.75,0.5,20.0,0.048,0.0,0.1,0.6708809135399674,-0.06708809135399674,0.5,0.34522737050873487,-0.15477262949126513,-15.477262949126514,0.033600000000000005,0.2125,harm
0.75,0.5,20.0,0.049,0.0,0.1,0.6670746634026928,-0.06670746634026929,0.5,0.3459015805074648,-0.15409841949253522,-15.409841949253522,0.034300000000000004,0.2125,harm
0.75,0.5,20.0,0.05,0.0,0.1,0.6632653061224489,-0.0663265306122449,0.5,0.34657913260602297,-0.15342086739397703,-15.342086739397704,0.035,0.2125,harm
0.75,0.5,20.0,0.051000000000000004,0.0,0.1,0.6594528378930177,-0.06594528378930177,0.5,0.3472600345988522,-0.15273996540114781,-15.273996540114782,0.0357,0.2125,harm
0.75,0.5,20.0,0.052000000000000005,0.0,0.1,0.6556372549019608,-0.06556372549019608,0.5,0.3479442941386791,-0.1520557058613209,-15.205570586132088,0.0364,0.2125,harm
0.75,0.5,20.0,0.053,0.0,0.1,0.651818553330609,-0.06518185533306091,0.5,0.3486319187338069,-0.1513680812661931,-15.13680812661931,0.0371,0.2125,harm
0.75,0.5,20.0,0.054,0.0,0.1,0.6479967293540475,-0.06479967293540476,0.5,0.3493229157453918,-0.15067708425460818,-15.067708425460818,0.0378,0.2125,harm
0.75,0.5,20.0,0.055,0.0,0.1,0.6441717791411045,-0.06441717791411045,0.5,0.35001729238470325,-0.14998270761529675,-14.998270761529675,0.0385,0.2125,harm
0.75,0.5,20.0,0.056,0.0,0.1,0.6403436988543372,-0.06403436988543372,0.5,0.350715055710369,-0.14928494428963102,-14.928494428963102,0.0392,0.2125,harm
0.75,0.5,20.0,0.057,0.0,0.1,0.6365124846500205,-0.06365124846500206,0.5,0.35141621262560496,-0.14858378737439504,-14.858378737439503,0.039900000000000005,0.2125,harm
0.75,0.5,20.0,0.058,0.0,0.1,0.6326781326781326,-0.06326781326781326,0.5,0.35212076987543117,-0.14787923012456883,-14.787923012456883,0.040600000000000004,0.2125,harm
0.75,0.5,20.0,0.059000000000000004,0.0,0.1,0.6288406390823434,-0.06288406390823435,0.5,0.3528287340438725,-0.1471712659561275,-14.71712659561275,0.0413,0.2125,harm
0.75,0.5,20.0,0.06,0.0,0.1,0.625,-0.0625,0.5,0.3535401115511466,-0.14645988844885338,-14.645988844885338,0.041999999999999996,0.2125,harm
0.75,0.5,20.0,0.061,0.0,0.1,0.6211562115621156,-0.06211562115621157,0.5,0.35425490865083803,-0.14574509134916197,-14.574509134916196,0.0427,0.2125,harm
0.75,0.5,20.0,0.062,0.0,0.1,0.6173092698933552,-0.06173092698933552,0.5,0.3549731314270602,-0.14502686857293978,-14.502686857293979,0.0434,0.2125,harm
0.75,0.5,20.0,0.063,0.0,0.1,0.613459171112023,-0.0613459171112023,0.5,0.35569478579160463,-0.14430521420839537,-14.430521420839536,0.0441,0.2125,harm
0.75,0.5,20.0,0.064,0.0,0.1,0.6096059113300493,-0.06096059113300493,0.5,0.3564198774810784,-0.1435801225189216,-14.358012251892161,0.0448,0.2125,harm
0.75,0.5,20.0,0.065,0.0,0.1,0.6057494866529775,-0.06057494866529775,0.5,0.35714841205403114,-0.14285158794596886,-14.285158794596885,0.0455,0.2125,harm
0.75,0.5,20.0,0.066,0.0,0.1,0.6018898931799506,-0.06018898931799506,0.5,0.35788039488807044,-0.14211960511192956,-14.211960511192956,0.046200000000000005,0.2125,harm
0.75,0.5,20.0,0.067,0.0,0.1,0.5980271270036992,-0.05980271270036992,0.5,0.3586158311769676,-0.1413841688230324,-14.13841688230324,0.046900000000000004,0.2125,harm
0.75,0.5,20.0,0.068,0.0,0.1,0.5941611842105262,-0.05941611842105263,0.5,0.35935472592775386,-0.14064527407224614,-14.064527407224613,0.0476,0.2125,harm
0.75,0.5,20.0,0.069,0.0,0.1,0.5902920608802962,-0.05902920608802962,0.5,0.36009708395780743,-0.13990291604219257,-13.990291604219257,0.0483,0.2125,harm
0.75,0.5,20.0,0.07,0.0,0.1,0.5864197530864198,-0.058641975308641986,0.5,0.3608429098919327,-0.13915709010806732,-13.915709010806731,0.049,0.2125,harm
0.75,0.5,20.0,0.07100000000000001,0.0,0.1,0.5825442568958419,-0.058254425689584194,0.5,0.36159220815943083,-0.13840779184056917,-13.840779184056917,0.04970000000000001,0.2125,harm
0.75,0.5,20.0,0.07200000000000001,0.0,0.1,0.5786655683690279,-0.0578665568369028,0.5,0.36234498299116413,-0.13765501700883587,-13.765501700883586,0.0504,0.2125,harm
0.75,0.5,20.0,0.073,0.0,0.1,0.5747836835599506,-0.05747836835599506,0.5,0.363101238416613,-0.13689876158338699,-13.689876158338699,0.0511,0.2125,harm
0.75,0.5,20.0,0.074,0.0,0.1,0.5708985985160757,-0.057089859851607576,0.5,0.36386097826092845,-0.13613902173907155,-13.613902173907155,0.0518,0.2125,harm
0.75,0.5,20.0,0.075,0.0,0.1,0.5670103092783506,-0.056701030927835065,0.5,0.3646242061419773,-0.13537579385802267,-13.537579385802267,0.052500000000000005,0.2125,harm
0.75,0.5,20.0,0.076,0.0,0.1,0.5631188118811881,-0.056311881188118806,0.5,0.3653909254673859,-0.13460907453261411,-13.460907453261411,0.053200000000000004,0.2125,harm
0.75,0.5,20.0,0.077,0.0,0.1,0.5592241023524556,-0.05592241023524556,0.5,0.36616113943157663,-0.13383886056842337,-13.383886056842337,0.0539,0.2125,harm
0.75,0.5,20.0,0.078,0.0,0.1,0.5553261767134599,-0.055532617671345985,0.5,0.36693485101280443,-0.13306514898719557,-13.306514898719557,0.0546,0.2125,harm
0.75,0.5,20.0,0.079,0.0,0.1,0.5514250309789342,-0.055142503097893425,0.5,0.36771206297018916,-0.13228793702981084,-13.228793702981084,0.0553,0.2125,harm
0.75,0.5,20.0,0.08,0.0,0.1,0.5475206611570247,-0.05475206611570247,0.5,0.3684927778407469,-0.1315072221592531,-13.15072221592531,0.05600000000000001,0.2125,harm
0.75,0.5,20.0,0.081,0.0,0.1,0.5436130632492765,-0.05436130632492765,0.5,0.36927699793642077,-0.13072300206357923,-13.072300206357923,0.05670000000000001,0.2125,harm
0.75,0.5,20.0,0.082,0.0,0.1,0.5397022332506202,-0.05397022332506202,0.5,0.37006472534111123,-0.12993527465888877,-12.993527465888876,0.05740000000000001,0.2125,harm
0.75,0.5,20.0,0.083,0.0,0.1,0.5357881671493587,-0.053578816714935876,0.5,0.37085596190770725,-0.12914403809229275,-12.914403809229274,0.058100000000000006,0.2125,harm
0.75,0.5,20.0,0.084,0.0,0.1,0.5318708609271522,-0.05318708609271522,0.5,0.37165070925511967,-0.12834929074488033,-12.834929074488032,0.058800000000000005,0.2125,harm
0.75,0.5,20.0,0.085,0.0,0.1,0.5279503105590062,-0.052795031055900624,0.5,0.37244896876531575,-0.12755103123468425,-12.755103123468425,0.05950000000000001,0.2125,harm
0.75,0.5,20.0,0.08600000000000001,0.0,0.1,0.5240265120132559,-0.05240265120132559,0.5,0.3732507415803581,-0.1267492584196419,-12.67492584196419,0.06020000000000001,0.2125,harm
0.75,0.5,20.0,0.08700000000000001,0.0,0.1,0.5200994612515539,-0.052009946125155394,0.5,0.3740560285994471,-0.1259439714005529,-12.59439714005529,0.06090000000000001,0.2125,harm
0.75,0.5,20.0,0.088,0.0,0.1,0.5161691542288558,-0.05161691542288558,0.5,0.3748648304759683,-0.1251351695240317,-12.513516952403169,0.0616,0.2125,harm
0.75,0.5,20.0,0.089,0.0,0.1,0.5122355868934053,-0.05122355868934053,0.5,0.37567714761454607,-0.12432285238545393,-12.432285238545393,0.0623,0.2125,harm
0.75,0.5,20.0,0.09,0.0,0.1,0.508298755186722,-0.0508298755186722,0.5,0.3764929801681031,-0.12350701983189688,-12.350701983189689,0.063,0.2125,harm
0.75,0.5,20.0,0.091,0.0,0.1,0.5043586550435867,-0.05043586550435867,0.5,0.37731232803492853,-0.12268767196507147,-12.268767196507147,0.0637,0.2125,harm
0.75,0.5,20.0,0.092,0.0,0.1,0.5004152823920266,-0.05004152823920266,0.5,0.3781351908557541,-0.12186480914424591,-12.18648091442459,0.0644,0.2125,harm
0.75,0.5,20.0,0.093,0.0,0.1,0.49646863315330286,-0.04964686331533029,0.5,0.37896156801083947,-0.12103843198916053,-12.103843198916053,0.0651,0.2125,harm
0.75,0.5,20.0,0.094,0.0,0.1,0.49251870324189523,-0.049251870324189526,0.5,0.379791458617069,-0.12020854138293102,-12.020854138293103,0.0658,0.2125,harm
0.75,0.5,20.0,0.095,0.0,0.1,0.48856548856548854,-0.04885654885654886,0.5,0.3806248615250588,-0.11937513847494119,-11.937513847494118,0.0665,0.2125,harm
0.75,0.5,20.0,0.096,0.0,0.1,0.4846089850249584,-0.048460898502495846,0.5,0.381461775316277,-0.11853822468372299,-11.8538224683723,0.06720000000000001,0.2125,harm
0.75,0.5,20.0,0.097,0.0,0.1,0.48064918851435706,-0.04806491885143571,0.5,0.3823021983001769,-0.11769780169982308,-11.769780169982308,0.0679,0.2125,harm
0.75,0.5,20.0,0.098,0.0,0.1,0.47668609492089925,-0.047668609492089925,0.5,0.38314612851134483,-0.11685387148865517,-11.685387148865518,0.06860000000000001,0.2125,harm
0.75,0.5,20.0,0.099,0.0,0.1,0.47271970012494796,-0.0472719700124948,0.5,0.38399356370666293,-0.11600643629333707,-11.600643629333707,0.0693,0.2125,harm
0.75,0.5,20.0,0.1,0.0,0.1,0.46875,-0.046875,0.5,0.38484450136248927,-0.11515549863751073,-11.515549863751072,0.07,0.2125,harm
0.75,0.5,20.0,0.101,0.0,0.1,0.46477699041267195,-0.046477699041267195,0.5,0.3856989386718542,-0.11430106132814583,-11.430106132814583,0.07070000000000001,0.2125,harm
0.75,0.5,20.0,0.10200000000000001,0.0,0.1,0.46080066722268553,-0.04608006672226855,0.5,0.38655687254167637,-0.11344312745832363,-11.344312745832363,0.0714,0.2125,harm
0.75,0.5,20.0,0.10300000000000001,0.0,0.1,0.45682102628285354,-0.045682102628285357,0.5,0.38741829958999785,-0.11258170041000215,-11.258170041000215,0.07210000000000001,0.2125,harm
0.75,0.5,20.0,0.10400000000000001,0.0,0.1,0.45283806343906513,-0.04528380634390652,0.5,0.3882832161432398,-0.1117167838567602,-11.171678385676021,0.0728,0.2125,harm
0.75,0.5,20.0,0.105,0.0,0.1,0.4488517745302715,-0.04488517745302715,0.5,0.3891516182334801,-0.1108483817665199,-11.08483817665199,0.0735,0.2125,harm
0.75,0.5,20.0,0.106,0.0,0.1,0.44486215538847124,-0.04448621553884713,0.5,0.39002350159575383,-0.10997649840424617,-10.997649840424618,0.0742,0.2125,harm
0.75,0.5,20.0,0.107,0.0,0.1,0.4408692018386963,-0.044086920183869636,0.5,0.39089886166537785,-0.10910113833462215,-10.910113833462216,0.0749,0.2125,harm
0.75,0.5,20.0,0.108,0.0,0.1,0.4368729096989967,-0.04368729096989968,0.5,0.39177769357530035,-0.10822230642469965,-10.822230642469965,0.0756,0.2125,harm
0.75,0.5,20.0,0.109,0.0,0.1,0.43287327478042664,-0.04328732747804267,0.5,0.39265999215347647,-0.10734000784652353,-10.734000784652354,0.0763,0.2125,harm
0.75,0.5,20.0,0.11,0.0,0.1,0.4288702928870293,-0.04288702928870294,0.5,0.39354575192027175,-0.10645424807972825,-10.645424807972825,0.077,0.2125,harm
0.75,0.5,20.0,0.111,0.0,0.1,0.42486395981582253,-0.042486395981582256,0.5,0.39443496708589376,-0.10556503291410624,-10.556503291410625,0.0777,0.2125,harm
0.75,0.5,20.0,0.112,0.0,0.1,0.420854271356784,-0.0420854271356784,0.5,0.3953276315478538,-0.10467236845214622,-10.467236845214622,0.0784,0.2125,harm
0.75,0.5,20.0,0.113,0.0,0.1,0.41684122329283624,-0.041684122329283625,0.5,0.3962237388884587,-0.10377626111154131,-10.37762611115413,0.0791,0.2125,harm
0.75,0.5,20.0,0.114,0.0,0.1,0.4128248113998324,-0.04128248113998324,0.5,0.39712328237233585,-0.10287671762766415,-10.287671762766415,0.07980000000000001,0.2125,harm
0.75,0.5,20.0,0.115,0.0,0.1,0.40880503144654096,-0.0408805031446541,0.5,0.3980262549439906,-0.10197374505600942,-10.197374505600942,0.0805,0.2125,harm
0.75,0.5,20.0,0.116,0.0,0.1,0.40478187919463093,-0.040478187919463095,0.5,0.39893264922539806,-0.10106735077460194,-10.106735077460193,0.08120000000000001,0.2125,harm
0.75,0.5,20.0,0.117,0.0,0.1,0.4007553503986572,-0.04007553503986572,0.5,0.39984245751363123,-0.10015754248636877,-10.015754248636878,0.0819,0.2125,harm
0.75,0.5,20.0,0.11800000000000001,0.0,0.1,0.3967254408060453,-0.039672544080604534,0.5,0.40075567177852567,-0.09924432822147433,-9.924432822147434,0.0826,0.2125,harm
0.75,0.5,20.0,0.11900000000000001,0.0,0.1,0.3926921461570768,-0.03926921461570768,0.5,0.40167228366038155,-0.09832771633961845,-9.832771633961846,0.08330000000000001,0.2125,harm
0.75,0.5,20.0,0.12,0.0,0.1,0.388655462184874,-0.0388655462184874,0.5,0.4025922844677061,-0.09740771553229388,-9.740771553229388,0.08399999999999999,0.2125,harm
0.75,0.5,20.0,0.121,0.0,0.1,0.38461538461538464,-0.038461538461538464,0.5,0.40351566517499615,-0.09648433482500385,-9.648433482500385,0.0847,0.2125,harm
0.75,0.5,20.0,0.122,0.0,0.1,0.38057190916736755,-0.03805719091673676,0.5,0.404442416420562,-0.095557583579438,-9.5557583579438,0.0854,0.2125,harm
0.75,0.5,20.0,0.123,0.0,0.1,0.376525031552377,-0.0376525031552377,0.5,0.40537252850439476,-0.09462747149560524,-9.462747149560524,0.0861,0.2125,harm
0.75,0.5,20.0,0.124,0.0,0.1,0.3724747474747475,-0.03724747474747475,0.5,0.4063059913860777,-0.0936940086139223,-9.36940086139223,0.0868,0.2125,harm
0.75,0.5,20.0,0.125,0.0,0.1,0.3684210526315789,-0.03684210526315789,0.5,0.4072427946827432,-0.09275720531725679,-9.275720531725678,0.0875,0.2125,harm
0.75,0.5,20.0,0.126,0.0,0.1,0.3643639427127211,-0.03643639427127211,0.5,0.4081829276670763,-0.09181707233292369,-9.181707233292368,0.0882,0.2125,harm
0.75,0.5,20.0,0.127,0.0,0.1,0.3603034134007585,-0.03603034134007585,0.5,0.4091263792653663,-0.09087362073463368,-9.087362073463368,0.0889,0.2125,harm
0.75,0.5,20.0,0.128,0.0,0.1,0.35623946037099496,-0.0356239460370995,0.5,0.41007313805560736,-0.08992686194439264,-8.992686194439264,0.0896,0.2125,harm
0.75,0.5,20.0,0.129,0.0,0.1,0.3521720792914382,-0.03521720792914382,0.5,0.41102319226564954,-0.08897680773435046,-8.897680773435045,0.0903,0.2125,harm
0.75,0.5,20.0,0.13,0.0,0.1,0.3481012658227848,-0.03481012658227848,0.5,0.4119765297714021,-0.08802347022859791,-8.802347022859792,0.091,0.2125,harm
0.75,0.5,20.0,0.131,0.0,0.1,0.3440270156184044,-0.034402701561840436,0.5,0.41293313809508864,-0.08706686190491136,-8.706686190491137,0.0917,0.2125,harm
0.75,0.5,20.0,0.132,0.0,0.1,0.33994932432432434,-0.033994932432432436,0.5,0.4138930044035578,-0.08610699559644219,-8.61069955964422,0.09240000000000001,0.2125,harm
0.75,0.5,20.0,0.133,0.0,0.1,0.33586818757921416,-0.03358681875792142,0.5,0.4148561155066483,-0.0851438844933517,-8.51438844933517,0.0931,0.2125,harm
0.75,0.5,20.0,0.134,0.0,0.1,0.3317836010143702,-0.03317836010143702,0.5,0.4158224578556107,-0.08417754214438927,-8.417754214438927,0.09380000000000001,0.2125,harm
0.75,0.5,20.0,0.135,0.0,0.1,0.3276955602536997,-0.032769556025369975,0.5,0.416792017541588,-0.08320798245841199,-8.3207982458412,0.0945,0.2125,harm
0.75,0.5,20.0,0.136,0.0,0.1,0.3236040609137056,-0.03236040609137056,0.5,0.41776478029415454,-0.08223521970584546,-8.223521970584546,0.0952,0.2125,harm
0.75,0.5,20.0,0.137,0.0,0.1,0.3195090986034701,-0.03195090986034701,0.5,0.41874073147991514,-0.08125926852008486,-8.125926852008487,0.09590000000000001,0.2125,harm
0.75,0.5,20.0,0.138,0.0,0.1,0.3154106689246401,-0.03154106689246401,0.5,0.4197198561011666,-0.08028014389883342,-8.028014389883342,0.0966,0.2125,harm
0.75,0.5,20.0,0.139,0.0,0.1,0.3113087674714104,-0.031130876747141042,0.5,0.4207021387946215,-0.07929786120537852,-7.929786120537852,0.09730000000000001,0.2125,harm
0.75,0.5,20.0,0.14,0.0,0.1,0.30720338983050843,-0.030720338983050845,0.5,0.421687563830196,-0.07831243616980399,-7.831243616980399,0.098,0.2125,harm
0.75,0.5,20.0,0.14100000000000001,0.0,0.1,0.3030945315811784,-0.03030945315811784,0.5,0.42267611510986314,-0.07732388489013686,-7.732388489013687,0.09870000000000001,0.2125,harm
0.75,0.5,20.0,0.14200000000000002,0.0,0.1,0.2989821882951653,-0.029898218829516533,0.5,0.42366777616657203,-0.07633222383342797,-7.6332223833427975,0.09940000000000002,0.2125,harm
0.75,0.5,20.0,0.14300000000000002,0.0,0.1,0.2948663555366991,-0.029486635553669913,0.5,0.42466253016323574,-0.07533746983676426,-7.533746983676426,0.10010000000000001,0.2125,harm
0.75,0.5,20.0,0.14400000000000002,0.0,0.1,0.2907470288624787,-0.029074702886247875,0.5,0.4256603598917863,-0.0743396401082137,-7.43396401082137,0.1008,0.2125,harm
0.75,0.5,20.0,0.145,0.0,0.1,0.2866242038216561,-0.028662420382165613,0.5,0.4266612477723013,-0.0733387522276987,-7.33387522276987,0.10149999999999999,0.2125,harm
0.75,0.5,20.0,0.146,0.0,0.1,0.2824978759558199,-0.02824978759558199,0.5,0.42766517585220076,-0.07233482414779924,-7.233482414779924,0.1022,0.2125,harm
0.75,0.5,20.0,0.147,0.0,0.1,0.2783680407989801,-0.02783680407989801,0.5,0.4286721258055159,-0.07132787419448411,-7.132787419448411,0.10289999999999999,0.2125,harm
0.75,0.5,20.0,0.148,0.0,0.1,0.27423469387755106,-0.027423469387755108,0.5,0.4296820789322323,-0.07031792106776769,-7.031792106776768,0.1036,0.2125,harm
0.75,0.5,20.0,0.149,0.0,0.1,0.27009783071033605,-0.027009783071033605,0.5,0.4306950161577069,-0.06930498384229311,-6.9304983842293115,0.10429999999999999,0.2125,harm
0.75,0.5,20.0,0.15,0.0,0.1,0.26595744680851063,-0.026595744680851064,0.5,0.4317109180321601,-0.06828908196783989,-6.828908196783989,0.10500000000000001,0.2125,harm
0.75,0.5,20.0,0.151,0.0,0.1,0.2618135376756066,-0.026181353767560662,0.5,0.4327297647302459,-0.06727023526975412,-6.727023526975412,0.10569999999999999,0.2125,harm
0.75,0.5,20.0,0.152,0.0,0.1,0.25766609880749575,-0.025766609880749577,0.5,0.4337515360506982,-0.06624846394930178,-6.624846394930178,0.10640000000000001,0.2125,harm
0.75,0.5,20.0,0.153,0.0,0.1,0.2535151256923732,-0.025351512569237324,0.5,0.4347762114160575,-0.06522378858394251,-6.5223788583942515,0.1071,0.2125,harm
0.75,0.5,20.0,0.154,0.0,0.1,0.24936061381074168,-0.024936061381074168,0.5,0.43580376987247554,-0.06419623012752446,-6.419623012752446,0.1078,0.2125,harm
0.75,0.5,20.0,0.155,0.0,0.1,0.24520255863539447,-0.02452025586353945,0.5,0.4368341900896029,-0.06316580991039711,-6.316580991039711,0.1085,0.2125,harm
0.75,0.5,20.0,0.156,0.0,0.1,0.2410409556313993,-0.02410409556313993,0.5,0.4378674503605565,-0.06213254963944348,-6.2132549639443475,0.1092,0.2125,harm
0.75,0.5,20.0,0.157,0.0,0.1,0.23687580025608193,-0.023687580025608196,0.5,0.4389035286019711,-0.06109647139802887,-6.109647139802887,0.1099,0.2125,harm
0.75,0.5,20.0,0.158,0.0,0.1,0.23270708795900935,-0.023270708795900936,0.5,0.4399424023541345,-0.06005759764586549,-6.005759764586549,0.1106,0.2125,harm
0.75,0.5,20.0,0.159,0.0,0.1,0.22853481418197347,-0.022853481418197347,0.5,0.4409840487812065,-0.059015951218793494,-5.90159512187935,0.1113,0.2125,harm
0.75,0.5,20.0,0.16,0.0,0.1,0.22435897435897434,-0.022435897435897436,0.5,0.4420284446715244,-0.05797155532847559,-5.797155532847559,0.11200000000000002,0.2125,harm
0.75,0.5,20.0,0.161,0.0,0.1,0.22017956391620347,-0.02201795639162035,0.5,0.44307556643799495,-0.05692443356200505,-5.692443356200505,0.1127,0.2125,harm
0.75,0.5,20.0,0.162,0.0,0.1,0.2159965782720273,-0.02159965782720273,0.5,0.444125390118573,-0.055874609881427006,-5.5874609881427,0.11340000000000001,0.2125,harm
0.75,0.5,20.0,0.163,0.0,0.1,0.21181001283697046,-0.021181001283697046,0.5,0.4451778913768287,-0.05482210862317127,-5.482210862317127,0.11410000000000001,0.2125,harm
0.75,0.5,20.0,0.164,0.0,0.1,0.20761986301369859,-0.02076198630136986,0.5,0.44623304550260434,-0.05376695449739566,-5.376695449739566,0.11480000000000001,0.2125,harm
0.75,0.5,20.0,0.165,0.0,0.1,0.2034261241970021,-0.02034261241970021,0.5,0.4472908274127591,-0.05270917258724089,-5.270917258724089,0.1155,0.2125,harm
0.75,0.5,20.0,0.166,0.0,0.1,0.19922879177377886,-0.019922879177377888,0.5,0.44835121165200675,-0.051648788347993246,-5.164878834799325,0.11620000000000001,0.2125,harm
0.75,0.5,20.0,0.167,0.0,0.1,0.19502786112301748,-0.01950278611230175,0.5,0.44941417239384285,-0.05058582760615715,-5.058582760615716,0.1169,0.2125,harm
0.75,0.5,20.0,0.168,0.0,0.1,0.19082332761578039,-0.01908233276157804,0.5,0.4504796834415641,-0.04952031655843592,-4.952031655843592,0.11760000000000001,0.2125,harm
0.75,0.5,20.0,0.169,0.0,0.1,0.18661518661518656,-0.018661518661518658,0.5,0.45154771822938133,-0.048452281770618666,-4.845228177061866,0.1183,0.2125,harm
0.75,0.5,20.0,0.17,0.0,0.1,0.18240343347639476,-0.018240343347639475,0.5,0.45261824982362464,-0.04738175017637536,-4.738175017637536,0.11900000000000002,0.2125,harm
0.75,0.5,20.0,0.171,0.0,0.1,0.17818806354658645,-0.017818806354658646,0.5,0.4536912509240427,-0.04630874907595728,-4.630874907595728,0.1197,0.2125,harm
0.75,0.5,20.0,0.17200000000000001,0.0,0.1,0.1739690721649484,-0.01739690721649484,0.5,0.45476669386519686,-0.04523330613480314,-4.523330613480314,0.12040000000000002,0.2125,harm
0.75,0.5,20.0,0.17300000000000001,0.0,0.1,0.1697464546626557,-0.01697464546626557,0.5,0.4558445506179495,-0.044155449382050516,-4.415544938205052,0.12110000000000001,0.2125,harm
0.75,0.5,20.0,0.17400000000000002,0.0,0.1,0.16552020636285458,-0.01655202063628546,0.5,0.45692479279104853,-0.04307520720895147,-4.307520720895147,0.12180000000000002,0.2125,harm
0.75,0.5,20.0,0.17500000000000002,0.0,0.1,0.16129032258064505,-0.016129032258064505,0.5,0.4580073916328078,-0.04199260836719221,-4.199260836719221,0.12250000000000001,0.2125,harm
0.75,0.5,20.0,0.176,0.0,0.1,0.15705679862306374,-0.015705679862306376,0.5,0.45909231803288275,-0.04090768196711725,-4.090768196711725,0.1232,0.2125,harm
0.75,0.5,20.0,0.177,0.0,0.1,0.1528196297890659,-0.01528196297890659,0.5,0.4601795425241446,-0.039820457475855386,-3.9820457475855386,0.12389999999999998,0.2125,harm
0.75,0.5,20.0,0.178,0.0,0.1,0.14857881136950907,-0.014857881136950907,0.5,0.4612690352846502,-0.038730964715349814,-3.873096471534981,0.1246,0.2125,harm
0.75,0.5,20.0,0.179,0.0,0.1,0.1443343386471349,-0.01443343386471349,0.5,0.46236076613970994,-0.037639233860290056,-3.7639233860290053,0.1253,0.2125,harm
0.75,0.5,20.0,0.18,0.0,0.1,0.14008620689655174,-0.014008620689655174,0.5,0.46345470456405347,-0.036545295435946534,-3.6545295435946534,0.126,0.2125,harm
0.75,0.5,20.0,0.181,0.0,0.1,0.13583441138421737,-0.013583441138421738,0.5,0.46455081968409284,-0.03544918031590716,-3.544918031590716,0.12669999999999998,0.2125,harm
0.75,0.5,20.0,0.182,0.0,0.1,0.13157894736842107,-0.013157894736842108,0.5,0.46564908028028473,-0.03435091971971527,-3.4350919719715267,0.1274,0.2125,harm
0.75,0.5,20.0,0.183,0.0,0.1,0.1273198100992663,-0.01273198100992663,0.5,0.46674945478959007,-0.03325054521040993,-3.325054521040993,0.1281,0.2125,harm
0.75,0.5,20.0,0.184,0.0,0.1,0.12305699481865287,-0.012305699481865287,0.5,0.4678519113080325,-0.0321480886919675,-3.2148088691967502,0.1288,0.2125,harm
0.75,0.5,20.0,0.185,0.0,0.1,0.1187904967602592,-0.01187904967602592,0.5,0.468956417593356,-0.03104358240664401,-3.104358240664401,0.1295,0.2125,harm
0.75,0.5,20.0,0.186,0.0,0.1,0.11452031114952464,-0.011452031114952466,0.5,0.47006294106777985,-0.02993705893222015,-2.993705893222015,0.1302,0.2125,harm
0.75,0.5,20.0,0.187,0.0,0.1,0.11024643320363166,-0.011024643320363167,0.5,0.47117144882085327,-0.028828551179146733,-2.8828551179146733,0.1309,0.2125,harm
0.75,0.5,20.0,0.188,0.0,0.1,0.10596885813148788,-0.010596885813148788,0.5,0.4722819076124083,-0.02771809238759171,-2.771809238759171,0.1316,0.2125,harm
0.75,0.5,20.0,0.189,0.0,0.1,0.10168758113370835,-0.010168758113370835,0.5,0.4733942838756109,-0.02660571612438911,-2.660571612438911,0.1323,0.2125,harm
0.75,0.5,20.0,0.19,0.0,0.1,0.0974025974025974,-0.00974025974025974,0.5,0.4745085437201104,-0.02549145627988958,-2.549145627988958,0.133,0.2125,harm
0.75,0.5,20.0,0.191,0.0,0.1,0.09311390212213078,-0.009311390212213078,0.5,0.475624652935288,-0.024375347064712005,-2.4375347064712005,0.13369999999999999,0.2125,harm
0.75,0.5,20.0,0.192,0.0,0.1,0.0888214904679376,-0.00888214904679376,0.5,0.4767425769936019,-0.023257423006398104,-2.3257423006398104,0.13440000000000002,0.2125,harm
0.75,0.5,20.0,0.193,0.0,0.1,0.08452535760728216,-0.008452535760728217,0.5,0.4778622810540307,-0.022137718945969276,-2.2137718945969276,0.1351,0.2125,harm
0.75,0.5,20.0,0.194,0.0,0.1,0.08022549869904594,-0.008022549869904595,0.5,0.4789837299656149,-0.02101627003438511,-2.101627003438511,0.1358,0.2125,harm
0.75,0.5,20.0,0.195,0.0,0.1,0.07592190889370931,-0.0075921908893709315,0.5,0.4801068882710939,-0.01989311172890612,-1.989311172890612,0.1365,0.2125,harm
0.75,0.5,20.0,0.196,0.0,0.1,0.07161458333333329,-0.007161458333333329,0.5,0.4812317202106413,-0.01876827978935869,-1.8768279789358688,0.13720000000000002,0.2125,harm
0.75,0.5,20.0,0.197,0.0,0.1,0.06730351715154144,-0.006730351715154144,0.5,0.4823581897256952,-0.01764181027430478,-1.764181027430478,0.1379,0.2125,harm
0.75,0.5,20.0,0.198,0.0,0.1,0.06298870547350126,-0.006298870547350126,0.5,0.48348626046288445,-0.016513739537115546,-1.6513739537115546,0.1386,0.2125,harm
0.75,0.5,20.0,0.199,0.0,0.1,0.05867014341590608,-0.0058670143415906085,0.5,0.48461589577805053,-0.015384104221949468,-1.5384104221949468,0.1393,0.2125,harm
0.75,0.5,20.0,0.2,0.0,0.1,0.05434782608695648,-0.0054347826086956486,0.5,0.4857470587403636,-0.014252941259636387,-1.4252941259636387,0.14,0.2125,harm
0.75,0.5,20.0,0.201,0.0,0.1,0.050021748586341834,-0.005002174858634184,0.5,0.4868797121365326,-0.013120287863467417,-1.3120287863467417,0.1407,0.2125,harm
0.75,0.5,20.0,0.202,0.0,0.1,0.045691906005221876,-0.004569190600522187,0.5,0.4880138184751085,-0.011986181524891504,-1.1986181524891504,0.14140000000000003,0.2125,harm
0.75,0.5,20.0,0.203,0.0,0.1,0.041358293426208045,-0.004135829342620805,0.5,0.4891493399908804,-0.010850660009119606,-1.0850660009119606,0.1421,0.2125,harm
0.75,0.5,20.0,0.20400000000000001,0.0,0.1,0.03702090592334488,-0.003702090592334488,0.5,0.49028623864936305,-0.009713761350636951,-0.9713761350636951,0.1428,0.2125,harm
0.75,0.5,20.0,0.20500000000000002,0.0,0.1,0.032679738562091436,-0.003267973856209144,0.5,0.49142447615137574,-0.008575523848624256,-0.8575523848624256,0.14350000000000002,0.2125,harm
0.75,0.5,20.0,0.20600000000000002,0.0,0.1,0.028334786399302456,-0.002833478639930246,0.5,0.4925640139377108,-0.007435986062289179,-0.7435986062289179,0.14420000000000002,0.2125,harm
0.75,0.5,20.0,0.20700000000000002,0.0,0.1,0.023986044483209693,-0.0023986044483209693,0.5,0.4937048131938918,-0.006295186806108188,-0.6295186806108188,0.1449,0.2125,harm
0.75,0.5,20.0,0.20800000000000002,0.0,0.1,0.019633507853403065,-0.0019633507853403067,0.5,0.49484683485501957,-0.005153165144980432,-0.5153165144980432,0.1456,0.2125,harm
0.75,0.5,20.0,0.209,0.0,0.1,0.01527717154081191,-0.001527717154081191,0.5,0.49599003961070554,-0.004009960389294465,-0.40099603892944646,0.14629999999999999,0.2125,harm
0.75,0.5,20.0,0.21,0.0,0.1,0.010917030567685624,-0.0010917030567685624,0.5,0.49713438791009157,-0.0028656120899084314,-0.28656120899084314,0.147,0.2125,harm
0.75,0.5,20.0,0.211,0.0,0.1,0.00655307994757539,-0.0006553079947575391,0.5,0.49827983996695446,-0.0017201600330455369,-0.1720160033045537,0.1477,0.2125,harm
0.75,0.5,20.0,0.212,0.0,0.1,0.002185314685314711,-0.0002185314685314711,0.5,0.49942635576489436,-0.0005736442351056414,-0.057364423510564144,0.1484,0.2125,harm
0.75,0.5,20.0,0.213,0.0,0.1,-0.0021862702229995404,0.00021862702229995406,0.5,0.5005738950626064,0.000573895062606411,0.0573895062606411,0.14909999999999998,0.2125,improvement
0.75,0.5,20.0,0.214,0.0,0.1,-0.006561679790026228,0.0006561679790026229,0.5,0.5017224173992333,0.0017224173992332892,0.17224173992332892,0.1498,0.2125,improvement
0.75,0.5,20.0,0.215,0.0,0.1,-0.010940919037199109,0.001094091903719911,0.5,0.5028718820997985,0.002871882099798495,0.2871882099798495,0.1505,0.2125,improvement
0.75,0.5,20.0,0.216,0.0,0.1,-0.015323992994746051,0.001532399299474605,0.5,0.5040222482807181,0.004022248280718066,0.4022248280718066,0.1512,0.2125,improvement
0.75,0.5,20.0,0.217,0.0,0.1,-0.01971090670170827,0.0019710906701708272,0.5,0.5051734748553902,0.005173474855390214,0.5173474855390214,0.15189999999999998,0.2125,improvement
0.75,0.5,20.0,0.218,0.0,0.1,-0.02410166520595968,0.0024101665205959683,0.5,0.5063255205398612,0.00632552053986124,0.632552053986124,0.1526,0.2125,improvement
0.75,0.5,20.0,0.219,0.0,0.1,-0.028496273564226217,0.002849627356422622,0.5,0.5074783438585649,0.00747834385856494,0.747834385856494,0.1533,0.2125,improvement
0.75,0.5,20.0,0.22,0.0,0.1,-0.03289473684210526,0.003289473684210526,0.5,0.5086319031501371,0.008631903150137066,0.8631903150137066,0.154,0.2125,improvement
0.75,0.5,20.0,0.221,0.0,0.1,-0.03729706011408514,0.003729706011408514,0.5,0.5097861565732995,0.00978615657329951,0.9786156573299509,0.1547,0.2125,improvement
0.75,0.5,20.0,0.222,0.0,0.1,-0.04170324846356454,0.004170324846356454,0.5,0.5109410621128159,0.01094106211281587,1.094106211281587,0.1554,0.2125,improvement
0.75,0.5,20.0,0.223,0.0,0.1,-0.046113306982872214,0.004611330698287222,0.5,0.5120965775855152,0.01209657758551519,1.209657758551519,0.1561,0.2125,improvement
0.75,0.5,20.0,0.224,0.0,0.1,-0.05052724077328649,0.005052724077328649,0.5,0.5132526606463814,0.01325266064638142,1.325266064638142,0.1568,0.2125,improvement
0.75,0.5,20.0,0.225,0.0,0.1,-0.05494505494505497,0.0054945054945054975,0.5,0.5144092687947093,0.014409268794709273,1.4409268794709273,0.1575,0.2125,improvement
0.75,0.5,20.0,0.226,0.0,0.1,-0.05936675461741427,0.005936675461741428,0.5,0.5155663593803226,0.01556635938032258,1.556635938032258,0.1582,0.2125,improvement
0.75,0.5,20.0,0.227,0.0,0.1,-0.0637923449186098,0.00637923449186098,0.5,0.5167238896098548,0.016723889609854825,1.6723889609854825,0.15889999999999999,0.2125,improvement
0.75,0.5,20.0,0.228,0.0,0.1,-0.06822183098591553,0.006822183098591553,0.5,0.5178818165530881,0.01788181655308807,1.788181655308807,0.15960000000000002,0.2125,improvement
0.75,0.5,20.0,0.229,0.0,0.1,-0.07265521796565394,0.007265521796565394,0.5,0.5190400971493516,0.01904009714935162,1.904009714935162,0.1603,0.2125,improvement
0.75,0.5,20.0,0.23,0.0,0.1,-0.0770925110132159,0.00770925110132159,0.5,0.5201986882139744,0.020198688213974414,2.0198688213974414,0.161,0.2125,improvement
0.75,0.5,20.0,0.231,0.0,0.1,-0.08153371529308069,0.008153371529308069,0.5,0.5213575464447935,0.021357546444793485,2.1357546444793485,0.1617,0.2125,improvement
0.75,0.5,20.0,0.232,0.0,0.1,-0.08597883597883604,0.008597883597883604,0.5,0.5225166284287133,0.02251662842871327,2.251662842871327,0.16240000000000002,0.2125,improvement
0.75,0.5,20.0,0.233,0.0,0.1,-0.09042787825319812,0.009042787825319813,0.5,0.5236758906483153,0.023675890648315323,2.3675890648315323,0.1631,0.2125,improvement
0.75,0.5,20.0,0.234,0.0,0.1,-0.09488084730803183,0.009488084730803183,0.5,0.5248352894885158,0.024835289488515766,2.4835289488515766,0.1638,0.2125,improvement
0.75,0.5,20.0,0.23500000000000001,0.0,0.1,-0.09933774834437092,0.009933774834437093,0.5,0.5259947812432693,0.02599478124326926,2.599478124326926,0.1645,0.2125,improvement
0.75,0.5,20.0,0.23600000000000002,0.0,0.1,-0.10379858657243822,0.010379858657243822,0.5,0.5271543221223163,0.027154322122316277,2.7154322122316277,0.1652,0.2125,improvement
0.75,0.5,20.0,0.23700000000000002,0.0,0.1,-0.108263367211666,0.010826336721166601,0.5,0.5283138682579726,0.028313868257972552,2.831386825797255,0.1659,0.2125,improvement
0.75,0.5,20.0,0.23800000000000002,0.0,0.1,-0.11273209549071625,0.011273209549071626,0.5,0.5294733757119578,0.02947337571195785,2.947337571195785,0.16660000000000003,0.2125,improvement
0.75,0.5,20.0,0.23900000000000002,0.0,0.1,-0.11720477664750117,0.011720477664750118,0.5,0.5306328004822622,0.030632800482262246,3.0632800482262246,0.1673,0.2125,improvement
0.75,0.5,20.0,0.24,0.0,0.1,-0.1216814159292035,0.012168141592920352,0.5,0.5317920985100479,0.03179209851004794,3.179209851004794,0.16799999999999998,0.2125,improvement
0.75,0.5,20.0,0.241,0.0,0.1,-0.12616201859229745,0.012616201859229745,0.5,0.5329512256865836,0.032951225686583596,3.2951225686583596,0.1687,0.2125,improvement
0.75,0.5,20.0,0.242,0.0,0.1,-0.1306465899025686,0.013064658990256862,0.5,0.5341101378602096,0.034110137860209555,3.4110137860209555,0.1694,0.2125,improvement
0.75,0.5,20.0,0.243,0.0,0.1,-0.1351351351351351,0.013513513513513509,0.5,0.5352687908433321,0.03526879084333212,3.526879084333212,0.1701,0.2125,improvement
0.75,0.5,20.0,0.244,0.0,0.1,-0.13962765957446804,0.013962765957446804,0.5,0.5364271404194432,0.03642714041944317,3.642714041944317,0.1708,0.2125,improvement
0.75,0.5,20.0,0.245,0.0,0.1,-0.1441241685144124,0.014412416851441241,0.5,0.5375851423501641,0.03758514235016408,3.758514235016408,0.17149999999999999,0.2125,improvement
0.75,0.5,20.0,0.246,0.0,0.1,-0.1486246672582076,0.014862466725820762,0.5,0.5387427523823115,0.03874275238231151,3.8742752382311507,0.1722,0.2125,improvement
0.75,0.5,20.0,0.247,0.0,0.1,-0.15312916111850863,0.015312916111850865,0.5,0.5398999262549817,0.03989992625498173,3.9899926254981732,0.1729,0.2125,improvement
0.75,0.5,20.0,0.248,0.0,0.1,-0.15763765541740676,0.015763765541740676,0.5,0.5410566197066524,0.04105661970665242,4.105661970665242,0.1736,0.2125,improvement
0.75,0.5,20.0,0.249,0.0,0.1,-0.16215015548645048,0.01621501554864505,0.5,0.5422127884822989,0.042212788482298924,4.221278848229892,0.17429999999999998,0.2125,improvement
0.75,0.5,20.0,0.25,0.0,0.1,-0.16666666666666666,0.016666666666666666,0.5,0.5433683883405216,0.04336838834052159,4.336838834052159,0.175,0.2125,improvement
0.75,0.5,20.0,0.251,0.0,0.1,-0.1711871943085816,0.01711871943085816,0.5,0.5445233750606845,0.04452337506068449,4.452337506068449,0.17570000000000002,0.2125,improvement
0.75,0.5,20.0,0.252,0.0,0.1,-0.175711743772242,0.0175711743772242,0.5,0.5456777044500599,0.04567770445005992,4.567770445005992,0.1764,0.2125,improvement
0.75,0.5,20.0,0.253,0.0,0.1,-0.18024032042723634,0.018024032042723636,0.5,0.5468313323509785,0.04683133235097847,4.683133235097847,0.17709999999999998,0.2125,improvement
0.75,0.5,20.0,0.254,0.0,0.1,-0.18477292965271597,0.018477292965271598,0.5,0.5479842146479816,0.04798421464798164,4.798421464798164,0.1778,0.2125,improvement
0.75,0.5,20.0,0.255,0.0,0.1,-0.1893095768374165,0.018930957683741652,0.5,0.5491363072749736,0.049136307274973645,4.913630727497365,0.17850000000000002,0.2125,improvement
0.75,0.5,20.0,0.256,0.0,0.1,-0.1938502673796792,0.019385026737967923,0.5,0.5502875662223718,0.05028756622237185,5.028756622237185,0.1792,0.2125,improvement
0.75,0.5,20.0,0.257,0.0,0.1,-0.19839500668747218,0.01983950066874722,0.5,0.5514379475442517,0.05143794754425168,5.143794754425168,0.1799,0.2125,improvement
0.75,0.5,20.0,0.258,0.0,0.1,-0.20294380017841215,0.020294380017841215,0.5,0.5525874073654836,0.05258740736548362,5.258740736548361,0.1806,0.2125,improvement
0.75,0.5,20.0,0.259,0.0,0.1,-0.20749665327978584,0.020749665327978586,0.5,0.5537359018888623,0.05373590188886235,5.373590188886235,0.18130000000000002,0.2125,improvement
0.75,0.5,20.0,0.26,0.0,0.1,-0.21205357142857145,0.021205357142857147,0.5,0.5548833874022212,0.054883387402221206,5.488338740222121,0.182,0.2125,improvement
0.75,0.5,20.0,0.261,0.0,0.1,-0.21661456007146052,0.021661456007146054,0.5,0.5560298202855337,0.056029820285533716,5.602982028553372,0.1827,0.2125,improvement
0.75,0.5,20.0,0.262,0.0,0.1,-0.2211796246648794,0.02211796246648794,0.5,0.5571751570179972,0.05717515701799725,5.717515701799725,0.1834,0.2125,improvement
0.75,0.5,20.0,0.263,0.0,0.1,-0.22574877067501123,0.022574877067501123,0.5,0.5583193541850977,0.058319354185097705,5.8319354185097705,0.1841,0.2125,improvement
0.75,0.5,20.0,0.264,0.0,0.1,-0.23032200357781762,0.023032200357781765,0.5,0.5594623684856515,0.05946236848565145,5.946236848565145,0.18480000000000002,0.2125,improvement
0.75,0.5,20.0,0.265,0.0,0.1,-0.23489932885906048,0.023489932885906048,0.5,0.5606041567388227,0.06060415673882269,6.060415673882269,0.1855,0.2125,improvement
0.75,0.5,20.0,0.266,0.0,0.1,-0.23948075201432414,0.023948075201432415,0.5,0.5617446758911164,0.06174467589111643,6.174467589111643,0.1862,0.2125,improvement
0.75,0.5,20.0,0.267,0.0,0.1,-0.24406627854903723,0.024406627854903724,0.5,0.5628838830233384,0.06288388302333836,6.288388302333836,0.1869,0.2125,improvement
0.75,0.5,20.0,0.268,0.0,0.1,-0.24865591397849468,0.024865591397849468,0.5,0.5640217353575261,0.06402173535752609,6.402173535752609,0.18760000000000002,0.2125,improvement
0.75,0.5,20.0,0.269,0.0,0.1,-0.25324966382787995,0.025324966382787997,0.5,0.5651581902638456,0.06515819026384562,6.515819026384562,0.1883,0.2125,improvement
0.75,0.5,20.0,0.27,0.0,0.1,-0.2578475336322871,0.025784753363228708,0.5,0.566293205267451,0.06629320526745097,6.629320526745097,0.189,0.2125,improvement
0.75,0.5,20.0,0.271,0.0,0.1,-0.262449528936743,0.026244952893674303,0.5,0.5674267380553062,0.06742673805530619,6.742673805530619,0.18970000000000004,0.2125,improvement
0.75,0.5,20.0,0.272,0.0,0.1,-0.26705565529622993,0.026705565529622995,0.5,0.5685587464829642,0.06855874648296423,6.855874648296423,0.1904,0.2125,improvement
0.75,0.5,20.0,0.273,0.0,0.1,-0.27166591827570735,0.027166591827570738,0.5,0.5696891885813062,0.06968918858130624,6.968918858130624,0.1911,0.2125,improvement
0.75,0.5,20.0,0.274,0.0,0.1,-0.27628032345013487,0.027628032345013487,0.5,0.5708180225632307,0.07081802256323066,7.0818022563230665,0.19180000000000003,0.2125,improvement
0.75,0.5,20.0,0.275,0.0,0.1,-0.28089887640449446,0.028089887640449448,0.5,0.5719452068302986,0.07194520683029859,7.194520683029859,0.19250000000000003,0.2125,improvement
0.75,0.5,20.0,0.276,0.0,0.1,-0.285521582733813,0.0285521582733813,0.5,0.5730706999793265,0.07307069997932647,7.307069997932647,0.1932,0.2125,improvement
0.75,0.5,20.0,0.277,0.0,0.1,-0.290148448043185,0.029014844804318502,0.5,0.5741944608089276,0.07419446080892755,7.419446080892755,0.19390000000000002,0.2125,improvement
0.75,0.5,20.0,0.278,0.0,0.1,-0.2947794779477949,0.029477947794779493,0.5,0.5753164483259986,0.0753164483259986,7.531644832599859,0.19460000000000002,0.2125,improvement
0.75,0.5,20.0,0.279,0.0,0.1,-0.2994146780729402,0.029941467807294023,0.5,0.5764366217521497,0.07643662175214971,7.643662175214971,0.19530000000000003,0.2125,improvement
0.75,0.5,20.0,0.28,0.0,0.1,-0.3040540540540542,0.030405405405405424,0.5,0.5775549405300762,0.07755494053007617,7.755494053007617,0.196,0.2125,improvement
0.75,0.5,20.0,0.281,0.0,0.1,-0.3086976115367284,0.030869761153672844,0.5,0.5786713643298682,0.07867136432986821,7.867136432986821,0.1967,0.2125,improvement
0.75,0.5,20.0,0.28200000000000003,0.0,0.1,-0.3133453561767359,0.031334535617673596,0.5,0.5797858530552585,0.07978585305525854,7.978585305525854,0.19740000000000002,0.2125,improvement
0.75,0.5,20.0,0.28300000000000003,0.0,0.1,-0.31799729364005425,0.03179972936400543,0.5,0.5808983668498049,0.08089836684980489,8.08983668498049,0.19810000000000003,0.2125,improvement
0.75,0.5,20.0,0.28400000000000003,0.0,0.1,-0.3226534296028882,0.032265342960288816,0.5,0.5820088661030053,0.08200886610300528,8.200886610300529,0.19880000000000003,0.2125,improvement
0.75,0.5,20.0,0.28500000000000003,0.0,0.1,-0.3273137697516932,0.03273137697516932,0.5,0.5831173114563446,0.0831173114563446,8.311731145634461,0.1995,0.2125,improvement
0.75,0.5,20.0,0.28600000000000003,0.0,0.1,-0.331978319783198,0.0331978319783198,0.5,0.5842236638092695,0.08422366380926949,8.422366380926949,0.20020000000000002,0.2125,improvement
0.75,0.5,20.0,0.28700000000000003,0.0,0.1,-0.3366470854044285,0.03366470854044285,0.5,0.585327884325091,0.08532788432509097,8.532788432509097,0.20090000000000002,0.2125,improvement
0.75,0.5,20.0,0.28800000000000003,0.0,0.1,-0.34132007233273076,0.03413200723327308,0.5,0.586429934436813,0.08642993443681302,8.642993443681302,0.2016,0.2125,improvement
0.75,0.5,20.0,0.289,0.0,0.1,-0.3459972862957936,0.034599728629579364,0.5,0.5875297758528827,0.08752977585288269,8.752977585288269,0.20229999999999998,0.2125,improvement
0.75,0.5,20.0,0.29,0.0,0.1,-0.35067873303167413,0.035067873303167414,0.5,0.5886273705628642,0.08862737056286418,8.862737056286418,0.20299999999999999,0.2125,improvement
0.75,0.5,20.0,0.291,0.0,0.1,-0.3553644182888184,0.03553644182888184,0.5,0.5897226808430307,0.0897226808430307,8.97226808430307,0.2037,0.2125,improvement
0.75,0.5,20.0,0.292,0.0,0.1,-0.36005434782608686,0.03600543478260869,0.5,0.5908156692618762,0.09081566926187623,9.081566926187623,0.2044,0.2125,improvement
0.75,0.5,20.0,0.293,0.0,0.1,-0.36474852741277747,0.03647485274127775,0.5,0.5919062986855426,0.09190629868554256,9.190629868554257,0.20509999999999998,0.2125,improvement
0.75,0.5,20.0,0.294,0.0,0.1,-0.3694469628286491,0.03694469628286491,0.5,0.592994532283162,0.09299453228316201,9.299453228316201,0.20579999999999998,0.2125,improvement
0.75,0.5,20.0,0.295,0.0,0.1,-0.3741496598639455,0.03741496598639455,0.5,0.5940803335321136,0.09408033353211365,9.408033353211366,0.2065,0.2125,improvement
0.75,0.5,20.0,0.296,0.0,0.1,-0.37885662431941924,0.03788566243194193,0.5,0.59516366622319,0.09516366622318995,9.516366622318994,0.2072,0.2125,improvement
0.75,0.5,20.0,0.297,0.0,0.1,-0.38356786200635484,0.038356786200635484,0.5,0.5962444944656755,0.09624449446567551,9.624449446567551,0.20789999999999997,0.2125,improvement
0.75,0.5,20.0,0.298,0.0,0.1,-0.38828337874659397,0.0388283378746594,0.5,0.5973227826923333,0.0973227826923333,9.73227826923333,0.20859999999999998,0.2125,improvement
0.75,0.5,20.0,0.299,0.0,0.1,-0.3930031803725579,0.03930031803725579,0.5,0.5983984956642994,0.09839849566429937,9.839849566429937,0.20929999999999999,0.2125,improvement
0.75,0.5,20.0,0.3,0.0,0.1,-0.39772727272727265,0.039772727272727265,0.5,0.5994715984758823,0.09947159847588227,9.947159847588228,0.21000000000000002,0.2125,improvement
0.75,0.5,20.0,0.301,0.0,0.1,-0.4024556616643929,0.04024556616643929,0.5,0.6005420565592688,0.10054205655926884,10.054205655926884,0.21069999999999997,0.2125,improvement
0.75,0.5,20.0,0.302,0.0,0.1,-0.40718835304822565,0.040718835304822565,0.5,0.6016098356891326,0.10160983568913262,10.160983568913263,0.21139999999999998,0.2125,improvement
0.75,0.5,20.0,0.303,0.0,0.1,-0.4119253527537551,0.04119253527537551,0.5,0.6026749019871448,0.1026749019871448,10.26749019871448,0.2121,0.2125,improvement
0.75,0.5,20.0,0.304,0.0,0.1,-0.4166666666666667,0.04166666666666667,0.5,0.6037372219263861,0.10373722192638613,10.373722192638613,0.21280000000000002,0.2125,improvement
0.75,0.5,20.0,0.305,0.0,0.1,-0.4214123006833712,0.04214123006833712,0.5,0.6047967623356585,0.10479676233565849,10.479676233565849,0.21349999999999997,0.2125,improvement
0.75,0.5,20.0,0.306,0.0,0.1,-0.4261622607110301,0.04261622607110301,0.5,0.6058534904036978,0.10585349040369785,10.585349040369785,0.2142,0.2125,improvement
0.75,0.5,20.0,0.307,0.0,0.1,-0.4309165526675786,0.043091655266757865,0.5,0.6069073736832813,0.10690737368328129,10.69073736832813,0.2149,0.2125,improvement
0.75,0.5,20.0,0.308,0.0,0.1,-0.4356751824817518,0.04356751824817518,0.5,0.607958380095234,0.10795838009523395,10.795838009523395,0.2156,0.2125,improvement
0.75,0.5,20.0,0.309,0.0,0.1,-0.4404381560931082,0.044043815609310824,0.5,0.6090064779323316,0.10900647793233165,10.900647793233166,0.2163,0.2125,improvement
0.75,0.5,20.0,0.31,0.0,0.1,-0.4452054794520548,0.044520547945205484,0.5,0.6100516358630976,0.11005163586309763,11.005163586309763,0.217,0.2125,improvement
0.75,0.5,20.0,0.311,0.0,0.1,-0.4499771585198721,0.04499771585198721,0.5,0.611093822935495,0.11109382293549497,11.109382293549498,0.2177,0.2125,improvement
0.75,0.5,20.0,0.312,0.0,0.1,-0.45475319926873864,0.04547531992687387,0.5,0.6121330085805119,0.1121330085805119,11.21330085805119,0.2184,0.2125,improvement
0.75,0.5,20.0,0.313,0.0,0.1,-0.4595336076817557,0.04595336076817558,0.5,0.6131691626156408,0.1131691626156408,11.316916261564081,0.2191,0.2125,improvement
0.75,0.5,20.0,0.314,0.0,0.1,-0.4643183897529735,0.04643183897529735,0.5,0.6142022552482488,0.11420225524824879,11.420225524824879,0.2198,0.2125,improvement
0.75,0.5,20.0,0.315,0.0,0.1,-0.4691075514874141,0.04691075514874141,0.5,0.6152322570788399,0.11523225707883988,11.523225707883988,0.2205,0.2125,improvement
0.75,0.5,20.0,0.316,0.0,0.1,-0.47390109890109894,0.047390109890109895,0.5,0.6162591391042105,0.11625913910421048,11.625913910421048,0.2212,0.2125,improvement
0.75,0.5,20.0,0.317,0.0,0.1,-0.47869903802107194,0.0478699038021072,0.5,0.617282872720492,0.11728287272049198,11.728287272049197,0.2219,0.2125,improvement
0.75,0.5,20.0,0.318,0.0,0.1,-0.4835013748854263,0.04835013748854264,0.5,0.618303429726087,0.11830342972608698,11.830342972608697,0.2226,0.2125,improvement
0.75,0.5,20.0,0.319,0.0,0.1,-0.4883081155433287,0.04883081155433287,0.5,0.6193207823244933,0.11932078232449328,11.932078232449328,0.2233,0.2125,improvement
0.75,0.5,20.0,0.32,0.0,0.1,-0.493119266055046,0.049311926605504604,0.5,0.6203349031270182,0.12033490312701822,12.033490312701822,0.22400000000000003,0.2125,improvement
0.75,0.5,20.0,0.321,0.0,0.1,-0.49793483249196874,0.04979348324919688,0.5,0.6213457651553821,0.12134576515538209,12.134576515538209,0.22469999999999998,0.2125,improvement
0.75,0.5,20.0,0.322,0.0,0.1,-0.5027548209366393,0.05027548209366393,0.5,0.6223533418442107,0.12235334184421065,12.235334184421065,0.2254,0.2125,improvement
0.75,0.5,20.0,0.323,0.0,0.1,-0.5075792374827744,0.05075792374827745,0.5,0.6233576070434163,0.12335760704341625,12.335760704341626,0.22610000000000002,0.2125,improvement
0.75,0.5,20.0,0.324,0.0,0.1,-0.5124080882352942,0.05124080882352942,0.5,0.6243585350204672,0.12435853502046723,12.435853502046722,0.22680000000000003,0.2125,improvement
0.75,0.5,20.0,0.325,0.0,0.1,-0.5172413793103449,0.05172413793103449,0.5,0.6253561004625471,0.12535610046254708,12.535610046254709,0.22749999999999998,0.2125,improvement
0.75,0.5,20.0,0.326,0.0,0.1,-0.5220791168353267,0.05220791168353267,0.5,0.6263502784786011,0.12635027847860114,12.635027847860114,0.22820000000000001,0.2125,improvement
0.75,0.5,20.0,0.327,0.0,0.1,-0.5269213069489186,0.05269213069489186,0.5,0.6273410446012717,0.1273410446012717,12.73410446012717,0.22890000000000002,0.2125,improvement
0.75,0.5,20.0,0.328,0.0,0.1,-0.5317679558011051,0.053176795580110514,0.5,0.6283283747887232,0.12832837478872317,12.832837478872317,0.22960000000000003,0.2125,improvement
0.75,0.5,20.0,0.329,0.0,0.1,-0.5366190695532013,0.05366190695532013,0.5,0.6293122454263533,0.12931224542635333,12.931224542635334,0.2303,0.2125,improvement
0.75,0.5,20.0,0.33,0.0,0.1,-0.5414746543778803,0.054147465437788034,0.5,0.630292633328397,0.13029263332839702,13.029263332839703,0.231,0.2125,improvement
0.75,0.5,20.0,0.331,0.0,0.1,-0.5463347164591978,0.054633471645919786,0.5,0.6312695157394153,0.13126951573941525,13.126951573941525,0.23170000000000002,0.2125,improvement
0.75,0.5,20.0,0.332,0.0,0.1,-0.55119926199262,0.05511992619926201,0.5,0.6322428703356768,0.13224287033567683,13.224287033567684,0.23240000000000002,0.2125,improvement
0.75,0.5,20.0,0.333,0.0,0.1,-0.5560682971850486,0.05560682971850486,0.5,0.6332126752264269,0.13321267522642688,13.321267522642689,0.2331,0.2125,improvement
0.75,0.5,20.0,0.334,0.0,0.1,-0.5609418282548478,0.056094182825484784,0.5,0.6341789089550478,0.1341789089550478,13.41789089550478,0.2338,0.2125,improvement
0.75,0.5,20.0,0.335,0.0,0.1,-0.5658198614318707,0.056581986143187074,0.5,0.6351415505001087,0.13514155050010868,13.514155050010867,0.23450000000000001,0.2125,improvement
0.75,0.5,20.0,0.336,0.0,0.1,-0.5707024029574863,0.057070240295748635,0.5,0.6361005792763071,0.13610057927630714,13.610057927630715,0.23520000000000002,0.2125,improvement
0.75,0.5,20.0,0.337,0.0,0.1,-0.5755894590846047,0.057558945908460474,0.5,0.6370559751353009,0.13705597513530088,13.705597513530087,0.2359,0.2125,improvement
0.75,0.5,20.0,0.338,0.0,0.1,-0.580481036077706,0.0580481036077706,0.5,0.6380077183664326,0.13800771836643255,13.800771836643255,0.2366,0.2125,improvement
0.75,0.5,20.0,0.339,0.0,0.1,-0.5853771402128645,0.05853771402128645,0.5,0.6389557896973459,0.1389557896973459,13.89557896973459,0.2373,0.2125,improvement
0.75,0.5,20.0,0.34,0.0,0.1,-0.5902777777777779,0.05902777777777779,0.5,0.6399001702944958,0.13990017029449575,13.990017029449575,0.23800000000000004,0.2125,improvement
0.75,0.5,20.0,0.341,0.0,0.1,-0.5951829550717926,0.05951829550717927,0.5,0.6408408417635509,0.14084084176355094,14.084084176355095,0.2387,0.2125,improvement
0.75,0.5,20.0,0.342,0.0,0.1,-0.6000926784059316,0.06000926784059316,0.5,0.6417777861496927,0.14177778614969272,14.177778614969272,0.2394,0.2125,improvement
0.75,0.5,20.0,0.343,0.0,0.1,-0.6050069541029208,0.060500695410292085,0.5,0.6427109859378065,0.1427109859378065,14.271098593780652,0.24010000000000004,0.2125,improvement
0.75,0.5,20.0,0.34400000000000003,0.0,0.1,-0.6099257884972173,0.060992578849721736,0.5,0.6436404240525712,0.14364042405257116,14.364042405257116,0.24080000000000004,0.2125,improvement
0.75,0.5,20.0,0.34500000000000003,0.0,0.1,-0.6148491879350348,0.061484918793503485,0.5,0.644566083858444,0.14456608385844405,14.456608385844405,0.2415,0.2125,improvement
0.75,0.5,20.0,0.34600000000000003,0.0,0.1,-0.6197771587743734,0.06197771587743735,0.5,0.6454879491595442,0.14548794915954422,14.54879491595442,0.24220000000000003,0.2125,improvement
0.75,0.5,20.0,0.34700000000000003,0.0,0.1,-0.6247097073850442,0.06247097073850442,0.5,0.6464060041994333,0.14640600419943328,14.640600419943329,0.24290000000000003,0.2125,improvement
0.75,0.5,20.0,0.34800000000000003,0.0,0.1,-0.6296468401486991,0.06296468401486992,0.5,0.6473202336607958,0.14732023366079583,14.732023366079583,0.24360000000000004,0.2125,improvement
0.75,0.5,20.0,0.34900000000000003,0.0,0.1,-0.6345885634588565,0.06345885634588565,0.5,0.648230622665021,0.14823062266502096,14.823062266502095,0.24430000000000002,0.2125,improvement
0.75,0.5,20.0,0.35000000000000003,0.0,0.1,-0.6395348837209305,0.06395348837209305,0.5,0.6491371567716842,0.14913715677168415,14.913715677168415,0.24500000000000002,0.2125,improvement
0.75,0.5,20.0,0.35100000000000003,0.0,0.1,-0.6444858073522569,0.06444858073522569,0.5,0.6500398219779309,0.15003982197793087,15.003982197793086,0.24570000000000003,0.2125,improvement
0.75,0.5,20.0,0.352,0.0,0.1,-0.6494413407821228,0.06494413407821228,0.5,0.6509386047177657,0.15093860471776566,15.093860471776566,0.2464,0.2125,improvement
0.75,0.5,20.0,0.353,0.0,0.1,-0.6544014904517931,0.06544014904517931,0.5,0.6518334918612436,0.15183349186124362,15.183349186124362,0.24710000000000001,0.2125,improvement
0.75,0.5,20.0,0.354,0.0,0.1,-0.6593662628145386,0.06593662628145386,0.5,0.6527244707135682,0.1527244707135682,15.27244707135682,0.24779999999999996,0.2125,improvement
0.75,0.5,20.0,0.355,0.0,0.1,-0.6643356643356643,0.06643356643356643,0.5,0.6536115290140958,0.1536115290140958,15.36115290140958,0.2485,0.2125,improvement
0.75,0.5,20.0,0.356,0.0,0.1,-0.6693097014925372,0.06693097014925373,0.5,0.6544946549352479,0.15449465493524794,15.449465493524794,0.2492,0.2125,improvement
0.75,0.5,20.0,0.357,0.0,0.1,-0.6742883807746151,0.06742883807746151,0.5,0.6553738370813328,0.1553738370813328,15.537383708133278,0.24989999999999996,0.2125,improvement
0.75,0.5,20.0,0.358,0.0,0.1,-0.6792717086834733,0.06792717086834733,0.5,0.6562490644872769,0.15624906448727693,15.624906448727693,0.2506,0.2125,improvement
0.75,0.5,20.0,0.359,0.0,0.1,-0.6842596917328351,0.06842596917328352,0.5,0.6571203266172682,0.15712032661726816,15.712032661726816,0.25129999999999997,0.2125,improvement
0.75,0.5,20.0,0.36,0.0,0.1,-0.6892523364485981,0.0689252336448598,0.5,0.6579876133633119,0.1579876133633119,15.798761336331191,0.252,0.2125,improvement
0.75,0.5,20.0,0.361,0.0,0.1,-0.6942496493688638,0.06942496493688638,0.5,0.6588509150437012,0.1588509150437012,15.88509150437012,0.25270000000000004,0.2125,improvement
0.75,0.5,20.0,0.362,0.0,0.1,-0.6992516370439663,0.06992516370439664,0.5,0.6597102224014023,0.1597102224014023,15.97102224014023,0.25339999999999996,0.2125,improvement
0.75,0.5,20.0,0.363,0.0,0.1,-0.7042583060364997,0.07042583060364997,0.5,0.6605655266023567,0.16056552660235668,16.056552660235667,0.2541,0.2125,improvement
0.75,0.5,20.0,0.364,0.0,0.1,-0.7092696629213482,0.07092696629213482,0.5,0.6614168192337024,0.16141681923370244,16.141681923370243,0.2548,0.2125,improvement
0.75,0.5,20.0,0.365,0.0,0.1,-0.7142857142857143,0.07142857142857144,0.5,0.662264092301913,0.16226409230191297,16.226409230191297,0.25549999999999995,0.2125,improvement
0.75,0.5,20.0,0.366,0.0,0.1,-0.7193064667291471,0.07193064667291471,0.5,0.663107338230859,0.163107338230859,16.310733823085897,0.2562,0.2125,improvement
0.75,0.5,20.0,0.367,0.0,0.1,-0.7243319268635724,0.07243319268635724,0.5,0.6639465498597914,0.1639465498597914,16.39465498597914,0.2569,0.2125,improvement
0.75,0.5,20.0,0.368,0.0,0.1,-0.7293621013133208,0.07293621013133209,0.5,0.6647817204412478,0.16478172044124784,16.478172044124783,0.2576,0.2125,improvement
0.75,0.5,20.0,0.369,0.0,0.1,-0.7343969967151571,0.07343969967151572,0.5,0.6656128436388856,0.16561284363888562,16.56128436388856,0.25830000000000003,0.2125,improvement
0.75,0.5,20.0,0.37,0.0,0.1,-0.7394366197183099,0.07394366197183098,0.5,0.6664399135252405,0.16643991352524046,16.643991352524047,0.259,0.2125,improvement
0.75,0.5,20.0,0.371,0.0,0.1,-0.7444809769844998,0.07444809769844998,0.5,0.667262924579413,0.16726292457941305,16.726292457941305,0.2597,0.2125,improvement
0.75,0.5,20.0,0.372,0.0,0.1,-0.7495300751879699,0.074953007518797,0.5,0.6680818716846864,0.16808187168468636,16.808187168468635,0.2604,0.2125,improvement
0.75,0.5,20.0,0.373,0.0,0.1,-0.7545839210155149,0.07545839210155149,0.5,0.6688967501260734,0.1688967501260734,16.88967501260734,0.2611,0.2125,improvement
0.75,0.5,20.0,0.374,0.0,0.1,-0.7596425211665099,0.07596425211665099,0.5,0.6697075555877969,0.16970755558779693,16.970755558779693,0.2618,0.2125,improvement
0.75,0.5,20.0,0.375,0.0,0.1,-0.7647058823529411,0.07647058823529412,0.5,0.6705142841507052,0.17051428415070524,17.051428415070525,0.2625,0.2125,improvement
0.75,0.5,20.0,0.376,0.0,0.1,-0.769774011299435,0.0769774011299435,0.5,0.6713169322896221,0.17131693228962208,17.13169322896221,0.2632,0.2125,improvement
0.75,0.5,20.0,0.377,0.0,0.1,-0.7748469147432877,0.07748469147432878,0.5,0.6721154968706338,0.17211549687063377,17.211549687063375,0.2639,0.2125,improvement
0.75,0.5,20.0,0.378,0.0,0.1,-0.7799245994344958,0.07799245994344958,0.5,0.6729099751483165,0.17290997514831652,17.290997514831652,0.2646,0.2125,improvement
0.75,0.5,20.0,0.379,0.0,0.1,-0.785007072135785,0.0785007072135785,0.5,0.6737003647629023,0.1737003647629023,17.37003647629023,0.2653,0.2125,improvement
0.75,0.5,20.0,0.38,0.0,0.1,-0.7900943396226415,0.07900943396226416,0.5,0.6744866637373877,0.17448666373738775,17.448666373738774,0.266,0.2125,improvement
0.75,0.5,20.0,0.381,0.0,0.1,-0.7951864086833413,0.07951864086833414,0.5,0.6752688704745864,0.1752688704745864,17.52688704745864,0.2667,0.2125,improvement
0.75,0.5,20.0,0.382,0.0,0.1,-0.8002832861189803,0.08002832861189803,0.5,0.6760469837541254,0.17604698375412542,17.604698375412543,0.26739999999999997,0.2125,improvement
0.75,0.5,20.0,0.383,0.0,0.1,-0.805384978743505,0.08053849787435051,0.5,0.6768210027293895,0.1768210027293895,17.68210027293895,0.2681,0.2125,improvement
0.75,0.5,20.0,0.384,0.0,0.1,-0.8104914933837429,0.0810491493383743,0.5,0.6775909269244125,0.17759092692441247,17.759092692441246,0.26880000000000004,0.2125,improvement
0.75,0.5,20.0,0.385,0.0,0.1,-0.8156028368794326,0.08156028368794327,0.5,0.678356756230718,0.178356756230718,17.8356756230718,0.2695,0.2125,improvement
0.75,0.5,20.0,0.386,0.0,0.1,-0.8207190160832546,0.08207190160832546,0.5,0.6791184909041136,0.17911849090411358,17.91184909041136,0.2702,0.2125,improvement
0.75,0.5,20.0,0.387,0.0,0.1,-0.8258400378608614,0.08258400378608614,0.5,0.679876131561435,0.179876131561435,17.9876131561435,0.27090000000000003,0.2125,improvement
0.75,0.5,20.0,0.388,0.0,0.1,-0.8309659090909091,0.08309659090909091,0.5,0.6806296791772468,0.18062967917724682,18.06296791772468,0.2716,0.2125,improvement
0.75,0.5,20.0,0.389,0.0,0.1,-0.8360966366650878,0.0836096636665088,0.5,0.6813791350804976,0.18137913508049763,18.137913508049763,0.2723,0.2125,improvement
0.75,0.5,20.0,0.39,0.0,0.1,-0.8412322274881517,0.08412322274881517,0.5,0.6821245009511334,0.18212450095113342,18.21245009511334,0.273,0.2125,improvement
0.75,0.5,20.0,0.391,0.0,0.1,-0.8463726884779517,0.08463726884779517,0.5,0.6828657788166708,0.18286577881667077,18.28657788166708,0.2737,0.2125,improvement
0.75,0.5,20.0,0.392,0.0,0.1,-0.8515180265654649,0.0851518026565465,0.5,0.6836029710487281,0.18360297104872814,18.360297104872814,0.27440000000000003,0.2125,improvement
0.75,0.5,20.0,0.393,0.0,0.1,-0.8566682486948267,0.08566682486948268,0.5,0.6843360803595228,0.18433608035952276,18.433608035952275,0.2751,0.2125,improvement
0.75,0.5,20.0,0.394,0.0,0.1,-0.8618233618233619,0.0861823361823362,0.5,0.6850651097983278,0.1850651097983278,18.50651097983278,0.2758,0.2125,improvement
0.75,0.5,20.0,0.395,0.0,0.1,-0.8669833729216153,0.08669833729216153,0.5,0.6857900627478973,0.18579006274789733,18.579006274789734,0.2765,0.2125,improvement
0.75,0.5,20.0,0.396,0.0,0.1,-0.872148288973384,0.0872148288973384,0.5,0.6865109429208565,0.18651094292085646,18.651094292085645,0.2772,0.2125,improvement
0.75,0.5,20.0,0.397,0.0,0.1,-0.8773181169757491,0.08773181169757492,0.5,0.6872277543560599,0.18722775435605987,18.72277543560599,0.2779,0.2125,improvement
0.75,0.5,20.0,0.398,0.0,0.1,-0.8824928639391058,0.08824928639391058,0.5,0.6879405014149212,0.18794050141492125,18.794050141492125,0.2786,0.2125,improvement
0.75,0.5,20.0,0.399,0.0,0.1,-0.8876725368871967,0.08876725368871968,0.5,0.6886491887777122,0.1886491887777122,18.86491887777122,0.2793,0.2125,improvement
0.75,0.5,20.0,0.4,0.0,0.1,-0.8928571428571429,0.0892857142857143,0.5,0.6893538214398351,0.18935382143983515,18.935382143983514,0.28,0.2125,improvement
0.75,0.5,20.0,0.401,0.0,0.1,-0.8980466888994759,0.08980466888994759,0.5,0.6900544047080696,0.19005440470806956,19.005440470806956,0.28070000000000006,0.2125,improvement
0.75,0.5,20.0,0.402,0.0,0.1,-0.9032411820781698,0.090324118207817,0.5,0.690750944196795,0.19075094419679495,19.075094419679495,0.2814,0.2125,improvement
0.75,0.5,20.0,0.403,0.0,0.1,-0.9084406294706725,0.09084406294706726,0.5,0.6914434458241889,0.19144344582418893,19.144344582418892,0.2821,0.2125,improvement
0.75,0.5,20.0,0.404,0.0,0.1,-0.9136450381679391,0.09136450381679391,0.5,0.6921319158084065,0.1921319158084065,19.21319158084065,0.28280000000000005,0.2125,improvement
0.75,0.5,20.0,0.405,0.0,0.1,-0.9188544152744632,0.09188544152744632,0.5,0.6928163606637365,0.19281636066373653,19.281636066373654,0.2835,0.2125,improvement
0.75,0.5,20.0,0.406,0.0,0.1,-0.9240687679083096,0.09240687679083097,0.5,0.6934967871967416,0.19349678719674157,19.349678719674156,0.2842,0.2125,improvement
0.75,0.5,20.0,0.40700000000000003,0.0,0.1,-0.9292881032011469,0.09292881032011469,0.5,0.694173202502379,0.19417320250237902,19.4173202502379,0.28490000000000004,0.2125,improvement
0.75,0.5,20.0,0.40800000000000003,0.0,0.1,-0.9345124282982793,0.09345124282982793,0.5,0.6948456139601078,0.1948456139601078,19.48456139601078,0.2856,0.2125,improvement
0.75,0.5,20.0,0.40900000000000003,0.0,0.1,-0.9397417503586801,0.09397417503586802,0.5,0.6955140292299791,0.19551402922997907,19.55140292299791,0.28630000000000005,0.2125,improvement
0.75,0.5,20.0,0.41000000000000003,0.0,0.1,-0.9449760765550241,0.09449760765550241,0.5,0.6961784562487144,0.19617845624871444,19.617845624871443,0.28700000000000003,0.2125,improvement
0.75,0.5,20.0,0.41100000000000003,0.0,0.1,-0.9502154140737197,0.09502154140737197,0.5,0.6968389032257726,0.19683890322577258,19.68389032257726,0.2877,0.2125,improvement
0.75,0.5,20.0,0.41200000000000003,0.0,0.1,-0.9554597701149427,0.09554597701149427,0.5,0.6974953786394049,0.19749537863940492,19.749537863940493,0.28840000000000005,0.2125,improvement
0.75,0.5,20.0,0.41300000000000003,0.0,0.1,-0.9607091518926691,0.09607091518926691,0.5,0.698147891232702,0.19814789123270204,19.814789123270206,0.2891,0.2125,improvement
0.75,0.5,20.0,0.41400000000000003,0.0,0.1,-0.965963566634708,0.0965963566634708,0.5,0.6987964500096324,0.19879645000963242,19.879645000963244,0.2898,0.2125,improvement
0.75,0.5,20.0,0.41500000000000004,0.0,0.1,-0.971223021582734,0.0971223021582734,0.5,0.6994410642310742,0.19944106423107422,19.94410642310742,0.29050000000000004,0.2125,improvement
0.75,0.5,20.0,0.41600000000000004,0.0,0.1,-0.9764875239923225,0.09764875239923226,0.5,0.700081743410842,0.20008174341084195,20.008174341084196,0.2912,0.2125,improvement
0.75,0.5,20.0,0.417,0.0,0.1,-0.9817570811329811,0.09817570811329812,0.5,0.7007184973117088,0.20071849731170877,20.071849731170875,0.2919,0.2125,improvement
0.75,0.5,20.0,0.418,0.0,0.1,-0.9870317002881843,0.09870317002881844,0.5,0.7013513359414254,0.2013513359414254,20.13513359414254,0.29259999999999997,0.2125,improvement
0.75,0.5,20.0,0.419,0.0,0.1,-0.992311388755406,0.09923113887554061,0.5,0.7019802695487378,0.20198026954873782,20.198026954873782,0.2933,0.2125,improvement
0.75,0.5,20.0,0.42,0.0,0.1,-0.9975961538461536,0.09975961538461536,0.5,0.7026053086194044,0.2026053086194044,20.26053086194044,0.294,0.2125,improvement
0.75,0.5,20.0,0.421,0.0,0.1,-1.002886002886003,0.1002886002886003,0.5,0.7032264638722128,0.20322646387221277,20.322646387221276,0.2947,0.2125,improvement
0.75,0.5,20.0,0.422,0.0,0.1,-1.0081809432146291,0.10081809432146292,0.5,0.7038437462549993,0.20384374625499935,20.384374625499934,0.2954,0.2125,improvement
0.75,0.5,20.0,0.423,0.0,0.1,-1.013480982185845,0.10134809821858451,0.5,0.704457166940671,0.20445716694067095,20.445716694067094,0.2961,0.2125,improvement
0.75,0.5,20.0,0.424,0.0,0.1,-1.01878612716763,0.101878612716763,0.5,0.7050667373232306,0.20506673732323055,20.506673732323055,0.2968,0.2125,improvement
0.75,0.5,20.0,0.425,0.0,0.1,-1.0240963855421685,0.10240963855421686,0.5,0.7056724690138079,0.20567246901380787,20.567246901380788,0.2975,0.2125,improvement
0.75,0.5,20.0,0.426,0.0,0.1,-1.0294117647058822,0.10294117647058823,0.5,0.7062743738366963,0.20627437383669633,20.627437383669633,0.29819999999999997,0.2125,improvement
0.75,0.5,20.0,0.427,0.0,0.1,-1.0347322720694645,0.10347322720694646,0.5,0.7068724638253969,0.20687246382539692,20.68724638253969,0.2989,0.2125,improvement
0.75,0.5,20.0,0.428,0.0,0.1,-1.040057915057915,0.1040057915057915,0.5,0.7074667512186692,0.2074667512186692,20.74667512186692,0.2996,0.2125,improvement
0.75,0.5,20.0,0.429,0.0,0.1,-1.0453887011105747,0.10453887011105747,0.5,0.7080572484565941,0.20805724845659412,20.805724845659412,0.3003,0.2125,improvement
0.75,0.5,20.0,0.43,0.0,0.1,-1.0507246376811592,0.10507246376811592,0.5,0.7086439681766425,0.20864396817664255,20.864396817664254,0.301,0.2125,improvement
0.75,0.5,20.0,0.431,0.0,0.1,-1.056065732237796,0.1056065732237796,0.5,0.7092269232097594,0.20922692320975944,20.922692320975944,0.30169999999999997,0.2125,improvement
0.75,0.5,20.0,0.432,0.0,0.1,-1.061411992263056,0.1061411992263056,0.5,0.7098061265764564,0.20980612657645636,20.980612657645636,0.3024,0.2125,improvement
0.75,0.5,20.0,0.433,0.0,0.1,-1.0667634252539913,0.10667634252539913,0.5,0.7103815914829194,0.21038159148291935,21.038159148291935,0.30310000000000004,0.2125,improvement
0.75,0.5,20.0,0.434,0.0,0.1,-1.0721200387221685,0.10721200387221685,0.5,0.7109533313171288,0.2109533313171288,21.095333131712877,0.30379999999999996,0.2125,improvement
0.75,0.5,20.0,0.435,0.0,0.1,-1.0774818401937047,0.10774818401937047,0.5,0.7115213596449951,0.21152135964499508,21.152135964499507,0.3045,0.2125,improvement
0.75,0.5,20.0,0.436,0.0,0.1,-1.0828488372093021,0.10828488372093022,0.5,0.7120856902065091,0.21208569020650914,21.208569020650913,0.3052,0.2125,improvement
0.75,0.5,20.0,0.437,0.0,0.1,-1.0882210373242853,0.10882210373242854,0.5,0.7126463369119096,0.2126463369119096,21.26463369119096,0.3059,0.2125,improvement
0.75,0.5,20.0,0.438,0.0,0.1,-1.0935984481086323,0.10935984481086324,0.5,0.7132033138378671,0.21320331383786706,21.320331383786705,0.3066,0.2125,improvement
0.75,0.5,20.0,0.439,0.0,0.1,-1.098981077147016,0.10989810771470161,0.5,0.713756635223686,0.21375663522368604,21.375663522368605,0.3073,0.2125,improvement
0.75,0.5,20.0,0.44,0.0,0.1,-1.1043689320388348,0.11043689320388349,0.5,0.7143063154675261,0.2143063154675261,21.43063154675261,0.308,0.2125,improvement
0.75,0.5,20.0,0.441,0.0,0.1,-1.1097620203982517,0.11097620203982517,0.5,0.714852369122642,0.21485236912264205,21.485236912264206,0.30870000000000003,0.2125,improvement
0.75,0.5,20.0,0.442,0.0,0.1,-1.1151603498542275,0.11151603498542276,0.5,0.7153948108936443,0.21539481089364432,21.539481089364433,0.3094,0.2125,improvement
0.75,0.5,20.0,0.443,0.0,0.1,-1.1205639280505593,0.11205639280505593,0.5,0.7159336556327804,0.21593365563278044,21.593365563278045,0.3101,0.2125,improvement
0.75,0.5,20.0,0.444,0.0,0.1,-1.1259727626459144,0.11259727626459144,0.5,0.7164689183362385,0.2164689183362385,21.646891833623847,0.3108,0.2125,improvement
0.75,0.5,20.0,0.445,0.0,0.1,-1.131386861313869,0.11313868613138689,0.5,0.7170006141404717,0.21700061414047167,21.700061414047166,0.3115,0.2125,improvement
0.75,0.5,20.0,0.446,0.0,0.1,-1.1368062317429404,0.11368062317429405,0.5,0.7175287583185466,0.21752875831854657,21.752875831854656,0.3122,0.2125,improvement
0.75,0.5,20.0,0.447,0.0,0.1,-1.1422308816366296,0.11422308816366296,0.5,0.7180533662765161,0.21805336627651606,21.805336627651606,0.3129,0.2125,improvement
0.75,0.5,20.0,0.448,0.0,0.1,-1.1476608187134503,0.11476608187134503,0.5,0.7185744535498133,0.2185744535498133,21.85744535498133,0.3136,0.2125,improvement
0.75,0.5,20.0,0.449,0.0,0.1,-1.1530960507069723,0.11530960507069724,0.5,0.7190920357996737,0.21909203579967373,21.909203579967375,0.3143,0.2125,improvement
0.75,0.5,20.0,0.45,0.0,0.1,-1.1585365853658538,0.11585365853658539,0.5,0.719606128809581,0.21960612880958097,21.960612880958095,0.315,0.2125,improvement
0.75,0.5,20.0,0.451,0.0,0.1,-1.1639824304538802,0.11639824304538803,0.5,0.7201167484817379,0.2201167484817379,22.01167484817379,0.3157,0.2125,improvement
0.75,0.5,20.0,0.452,0.0,0.1,-1.16943359375,0.116943359375,0.5,0.7206239108335653,0.22062391083356525,22.062391083356523,0.3164,0.2125,improvement
0.75,0.5,20.0,0.453,0.0,0.1,-1.1748900830483637,0.11748900830483638,0.5,0.7211276319942272,0.22112763199422725,22.112763199422723,0.31710000000000005,0.2125,improvement
0.75,0.5,20.0,0.454,0.0,0.1,-1.1803519061583576,0.11803519061583577,0.5,0.7216279282011833,0.22162792820118327,22.162792820118327,0.31779999999999997,0.2125,improvement
0.75,0.5,20.0,0.455,0.0,0.1,-1.1858190709046457,0.11858190709046457,0.5,0.722124815796769,0.22212481579676902,22.2124815796769,0.3185,0.2125,improvement
0.75,0.5,20.0,0.456,0.0,0.1,-1.1912915851272017,0.11912915851272017,0.5,0.722618311224805,0.22261831122480502,22.2618311224805,0.31920000000000004,0.2125,improvement
0.75,0.5,20.0,0.457,0.0,0.1,-1.196769456681351,0.1196769456681351,0.5,0.7231084310272338,0.22310843102723377,22.310843102723375,0.3199,0.2125,improvement
0.75,0.5,20.0,0.458,0.0,0.1,-1.2022526934378062,0.12022526934378062,0.5,0.7235951918407875,0.22359519184078747,22.359519184078746,0.3206,0.2125,improvement
0.75,0.5,20.0,0.459,0.0,0.1,-1.2077413032827047,0.12077413032827047,0.5,0.7240786103936832,0.22407861039368315,22.407861039368314,0.32130000000000003,0.2125,improvement
0.75,0.5,20.0,0.46,0.0,0.1,-1.2132352941176472,0.12132352941176472,0.5,0.72455870350235,0.22455870350234997,22.455870350234996,0.322,0.2125,improvement
0.75,0.5,20.0,0.461,0.0,0.1,-1.2187346738597356,0.12187346738597356,0.5,0.7250354880681854,0.2250354880681854,22.50354880681854,0.32270000000000004,0.2125,improvement
0.75,0.5,20.0,0.462,0.0,0.1,-1.2242394504416094,0.12242394504416095,0.5,0.7255089810743426,0.22550898107434258,22.550898107434257,0.3234,0.2125,improvement
0.75,0.5,20.0,0.463,0.0,0.1,-1.2297496318114878,0.12297496318114878,0.5,0.7259791995825492,0.2259791995825492,22.59791995825492,0.3241,0.2125,improvement
0.75,0.5,20.0,0.464,0.0,0.1,-1.2352652259332024,0.12352652259332025,0.5,0.7264461607299564,0.22644616072995638,22.64461607299564,0.32480000000000003,0.2125,improvement
0.75,0.5,20.0,0.465,0.0,0.1,-1.240786240786241,0.12407862407862409,0.5,0.7269098817260211,0.2269098817260211,22.69098817260211,0.3255,0.2125,improvement
0.75,0.5,20.0,0.466,0.0,0.1,-1.246312684365782,0.1246312684365782,0.5,0.7273703798494185,0.22737037984941855,22.737037984941853,0.3262,0.2125,improvement
0.75,0.5,20.0,0.467,0.0,0.1,-1.2518445646827352,0.12518445646827353,0.5,0.7278276724449879,0.22782767244498792,22.782767244498793,0.3269,0.2125,improvement
0.75,0.5,20.0,0.468,0.0,0.1,-1.2573818897637796,0.12573818897637798,0.5,0.7282817769207106,0.2282817769207106,22.828177692071062,0.3276,0.2125,improvement
0.75,0.5,20.0,0.46900000000000003,0.0,0.1,-1.2629246676514037,0.12629246676514036,0.5,0.7287327107447203,0.22873271074472035,22.873271074472036,0.32830000000000004,0.2125,improvement
0.75,0.5,20.0,0.47000000000000003,0.0,0.1,-1.2684729064039408,0.1268472906403941,0.5,0.7291804914423468,0.22918049144234676,22.918049144234676,0.329,0.2125,improvement
0.75,0.5,20.0,0.47100000000000003,0.0,0.1,-1.2740266140956138,0.12740266140956139,0.5,0.7296251365931921,0.22962513659319206,22.962513659319207,0.3297,0.2125,improvement
0.75,0.5,20.0,0.47200000000000003,0.0,0.1,-1.2795857988165682,0.12795857988165682,0.5,0.7300666638282409,0.23006666382824092,23.006666382824093,0.3304,0.2125,improvement
0.75,0.5,20.0,0.47300000000000003,0.0,0.1,-1.2851504686729158,0.1285150468672916,0.5,0.7305050908270029,0.23050509082700288,23.050509082700287,0.33110000000000006,0.2125,improvement
0.75,0.5,20.0,0.47400000000000003,0.0,0.1,-1.290720631786772,0.12907206317867723,0.5,0.7309404353146904,0.23094043531469044,23.094043531469044,0.3318,0.2125,improvement
0.75,0.5,20.0,0.47500000000000003,0.0,0.1,-1.2962962962962965,0.12962962962962965,0.5,0.7313727150594284,0.23137271505942836,23.137271505942834,0.3325,0.2125,improvement
0.75,0.5,20.0,0.47600000000000003,0.0,0.1,-1.3018774703557314,0.13018774703557315,0.5,0.731801947869499,0.23180194786949904,23.180194786949905,0.33320000000000005,0.2125,improvement
0.75,0.5,20.0,0.47700000000000004,0.0,0.1,-1.3074641621354428,0.1307464162135443,0.5,0.7322281515906203,0.23222815159062027,23.222815159062026,0.33390000000000003,0.2125,improvement
0.75,0.5,20.0,0.47800000000000004,0.0,0.1,-1.3130563798219583,0.13130563798219583,0.5,0.7326513441032579,0.23265134410325794,23.265134410325793,0.3346,0.2125,improvement
0.75,0.5,20.0,0.47900000000000004,0.0,0.1,-1.3186541316180111,0.13186541316180111,0.5,0.7330715433199727,0.2330715433199727,23.30715433199727,0.33530000000000004,0.2125,improvement
0.75,0.5,20.0,0.48,0.0,0.1,-1.324257425742574,0.1324257425742574,0.5,0.7334887671828005,0.23348876718280054,23.348876718280053,0.33599999999999997,0.2125,improvement
0.75,0.5,20.0,0.481,0.0,0.1,-1.329866270430906,0.1329866270430906,0.5,0.7339030336606684,0.23390303366066845,23.390303366066846,0.3367,0.2125,improvement
0.75,0.5,20.0,0.482,0.0,0.1,-1.3354806739345888,0.1335480673934589,0.5,0.7343143607468436,0.23431436074684364,23.431436074684363,0.3374,0.2125,improvement
0.75,0.5,20.0,0.483,0.0,0.1,-1.3411006445215667,0.13411006445215667,0.5,0.7347227664564165,0.23472276645641654,23.472276645641653,0.33809999999999996,0.2125,improvement
0.75,0.5,20.0,0.484,0.0,0.1,-1.3467261904761905,0.13467261904761904,0.5,0.7351282688238212,0.2351282688238212,23.51282688238212,0.3388,0.2125,improvement
0.75,0.5,20.0,0.485,0.0,0.1,-1.3523573200992554,0.13523573200992553,0.5,0.7355308859003857,0.23553088590038573,23.553088590038573,0.3395,0.2125,improvement
0.75,0.5,20.0,0.486,0.0,0.1,-1.3579940417080434,0.13579940417080436,0.5,0.7359306357519211,0.23593063575192108,23.593063575192108,0.3402,0.2125,improvement
0.75,0.5,20.0,0.487,0.0,0.1,-1.3636363636363638,0.13636363636363638,0.5,0.7363275364563415,0.23632753645634152,23.632753645634153,0.3409,0.2125,improvement
0.75,0.5,20.0,0.488,0.0,0.1,-1.3692842942345924,0.13692842942345926,0.5,0.7367216061013208,0.23672160610132076,23.672160610132075,0.3416,0.2125,improvement
0.75,0.5,20.0,0.489,0.0,0.1,-1.3749378418697162,0.13749378418697164,0.5,0.7371128627819827,0.23711286278198274,23.711286278198273,0.3423,0.2125,improvement
0.75,0.5,20.0,0.49,0.0,0.1,-1.3805970149253732,0.13805970149253732,0.5,0.7375013245986257,0.23750132459862572,23.75013245986257,0.34299999999999997,0.2125,improvement
0.75,0.5,20.0,0.491,0.0,0.1,-1.3862618218018916,0.13862618218018916,0.5,0.7378870096544812,0.23788700965448117,23.78870096544812,0.3437,0.2125,improvement
0.75,0.5,20.0,0.492,0.0,0.1,-1.3919322709163346,0.13919322709163348,0.5,0.7382699360535067,0.23826993605350666,23.826993605350665,0.3444,0.2125,improvement
0.75,0.5,20.0,0.493,0.0,0.1,-1.3976083707025408,0.13976083707025408,0.5,0.7386501218982136,0.23865012189821355,23.865012189821357,0.3451,0.2125,improvement
0.75,0.5,20.0,0.494,0.0,0.1,-1.4032901296111664,0.14032901296111663,0.5,0.7390275852875277,0.23902758528752766,23.902758528752766,0.3458,0.2125,improvement
0.75,0.5,20.0,0.495,0.0,0.1,-1.4089775561097257,0.1408977556109726,0.5,0.7394023443146844,0.23940234431468443,23.940234431468443,0.3465,0.2125,improvement
0.75,0.5,20.0,0.496,0.0,0.1,-1.4146706586826348,0.1414670658682635,0.5,0.7397744170651578,0.23977441706515779,23.97744170651578,0.3472,0.2125,improvement
0.75,0.5,20.0,0.497,0.0,0.1,-1.420369445831253,0.1420369445831253,0.5,0.7401438216146232,0.24014382161462322,24.014382161462322,0.3479,0.2125,improvement
0.75,0.5,20.0,0.498,0.0,0.1,-1.4260739260739261,0.1426073926073926,0.5,0.7405105760269541,0.24051057602695414,24.051057602695415,0.34859999999999997,0.2125,improvement
0.75,0.5,20.0,0.499,0.0,0.1,-1.4317841079460272,0.14317841079460272,0.5,0.7408746983522512,0.24087469835225117,24.087469835225118,0.3493,0.2125,improvement
0.75,0.5,20.0,0.5,0.0,0.1,-1.4375,0.14375000000000002,0.5,0.7412362066249055,0.24123620662490552,24.123620662490552,0.35,0.2125,improvement
